2801 836 3250 2042 3042 583 363 1533 342 1662 
2243 2065 1013 1721 1789 1013 1721 1013 1721 2327 
3241 1668 1899 1668 2103 1668 2103 1668 165 1668 
2758 2323 2061 2054 2057 2054 2057 2061 1135 2063 
2696 840 13 841 13 841 13 1447 841 13 
1431 2982 275 2064 275 2064 275 2064 275 2064 
1334 896 227 896 227 896 227 896 441 442 
1246 2064 1757 2066 2069 2066 2069 2066 2069 2066 
2742 390 789 2052 571 1518 322 1593 407 328 
249 407 314 63 314 571 1518 571 1518 571 
2253 618 1433 932 1433 932 701 932 701 932 
1016 2327 2141 2475 2141 2475 2213 2113 177 1213 
2297 2117 2296 372 1450 2296 2297 2296 2297 2296 
447 1336 514 512 514 513 514 512 513 512 
1689 1546 1689 1671 1740 340 1524 327 376 327 
233 332 973 233 254 533 207 15 142 533 
27 20 21 14 172 5 27 109 27 14 
396 540 239 36 380 351 380 351 380 351 
669 712 1340 725 1340 712 727 378 267 37 
491 1433 941 1703 1186 2514 1186 1169 1186 1654 
2385 2295 1785 2 2859 74 2390 1707 1431 1707 
985 836 1331 836 1331 836 1331 836 1831 2042 
369 271 312 2569 99 101 99 101 499 1778 
1791 2069 471 2066 3220 74 1209 6 1367 2252 
1487 10 1483 826 561 826 561 826 561 826 
2568 661 606 2002 606 661 50 384 387 315 
433 1668 2103 1668 1601 1668 2103 1668 1601 1958 
517 1668 2932 1668 2971 1668 1899 1668 1601 1781 
3061 296 187 791 1351 791 1351 791 1351 791 
1039 838 2279 838 2279 1913 554 1913 1498 1913 
1368 2 1762 73 623 2252 2251 2252 2251 2252 
2047 572 1959 262 1959 262 1959 262 572 1520 
159 1147 159 1120 82 1594 82 1375 177 2401 
2423 128 1957 2915 1110 1332 1110 525 1332 1110 
913 2054 2061 2323 2293 1135 128 1369 2323 1214 
2932 390 1142 1512 2041 322 328 571 328 407 
2538 2487 827 633 827 65 2112 65 47 65 
1858 936 1667 613 1667 613 1667 613 1667 613 
3251 1672 1466 1668 2040 1668 2930 1668 2103 1468 
177 1292 1952 1975 742 1113 132 2113 742 1982 
352 35 241 170 33 53 246 221 35 241 
2531 533 207 15 207 58 207 58 207 58 
2252 2229 235 234 235 234 235 234 235 234 
2652 3117 2594 136 679 106 88 90 88 90 
244 11 413 412 413 412 415 412 413 412 
1079 2269 807 224 2533 74 3249 74 73 74 
2140 1186 1184 1186 1933 1823 1397 932 1433 2970 
1249 972 1173 656 1600 656 1600 656 523 1600 
2528 1582 1398 832 1582 1775 831 888 831 888 
87 18 61 2685 1426 1155 520 662 1416 662 
622 1433 447 1336 514 513 1336 512 514 513 
1093 2213 2586 82 1016 1952 1102 177 1102 1982 
2590 2629 2807 2806 2708 320 903 969 907 359 
1386 128 1154 1581 1092 1700 2323 2061 2054 2061 
1965 864 1743 2150 1966 2069 2066 2069 2066 2069 
2820 821 1535 2773 724 691 724 691 724 691 
3302 1148 1332 1984 1332 1984 1020 76 371 1020 
2672 2046 1631 2046 2413 941 2231 2253 1433 932 
1345 990 2670 12 1243 990 1243 2273 715 2273 
1525 224 163 2050 1431 1707 1431 1707 1431 1707 
1044 1299 2297 2296 2297 2296 2297 2296 2297 2296 
1634 1668 1698 1668 2103 1668 2103 1668 1601 1781 
446 2042 835 3121 1744 2248 268 2248 268 2248 
1435 919 825 919 260 890 260 128 890 260 
397 8 397 394 338 222 240 331 22 30 
2196 2064 1813 1985 130 2251 2252 2251 2252 2251 
537 1186 960 1433 932 1433 932 701 1232 941 
2174 2252 2918 1985 1499 235 234 235 234 235 
2944 831 888 831 888 831 888 831 888 831 
728 1 1321 1148 194 1148 822 1779 79 1779 
1035 2049 933 583 1323 583 1323 583 933 583 
1307 2042 294 2042 829 1508 829 2830 829 1509 
1184 1186 754 1186 754 1186 754 1186 1169 1186 
1005 1433 932 1433 932 1433 932 1433 932 701 
398 343 903 907 418 423 418 417 418 417 
755 538 787 1655 355 372 355 372 355 372 
1065 1481 2760 1484 1481 1484 1481 1484 1481 1484 
2797 1193 1958 1193 1958 1193 1958 1193 1958 1193 
2363 1781 2354 1193 1455 1668 579 1668 2103 1668 
2312 314 2136 1781 1512 1781 1512 1781 1512 1781 
732 322 2426 571 629 390 996 328 314 2842 
3032 831 1445 1582 2658 1160 755 1582 1267 1582 
607 7 1761 1332 525 7 1446 1957 1446 1957 
1760 1779 2138 1385 1920 2057 2054 2061 2054 2057 
103 34 5 170 33 170 32 53 69 45 
1609 6 2959 6 2 1898 2295 105 6 2 
467 469 467 469 468 469 468 469 467 469 
1713 6 1172 6 1734 275 3258 73 2295 1296 
1911 2047 2046 2047 2046 2047 2046 2047 2046 2047 
61 1740 843 87 18 543 520 1279 1426 1279 
2168 554 1606 933 583 933 583 268 2000 1331 
2142 82 1952 82 1952 82 1952 82 1952 82 
1541 538 1655 538 372 355 445 372 355 372 
618 1232 921 941 572 941 1232 921 1823 921 
139 829 1508 829 1509 829 1508 829 1509 829 
2834 1781 147 63 2312 63 2312 63 314 63 
2707 681 115 244 104 115 108 115 108 232 
2381 2252 2251 2252 2251 2252 2251 2252 2251 2252 
290 427 207 15 2531 502 254 539 469 468 
243 4 247 242 115 108 232 108 232 108 
1421 408 327 376 327 87 84 87 84 1542 
733 245 379 1032 733 219 245 1275 393 1275 
1766 6 2276 2 6 2 6 2 83 2 
1443 536 128 260 919 260 890 260 128 260 
784 151 462 713 264 705 720 252 253 252 
2347 1721 1210 1908 2327 2427 1013 1721 1013 1372 
3185 328 1577 571 1518 571 1518 571 1518 571 
786 128 980 7 1446 1957 1086 1148 7 1446 
1311 132 2065 132 2065 132 2065 132 1210 1908 
717 2588 409 13 879 590 717 409 319 914 
3222 1 68 1 1286 1 68 1 1784 1 
1588 2295 802 1833 1909 1833 1118 74 1438 74 
1788 372 2307 431 3240 831 888 831 888 831 
2607 379 1032 379 1032 129 1032 379 313 379 
892 82 1952 1102 177 1102 177 1102 177 1102 
477 2295 866 2 3015 2 6 2 6 2 
565 262 1959 572 1520 1104 1520 1104 9 1523 
2664 604 426 2035 426 291 426 1244 349 1244 
2177 1009 2213 2065 132 2065 132 159 1982 742 
866 2 6 2 6 2 6 93 6 93 
1182 82 1710 1013 667 2065 2113 159 132 1210 
3050 2042 762 829 762 829 1508 829 1508 829 
2877 1193 1958 1193 1958 1193 1958 1193 1958 1193 
2949 829 2356 933 1850 838 2279 342 363 1263 
703 501 710 501 710 501 503 501 503 501 
1864 2252 2898 864 2150 2269 864 1833 1439 2 
740 334 1881 2049 933 583 1323 583 1323 583 
2060 2059 2060 2059 2060 2059 2060 2059 2060 2059 
2738 2607 2634 2681 2634 1032 379 1032 379 1032 
1437 235 2176 1985 807 2252 2451 1833 796 2064 
3282 2248 268 2248 268 2248 268 1498 1913 1088 
1889 1013 1311 2386 1908 2406 161 858 1952 1915 
552 834 1618 1345 1028 1623 552 615 114 615 
248 429 510 40 36 351 380 429 403 400 
884 74 3051 235 234 235 234 235 234 235 
303 371 2058 553 1135 1112 1385 1920 2057 2054 
2301 1873 1543 328 571 1518 571 1518 571 328 
1732 932 1415 1186 754 1186 754 1186 754 2047 
2415 2057 2054 2061 2054 2061 2323 2054 2057 2054 
1479 2054 2057 2054 2057 1920 2054 2264 1 67 
902 851 1165 339 151 364 902 781 375 264 
2677 1135 594 1 68 1 68 1 67 1 
67 1 2434 1 1148 7 1957 1443 1110 1332 
1562 2058 3232 1 67 1 67 1 67 1 
576 2213 1932 1982 1641 1102 177 1102 177 1102 
498 1581 71 1581 1702 1581 71 1581 1702 1581 
2282 1985 234 235 234 235 234 235 234 235 
1983 1332 1110 1332 1110 1332 1110 1332 1110 1332 
1219 1958 1193 1958 1193 1958 1193 1958 1193 1958 
2605 390 2455 1468 272 1468 328 390 571 1518 
897 342 839 342 268 1498 1913 1263 363 342 
357 2035 426 291 944 291 944 291 944 604 
2620 1914 1223 1914 1673 1914 554 1233 1913 554 
142 533 539 915 734 373 916 258 255 258 
1586 1913 1498 1913 1233 1913 1233 554 1913 1498 
3230 1186 3083 932 2191 2062 1224 2062 1224 2062 
3176 2042 1195 1331 1248 1331 1248 363 342 446 
1240 1915 1440 1915 2198 1789 1013 1721 1013 1721 
616 562 1552 616 1194 616 1194 616 1194 808 
921 1336 512 513 514 1336 512 513 512 513 
2512 2060 571 1284 571 1259 1518 789 328 2136 
2027 899 900 584 899 900 899 584 899 584 
2036 63 1862 1873 1815 390 1518 1672 1794 322 
659 1139 2783 3117 2503 1552 587 2883 616 1194 
157 2 775 6 93 6 2 83 2 6 
2879 864 963 73 74 73 74 73 74 73 
530 829 1509 829 835 829 1509 829 1508 829 
2880 1148 7 1087 1148 7 1446 1957 1443 1957 
3028 1336 439 570 1517 1336 513 512 514 512 
158 6 1172 6 1281 2252 2120 2252 2251 2252 
2650 7 1134 1148 1198 1110 2925 1110 2116 1779 
2804 827 2664 2487 827 65 47 2112 944 291 
2979 661 606 2002 606 2002 606 2002 606 2002 
2754 826 561 826 561 826 561 826 561 826 
2636 1186 754 1186 1184 1186 1129 1186 2169 2046 
3281 513 514 512 514 512 514 512 514 512 
2980 1950 2056 688 1382 688 374 688 1333 1950 
438 570 1103 570 1104 1520 572 1520 1104 1520 
2803 62 685 353 271 369 1042 361 333 216 
2864 1186 1185 1186 1773 1823 1528 1823 102 1232 
374 2056 1333 2056 368 257 2056 1333 329 368 
1220 1512 1781 119 1512 1781 2377 1512 1781 1512 
2922 835 829 1509 829 835 829 1509 829 1509 
1174 431 1445 367 226 367 2297 2296 2297 2296 
2116 1110 1111 1110 1332 1714 1110 1332 1110 1332 
2061 2057 553 2057 1920 2057 1920 2057 1920 2057 
359 135 405 135 359 969 423 969 907 969 
2737 1186 754 1186 1654 1186 1654 1186 1654 1186 
823 1135 2955 1 1286 1 1286 1700 919 260 
2112 2777 2502 2777 2502 2777 2502 3197 604 55 
175 3111 725 382 725 726 1340 726 1340 725 
2777 2502 2777 2502 604 608 1244 357 2048 2905 
1692 1582 2648 828 831 888 831 888 831 888 
1738 1779 2340 1957 1374 1020 1907 536 946 1 
2441 275 1863 1431 1001 1707 1431 1707 1431 1707 
553 260 2925 1581 71 1110 1714 1332 1110 1332 
1146 373 916 255 373 916 258 811 258 811 
146 829 1508 829 835 653 835 829 1508 829 
1120 1102 1489 132 2065 132 2065 132 159 132 
2180 1232 3022 1360 2047 847 1433 932 701 1823 
1354 1020 371 76 371 76 371 1020 371 1020 
457 828 831 888 831 888 831 888 831 888 
1335 798 1817 3206 741 278 741 278 741 278 
1770 1582 1267 1582 1267 1582 1398 1160 532 2297 
1726 1193 2941 1668 2103 1668 2103 1668 2103 1668 
656 2983 1829 1049 391 354 391 354 391 354 
2339 1468 390 1518 571 328 1518 571 1518 571 
34 346 246 34 246 221 246 170 246 221 
1264 2327 2271 2475 2343 1908 2330 2065 2213 1908 
2349 73 74 73 3220 6 1553 6 2371 2 
3160 1224 1101 932 702 1520 563 1232 2398 1523 
3290 1668 3086 1873 2455 322 2961 1781 631 1668 
2550 2714 2738 1032 379 1032 219 497 335 907 
1273 1135 536 1235 2057 1920 2057 2054 2061 1135 
1608 1740 1524 340 1740 340 1740 340 1740 340 
1507 1424 989 943 808 3096 3117 106 808 1194 
1350 1333 1480 1333 688 1950 257 10 306 10 
2891 227 2890 1179 3001 1481 1484 1481 1484 1481 
2861 63 889 322 571 1518 571 322 407 2367 
371 76 371 128 890 260 919 260 919 1700 
1113 1102 1083 1102 1083 1982 1948 1982 2322 742 
1271 2296 372 2117 372 355 445 355 372 445 
360 240 30 22 25 164 22 164 324 164 
1533 838 1040 363 838 342 2279 838 446 838 
1822 177 1210 2327 1387 132 2173 1952 1102 1982 
3211 832 1199 1271 1199 44 832 44 832 1199 
2089 2 1075 74 2242 73 74 73 74 73 
1874 235 234 235 234 235 234 235 234 235 
211 1333 1625 17 899 584 900 584 900 899 
764 1582 1267 1582 1160 755 1582 1267 1582 1267 
3224 322 1060 1193 1958 1193 1958 1193 1958 1193 
1778 2633 499 1322 499 1322 312 736 312 64 
441 442 441 680 442 441 442 441 442 441 
2868 826 2683 826 561 826 561 826 561 826 
2592 828 2794 831 888 831 3125 831 888 831 
1037 7 918 1332 1110 1332 1110 1332 1110 1332 
222 365 331 250 389 108 104 115 104 389 
1014 831 888 831 888 831 888 831 888 831 
2204 1668 2897 1667 1602 1667 613 1667 613 1667 
1518 2103 1668 2103 1668 2103 1668 2103 1668 2103 
1636 1433 1528 1823 921 1232 2253 2231 1823 921 
2406 159 2213 859 82 2294 82 1952 1102 177 
1319 1518 760 1668 2971 1668 75 1668 1220 1512 
2020 132 2039 1915 2080 1915 2198 1013 1721 1013 
2967 2619 2967 2619 533 142 533 539 178 915 
1743 1985 2081 234 235 234 235 234 235 234 
1841 1952 1102 177 1102 177 1102 177 1102 177 
2099 1 2070 1148 1643 7 2446 1110 1714 1332 
3088 1186 1185 1186 754 1186 754 1186 754 1186 
2626 262 1433 820 513 512 2137 570 1871 570 
3300 826 561 826 561 826 561 3 1950 3 
3145 328 1602 1193 521 1668 2235 322 2329 1512 
652 494 1335 494 1335 2055 1335 494 1335 494 
2463 235 234 235 234 235 234 235 234 235 
1894 2058 2063 2058 2075 2054 2057 2061 2054 2061 
381 104 115 108 115 108 681 389 485 104 
1528 513 512 514 512 2374 512 514 512 513 
610 1957 1176 1332 2389 1332 1714 1332 1110 1332 
1138 2811 392 734 228 915 251 254 915 255 
1194 2594 2783 1139 2503 2504 808 1194 616 1194 
2135 306 1664 900 329 900 584 900 899 584 
1920 1 634 1020 1053 371 2007 1779 79 1779 
2563 115 104 389 397 394 8 394 8 394 
1315 73 74 73 74 73 74 73 74 73 
1057 128 1278 1148 7 1443 1957 1446 1957 823 
790 2064 275 2064 275 2064 275 2064 275 2064 
2639 224 1965 224 1001 1431 1707 1431 1707 1431 
88 2968 2652 587 808 616 1194 616 1194 616 
1477 347 152 292 1329 152 1329 152 788 152 
2276 2252 2160 235 3214 73 2641 73 74 73 
1010 73 2985 275 2018 2050 697 2050 1000 2050 
2360 1504 2053 1504 1385 1920 2053 1385 2053 1385 
2818 688 1731 257 374 257 1333 257 374 257 
3137 2296 1782 445 1733 2297 2296 2297 2296 2297 
2545 826 3009 826 2866 826 2765 826 561 826 
3096 2594 3117 2783 2594 943 1139 989 1139 989 
1089 44 367 3053 831 2749 538 2117 431 3099 
1948 742 1982 1097 1102 1982 1102 1982 742 1982 
1281 235 923 2251 2252 2251 2252 2251 2252 2251 
785 2047 2046 2047 2046 1755 2253 1970 1360 1704 
296 3165 840 879 841 879 624 879 590 879 
13 590 879 841 590 840 879 1447 879 590 
485 389 485 38 485 389 402 381 389 485 
2452 2252 3149 234 235 2081 1431 2370 224 1431 
816 159 1158 742 1658 132 2065 132 2065 132 
1912 2327 1721 2327 1721 2198 1721 1013 1721 1789 
1180 2297 3089 1782 445 1782 372 355 445 355 
1301 2059 2060 2059 2060 2059 2060 2059 2060 2059 
309 35 236 35 66 243 404 381 186 223 
691 724 691 724 1358 1023 724 1358 724 691 
2114 791 1351 852 1351 852 1730 319 914 319 
807 2295 2440 74 2371 2 2110 2066 2069 2066 
926 1667 488 1668 189 1668 579 571 1285 571 
794 1468 1192 925 936 2139 925 2139 936 1672 
1224 1397 1823 1129 1780 1517 570 514 570 1103 
101 778 500 2816 783 1283 2505 1283 2812 207 
2739 2055 494 1335 494 1335 2055 1335 494 1335 
1075 73 475 74 2918 73 477 2150 864 2150 
307 390 996 1468 2426 1468 1953 1873 2060 2059 
528 831 888 831 888 831 888 831 888 831 
2008 2251 3154 235 1809 2 1940 73 1646 73 
1681 2145 2058 2057 2054 2057 2054 2057 2054 2061 
2683 826 561 826 561 826 561 41 197 41 
2553 828 831 888 831 3128 831 888 831 888 
2735 1958 1540 1512 1602 1781 2377 1781 2946 1668 
2534 1 68 1 67 1 67 1 68 1 
2052 2897 1873 857 2051 2060 2059 2060 2059 2060 
2469 2060 2059 2060 2059 2060 2059 2060 2051 2060 
2464 1332 1663 1135 2058 2061 2057 2054 2057 1920 
1494 7 1124 1332 1924 2053 2880 1504 1111 2054 
1635 390 628 2060 2059 1357 2051 1812 571 1518 
828 1847 1655 567 1299 1630 1299 1630 1758 1630 
1407 2251 3041 74 612 73 475 2 2887 2 
1209 1707 2403 2069 2150 2269 2410 2150 2410 2269 
2764 826 2867 688 3300 257 306 1950 1423 1950 
2338 2269 1743 864 2269 2410 1431 1707 1499 1707 
1861 571 1518 328 407 328 571 1518 571 1518 
1796 1013 1375 2475 2141 2327 1721 1013 1721 2327 
2866 368 329 368 257 1333 1217 1140 1217 1140 
210 2295 6 2 6 2 83 2 6 2 
480 1155 520 18 61 18 843 61 1869 376 
1208 74 451 74 1117 74 73 74 73 74 
2897 1668 1362 1668 1899 2051 2874 1668 1899 1668 
3200 2295 6 2 6 93 6 2 83 2 
3196 2252 1791 2251 796 2251 1441 2252 2251 2252 
148 150 66 243 66 150 103 221 31 103 
54 69 45 34 237 27 51 34 70 309 
1927 1781 2834 1781 277 1193 3293 1781 1512 119 
2835 1135 498 1135 2061 2323 1214 2323 2061 2057 
788 2709 2702 1071 664 152 664 1071 152 788 
3182 829 1509 829 1509 829 1508 829 835 829 
362 1623 552 1623 552 1590 551 1028 114 1028 
1436 1 2464 1957 1643 1148 1844 1148 1797 1957 
1604 2062 2241 2062 1224 1241 570 2425 2062 1224 
409 319 717 1903 1351 1371 1351 791 1351 791 
932 3083 932 701 932 701 932 701 1232 921 
1504 2053 1385 2053 1920 1385 2053 1385 2053 1504 
1237 1952 1016 1311 1721 1489 1013 1375 177 2113 
862 1 3311 1110 1714 1332 1714 1332 1110 1332 
2674 431 2701 1758 1788 372 355 372 355 372 
2019 1833 997 1833 77 1833 77 6 96 6 
120 128 3272 1681 1356 1681 2131 1020 76 1020 
1278 2058 1135 2057 2054 2057 2061 2054 2057 2054 
1245 268 2248 268 2248 268 2248 268 2248 268 
3031 828 3240 831 888 831 888 831 888 831 
260 1154 1148 1469 1332 2074 1332 1110 1332 1110 
2646 248 400 377 365 25 331 30 422 30 
948 1 67 1 1286 1 67 1 68 1 
887 2 6 2 6 2 6 2 6 2 
2444 536 128 890 260 1700 919 260 890 260 
456 828 888 1630 1758 1630 1758 1630 44 1630 
256 1490 3140 1490 2035 2112 604 426 971 323 
2436 1148 3129 1 68 1 67 1 67 1 
242 104 108 242 115 108 232 108 232 108 
658 2049 933 583 933 583 541 583 541 583 
3199 2251 1622 1707 1431 1707 1431 1001 1707 1431 
635 73 74 73 74 73 74 73 74 73 
719 974 813 336 813 974 317 316 1136 1383 
1187 1672 936 2139 390 2843 925 1878 925 936 
407 3070 2060 2059 2060 2059 2060 2059 2060 2059 
2948 86 316 317 602 336 813 336 813 336 
1739 1422 1829 2352 1829 735 225 898 735 898 
2303 1873 1543 330 1316 390 1518 571 322 889 
2150 2729 73 74 73 74 2483 74 73 74 
1210 1151 82 1377 82 1801 1952 2379 1372 1843 
2472 1110 2397 7 371 76 371 1020 371 1020 
2130 1186 1520 1783 2047 1336 1756 1823 1394 1433 
901 717 590 409 13 841 13 841 13 841 
378 267 269 1042 382 1042 382 1042 382 1042 
1152 82 2450 1311 2379 1721 1013 1721 1013 1721 
1935 2295 1296 74 1836 73 74 73 74 73 
1412 1958 1193 1958 1193 1958 1193 1958 1193 1958 
1103 570 1528 1823 102 1823 1527 1823 921 1823 
3111 64 312 3111 312 3111 312 3111 312 3111 
26 115 389 108 232 108 232 108 232 108 
2304 1952 2216 82 1952 1102 1097 1102 1097 1102 
1379 374 569 10 2056 10 306 10 257 1333 
79 7 1197 1148 855 1 1983 1504 1463 1504 
3210 1431 1499 1707 1431 1707 1431 1001 1707 1001 
1383 1136 86 484 779 484 779 484 779 484 
336 2817 814 336 813 336 813 974 813 336 
3186 1667 2827 1781 2827 63 453 63 1667 936 
854 334 942 541 458 541 583 2049 933 1323 
2578 1186 754 1186 754 1186 754 1186 1654 1186 
413 2516 2494 108 232 108 232 341 186 381 
2320 919 825 919 825 919 1700 2323 2063 2323 
904 388 264 1506 264 370 264 370 264 370 
2266 925 1877 925 1877 925 2139 390 571 1518 
2013 1504 2154 1504 2317 2053 1385 71 1581 71 
1374 1504 2728 1148 3093 7 2446 7 1443 1957 
2361 1957 2693 1332 2093 1957 610 1957 610 1957 
1371 1627 2829 841 2497 296 187 791 1351 791 
1420 1421 408 327 543 238 327 408 327 408 
1331 836 1951 1880 583 928 363 1099 838 1040 
1934 541 3245 829 3120 829 530 829 1509 829 
850 82 2903 1952 1710 1952 1102 1982 742 1982 
316 317 602 317 316 317 316 317 336 602 
3091 259 994 2569 101 499 2498 2910 2498 957 
1829 225 354 391 354 391 354 391 354 391 
2456 1468 328 1468 328 571 1518 571 1518 390 
2445 314 63 2312 63 314 1781 2084 1958 1412 
1231 2047 2046 2366 1823 819 932 1433 932 1433 
536 128 371 128 371 1020 371 1020 371 1020 
3023 2059 1807 1512 1781 1512 1781 1512 1781 1512 
2686 741 1179 278 1179 548 1179 1817 2459 321 
1660 605 658 829 1508 829 1508 829 1508 829 
174 2 2276 2 6 2 6 2 6 93 
931 1952 1982 2200 1952 1841 1952 3270 1952 1923 
2326 275 3123 2269 864 2269 864 1001 1666 1001 
2985 73 74 73 74 73 74 73 74 73 
853 224 1370 224 2050 224 2050 224 1707 1001 
25 30 406 422 30 395 403 429 380 429 
988 1155 1669 1420 1426 1279 1426 1279 1426 1279 
730 7 1443 1957 1446 1957 1741 1957 1446 1957 
831 2409 589 3142 832 3211 832 1199 3128 831 
670 536 2170 1385 536 2009 1148 7 1443 1110 
2199 1914 1673 1331 2740 836 1662 2049 2837 1323 
836 1331 1291 836 1744 1263 1498 2248 1498 1088 
1001 2069 2066 1157 2251 2229 1001 2150 2410 2269 
751 2251 2252 751 1985 2050 1000 2050 224 1707 
12 676 2273 715 2273 715 2273 715 2273 715 
3093 1 1286 7 1443 1957 1741 1957 1446 7 
975 1958 1963 925 2139 925 2139 925 2139 925 
2213 1310 1311 2213 1908 1210 1908 1210 132 1210 
2766 3111 2775 2706 378 382 1042 361 1042 382 
2314 1952 161 1147 177 132 2065 132 2065 132 
908 1958 1193 1958 1193 1958 1193 1958 1193 1958 
2619 1339 1067 2744 233 15 824 15 207 58 
698 1186 754 1186 754 1186 754 1186 754 1186 
2938 828 831 888 831 888 831 888 831 888 
195 615 482 155 482 615 1623 552 1590 1618 
1936 742 1640 742 2187 1952 1519 1952 3270 1952 
57 504 704 708 704 508 704 508 704 508 
1191 2059 1866 2060 489 2051 2060 2059 2060 2059 
1641 159 1929 132 159 1102 1982 742 1982 132 
967 2060 2059 2060 1866 2059 2060 1922 314 63 
1384 6 2854 2295 2 6 2 6 93 6 
3279 896 2600 1484 1481 1484 1481 1484 1481 1484 
895 2 2108 2295 1551 2066 471 1001 1431 1001 
2721 1581 1720 1020 1751 371 3167 1332 1111 1332 
2300 390 936 2469 390 2270 1193 1958 1193 1958 
489 63 3145 1781 1512 1781 1512 1781 1512 1781 
131 1001 1859 1833 77 1833 2385 6 1898 2 
1029 838 1404 342 3120 829 1509 583 1323 583 
2048 357 2035 426 2035 1490 2035 426 291 426 
1688 1582 1267 1582 1267 1582 1267 1582 1267 1582 
843 1740 340 843 3087 340 1236 1416 1045 1420 
2970 1433 932 701 932 1527 1823 921 1823 2231 
1465 2052 2412 2052 571 628 390 1468 571 1518 
3252 1668 631 2059 1187 1668 2897 1668 579 1668 
1640 1982 1213 177 132 159 132 1375 1009 1311 
2394 2251 938 2251 2252 2251 2252 2251 2252 2251 
1110 1332 1957 1714 1332 1110 1332 1110 1332 1110 
1517 1959 1631 2047 698 932 1433 932 1433 1823 
2576 836 3244 829 1509 829 1508 829 1508 829 
3192 1668 2103 1668 2103 1668 2103 1668 2103 1668 
1792 1982 1240 82 1952 1102 1982 1102 177 1102 
215 838 342 1263 342 1263 1744 605 1744 605 
2833 1 68 1 67 1 67 1 68 1 
1402 919 2915 2053 127 1 1286 1 1549 1 
3204 1668 2087 1668 2103 1668 1601 1668 1601 1668 
1795 2042 294 2042 740 2042 740 2042 740 2042 
1458 1332 7 1751 1581 2170 1385 1112 1135 1779 
2194 1504 2053 1728 1110 2183 1 730 1504 2093 
2002 606 2002 606 661 606 661 1829 1173 1829 
1131 1957 1446 1110 1332 823 1110 1332 1110 1332 
1101 1224 1149 9 921 1823 1527 1823 1098 1232 
2432 6 2280 2 2916 2 3005 2 2276 2 
880 2050 2462 234 639 1833 3131 2 1791 6 
912 1433 2253 1433 932 701 1232 102 1823 102 
1228 1433 932 1433 932 701 932 1433 932 619 
2373 2049 933 1323 933 2049 933 583 541 583 
1291 1744 573 838 2279 838 2279 838 2279 838 
458 605 486 838 1226 835 1331 836 1951 605 
472 1468 328 407 328 390 1518 571 1518 571 
2627 1193 575 925 575 925 936 1672 936 1672 
1834 1781 2377 1873 2595 1512 3145 1781 1953 1781 
787 355 372 1782 355 445 1782 1541 445 355 
918 1110 1332 1110 1332 1110 1332 1714 1332 1110 
1361 838 582 2049 933 583 933 583 1323 583 
124 271 369 627 369 333 361 736 669 651 
484 779 484 779 484 779 484 779 484 779 
60 485 413 485 389 402 324 402 681 186 
2555 944 47 2804 65 47 65 47 65 47 
701 9 1224 2062 1224 9 1780 572 1520 1104 
3189 1582 1398 44 832 1199 832 1199 832 1199 
426 1244 349 1244 971 256 971 256 971 357 
2242 1833 1694 73 2440 2 2859 1833 1280 2295 
2273 615 1590 551 1590 551 1028 551 678 1590 
2543 826 561 826 561 1200 2818 1664 2368 1177 
1460 1173 1829 735 225 1249 225 735 225 735 
1496 838 655 829 139 2042 294 2042 294 835 
3289 829 1509 1323 1040 363 342 363 342 1263 
3292 2064 275 2064 275 2064 275 2064 275 2064 
2092 1311 1310 1311 1009 849 1372 1013 1721 1013 
502 500 502 500 502 500 502 500 502 500 
2232 1985 2451 2251 2252 2251 2252 2251 2252 2251 
1382 688 1382 688 1382 688 257 2056 10 257 
2757 234 922 2252 922 6 3309 2 6 2 
1226 554 294 2042 2837 2049 1323 2218 363 1850 
935 552 834 615 114 1028 551 1590 1618 1590 
615 2273 1243 2273 1243 2273 715 2273 715 2273 
1549 1957 1969 1148 2178 1110 1332 1429 1332 1111 
570 2106 1520 2095 2047 2046 2047 2046 2047 1005 
2166 838 1857 1914 554 1233 1913 268 1498 1263 
803 932 3177 1186 932 1433 932 1527 1823 921 
3149 1985 2081 1833 1153 2251 157 1833 2107 235 
2947 571 1285 571 1502 63 314 63 314 63 
2422 1957 1086 7 3034 1957 917 1332 79 1779 
1234 2051 2060 2059 2060 2059 2060 2059 2060 2059 
1491 1707 2229 234 235 234 235 234 235 234 
2068 1957 1206 1332 1111 1332 1714 1332 1110 1332 
1759 829 762 829 2763 933 2049 334 2268 334 
3312 2323 2061 2054 1700 260 1763 536 1763 128 
981 73 74 73 74 73 74 73 74 73 
1722 2475 1013 1721 2327 1721 2327 1721 2327 1721 
2016 1915 2080 1915 1882 1915 1440 1789 1013 1721 
3258 2295 2994 73 2641 73 1981 73 74 73 
1956 1 1738 1 67 1 68 1 67 1 
2802 513 514 2374 514 1336 793 932 1129 932 
285 1 68 1 67 1 67 1 68 1 
2996 314 322 328 1468 390 1876 1512 2111 1512 
2207 742 1102 1120 82 1675 1952 1595 82 1675 
735 391 1829 1538 1448 1460 1448 354 391 1448 
2395 82 2005 82 1619 82 1033 82 3218 1952 
152 2702 1477 347 152 347 152 347 152 347 
331 805 360 324 164 25 481 29 30 29 
632 1433 932 701 941 1780 941 1520 1104 572 
1669 1420 1426 1279 1426 1420 1426 1420 1426 1420 
1364 589 1655 538 1655 589 1541 355 372 355 
2753 826 2545 826 2683 306 1333 1480 1950 744 
1978 2295 1012 74 73 74 73 74 73 74 
2400 1833 1687 6 2 6 2 6 2 775 
2986 1 730 2323 1135 2444 2058 2840 128 260 
2501 676 2670 990 1243 2273 715 2273 715 2273 
3165 465 1730 296 187 791 1351 791 1351 791 
3094 2617 3094 2617 679 106 679 106 679 106 
292 1329 292 229 336 229 336 813 974 813 
789 1518 571 2052 571 1518 571 1518 571 390 
1269 1484 2997 680 1335 494 1335 494 2055 1179 
1425 142 533 142 533 539 915 373 255 915 
495 1581 1176 1385 1504 1385 1920 2053 1504 1924 
1423 1950 197 1950 17 3009 826 2764 826 3007 
2389 1332 1761 7 1761 1332 2025 1135 2058 906 
2823 1668 1900 1668 810 2052 956 1873 330 314 
314 1518 1284 571 1518 571 1518 390 1468 1834 
1285 2052 2060 2100 407 966 1193 3052 1781 2468 
1159 541 334 2049 933 2049 933 583 541 583 
1052 505 80 57 504 704 508 704 508 704 
737 1520 1104 9 941 1780 941 1780 9 1780 
503 903 550 40 239 396 36 239 36 239 
614 1705 94 830 1300 1535 318 660 318 660 
772 1360 1755 9 2474 941 1780 9 572 1520 
2333 2 3242 2295 96 2295 6 93 6 2 
1712 2054 2058 2063 2058 1135 2323 1214 2323 2063 
1244 43 2538 47 2538 47 944 291 944 291 
3020 1518 571 1577 571 2060 1193 1958 1715 2059 
898 1538 315 387 356 315 356 315 356 315 
2724 829 1831 2042 1831 829 1508 829 1509 829 
1960 1385 2053 1385 2053 1385 1920 2053 1385 2053 
92 598 118 511 470 511 470 395 805 395 
1553 1833 2251 2252 2251 2176 2050 1695 2050 2337 
1718 82 1675 82 2016 82 1952 1102 1982 742 
3156 936 1961 2060 2059 2060 2059 2060 2059 2060 
1380 831 888 831 888 831 888 831 888 831 
2599 1155 1689 1031 1671 3040 1740 662 18 1378 
504 708 704 508 704 508 704 508 704 508 
380 351 293 380 351 380 351 380 351 380 
3078 828 888 831 888 831 888 831 888 831 
1130 1707 2282 2050 818 2050 1431 1707 1431 1707 
2128 742 1982 2205 1102 1982 742 1982 742 1982 
2506 195 2501 990 552 1623 552 1623 552 1623 
2053 1761 260 67 1700 1493 1 1286 1 67 
2262 161 1915 1789 1915 2198 1915 2198 1915 2198 
2081 224 1707 1431 1707 2197 1001 1707 1001 1431 
2090 2062 983 941 2106 1520 154 941 1780 2222 
2324 159 576 1721 2327 1021 82 1822 2198 2207 
522 1110 728 2323 2058 2317 1581 3303 1581 2721 
593 1952 2213 2029 742 2357 1102 2065 2128 2065 
367 3184 1630 1758 1630 1758 1630 1758 1630 1758 
1789 731 1952 1102 1982 1083 1102 2332 1102 1080 
870 1249 2206 606 1600 1173 1829 735 225 735 
1377 2213 1310 2213 1908 1311 1908 2213 1908 2213 
370 388 784 388 904 388 339 902 339 902 
3197 827 3197 2487 827 633 2555 2487 2555 2487 
2845 1186 1184 1186 1185 1186 754 1186 754 1186 
1394 1823 1126 513 439 570 2137 570 1103 1520 
761 1740 1279 1426 1045 1420 1669 1045 1420 1426 
3064 418 310 311 310 311 310 311 509 418 
2740 836 1951 605 1744 1263 342 1263 1088 1498 
2732 831 2720 1199 2645 831 445 1303 1630 1758 
1984 7 476 1 1494 260 1712 260 1700 919 
815 2050 2265 74 1438 74 2392 1833 77 1833 
1469 2057 1429 2058 2323 2054 2061 2054 2057 2054 
2955 2058 2061 2054 2323 906 2323 553 2058 1135 
1721 2359 1372 2271 2475 2343 1721 1013 1721 2327 
2231 1232 2366 2047 2046 2047 2046 2047 2046 2047 
2976 1777 442 441 442 441 442 441 442 441 
3103 465 1902 187 296 187 791 1351 791 1351 
3187 128 856 536 919 1442 919 825 919 260 
2778 74 2918 74 174 73 74 73 74 73 
1560 1512 1806 1512 936 1672 936 1672 936 1672 
603 148 404 381 4 242 115 108 485 397 
1157 74 2370 1833 2403 410 929 73 1981 74 
2909 843 1524 238 18 61 18 61 18 61 
3272 1779 71 1110 1332 1110 1332 1110 1332 1110 
2873 2058 2054 2061 2323 970 2323 2061 2057 2054 
1992 1323 933 583 582 933 2049 933 583 2724 
311 969 501 710 2770 2708 2806 2590 2629 2616 
2854 2252 2479 864 2441 2050 3202 2295 1171 2 
2809 323 256 944 604 2112 944 2809 2502 604 
1007 829 1509 829 1509 829 295 2042 295 2042 
2340 1779 1973 1148 7 1446 1957 2230 1110 1332 
1734 74 304 6 2642 275 2064 275 2064 275 
1013 1680 1721 1013 1721 2327 1013 1721 2327 1721 
298 932 1433 932 1433 701 1433 932 1430 1433 
1898 1833 77 1833 77 1833 105 6 77 6 
1707 1431 224 1525 2295 77 2252 2251 2252 2251 
1040 363 1041 363 342 2279 838 2279 605 1744 
723 1630 1758 1630 1758 1630 44 1630 44 1630 
2057 767 128 2953 1581 1814 1779 79 1779 79 
1018 1630 1758 1630 44 1398 44 1630 1758 1630 
150 603 150 345 150 66 35 236 241 236 
2075 1779 1479 1385 2057 2054 2057 2054 2061 2054 
3286 1 68 1 67 1 67 1 68 1 
1200 41 197 688 1382 383 1382 688 257 1333 
2708 2704 2708 2806 2807 903 135 903 320 903 
927 1982 2399 159 132 1923 1952 1923 1952 82 
1870 2046 2800 1433 701 932 1527 1823 1529 1823 
1715 1193 1958 1193 1958 1193 1958 1193 1958 1193 
847 1336 1528 512 513 514 512 514 512 513 
2496 2060 1560 1193 749 407 964 1668 2750 1672 
1893 2251 3301 2295 2 6 2 6 2 6 
226 367 226 367 226 367 226 367 226 1655 
3132 829 1508 829 1509 829 1509 829 835 1509 
1647 73 74 73 74 73 74 73 74 73 
2021 2052 1518 571 1518 328 322 1518 390 1518 
2254 73 1762 74 1117 74 73 74 73 74 
2404 74 73 74 2985 74 451 73 2641 2269 
297 10 2694 1200 899 306 10 257 2056 257 
1594 82 892 1952 2332 82 2119 1952 1923 1952 
1455 1668 1899 1668 2874 1668 1917 1668 3224 1668 
435 63 1543 322 407 328 390 328 390 328 
1030 1672 936 461 314 1672 2842 1781 1512 1781 
2915 1581 1897 2054 3072 1020 371 906 1681 1504 
402 394 402 389 397 485 402 104 250 402 
1662 1331 1444 1331 2268 334 2268 334 2049 933 
2745 2622 714 2745 353 337 443 364 902 339 
2637 1600 523 1600 661 3248 1600 3178 1600 213 
1523 632 932 2224 2047 2046 1911 514 513 512 
2366 1520 3228 1780 941 1520 1467 1520 154 572 
2841 1779 1479 1779 79 1779 2067 1779 79 1779 
1326 41 584 899 584 899 584 899 584 899 
516 82 3198 82 1952 82 1952 82 1952 82 
2493 2563 247 39 4 66 243 4 243 150 
3130 831 888 831 888 372 1449 1733 2297 2296 
2215 235 234 235 234 1995 74 611 2066 2069 
1140 1217 1333 2056 1333 2056 1333 257 1333 688 
1161 1780 2800 941 2253 2106 1520 1122 1780 941 
3099 832 1271 1199 1271 1199 832 1199 832 1199 
2951 914 2598 1627 1628 1627 1628 1627 1628 1627 
2111 1512 1781 1512 2377 1781 2266 1781 1512 119 
153 1252 1294 1252 1294 1252 153 1252 1294 1252 
1255 1186 1169 1186 754 932 1433 932 1433 932 
3122 2251 1153 2252 2251 2252 2251 2252 2251 2252 
834 2935 2273 715 2273 715 2273 715 2273 715 
3052 63 314 63 2312 63 2312 63 314 63 
1593 328 2467 407 889 407 571 1518 571 1518 
2346 2050 1000 235 1827 234 235 234 235 234 
2279 1913 1248 2248 765 541 3195 933 583 933 
40 351 380 351 380 351 380 351 380 429 
2251 2483 2064 275 2064 1826 2064 275 2064 275 
2684 829 1509 829 1508 829 1509 829 1508 829 
2734 17 1428 368 1305 826 561 826 1200 41 
739 2046 803 932 1433 932 1433 932 1433 2253 
3314 1 1286 1 1286 1 1938 1 3072 1148 
3280 257 2056 368 257 2056 257 368 329 368 
2413 941 1005 1186 754 1186 1654 1186 1654 1186 
3051 2064 275 2064 1966 2069 2110 2150 1431 1707 
2890 278 741 278 741 1179 278 1179 741 278 
3308 73 3193 2251 2252 2251 2252 2251 2252 2251 
3142 832 1199 832 1199 832 1199 832 1199 832 
2018 2050 592 1985 2118 2 6 2 6 2 
102 941 1098 1823 1528 1823 2231 2253 1433 2253 
1554 1299 1630 1754 1758 1299 2310 828 1199 1271 
377 25 29 30 22 30 29 22 324 397 
1171 235 1452 1833 1687 6 2 1676 2295 2010 
2972 1 68 1 67 1 67 1 68 1 
2913 536 1273 536 1534 536 1534 536 1534 128 
3136 1186 1184 1186 754 1186 754 1186 754 2046 
1279 327 376 327 408 87 84 564 1279 1740 
745 48 2577 329 1480 1333 374 1327 374 368 
2508 261 1916 261 1916 261 1916 261 1916 261 
3081 829 1508 829 3050 829 3065 2042 294 2042 
956 571 1518 571 1518 629 936 2139 925 2139 
2923 826 561 826 561 826 1200 826 561 826 
2028 1518 571 1605 2052 1234 390 571 2052 1518 
117 430 117 462 781 720 46 370 1506 370 
2509 990 2273 715 2273 1243 2273 715 2273 715 
2904 1523 2490 1823 1603 1186 754 1186 754 1186 
767 1957 1015 7 2446 7 1086 7 1215 7 
991 1420 662 1420 327 376 327 1420 1426 1279 
550 380 351 380 351 380 351 380 351 380 
2419 330 747 330 1811 330 1873 330 63 314 
2110 2269 2150 2269 2069 2066 2069 2066 2069 2066 
1434 1957 1435 1957 1087 1 3273 1779 79 1779 
2322 742 2256 159 1158 159 1158 161 1311 850 
1916 344 318 660 318 660 318 660 318 660 
1529 1224 754 9 3212 1186 298 2062 1832 1336 
334 1885 554 1233 554 1913 2168 1913 554 1913 
1619 82 2294 1952 82 1952 82 1952 82 1952 
2408 268 2248 268 2248 1263 1088 1913 554 1913 
2604 2542 59 179 230 223 230 223 230 179 
1478 896 326 2055 494 2055 1335 2055 1335 494 
2601 1420 1669 1671 1416 1420 1045 1420 1072 238 
493 742 2173 1952 3270 1952 3270 1952 1843 1952 
119 1781 1953 314 63 314 63 314 1953 63 
100 380 351 380 351 380 351 380 351 380 
1341 811 258 255 915 1294 1252 153 1252 1294 
1497 2668 2900 824 1167 824 915 233 15 824 
1332 1714 1332 2446 7 1714 1779 79 1779 79 
3018 1484 1481 1484 1481 1484 1481 1484 1481 1484 
2343 1721 1789 1721 1013 1721 2327 1721 1789 1721 
1408 74 2096 73 74 73 74 73 74 73 
507 479 266 2624 266 135 418 417 418 417 
1441 234 235 234 235 234 939 6 1172 6 
630 829 1470 829 1831 829 1508 829 1508 829 
969 907 399 907 335 423 479 335 479 423 
1570 1707 1431 1707 1431 1707 1431 1707 1431 1001 
1925 1200 41 197 41 197 41 197 41 197 
1177 10 48 257 368 257 368 2056 688 374 
271 627 369 1042 350 269 378 1042 269 1042 
2941 1668 2103 1668 1899 1668 2852 1958 2087 1668 
2968 2504 1552 616 1194 616 1194 616 1194 616 
1552 659 562 659 562 659 562 659 562 1139 
1310 1765 82 2228 1952 1237 1952 1102 1801 159 
1524 867 238 1420 1426 1279 1426 1279 1426 1420 
133 1689 1546 1689 1546 1689 1546 1689 662 61 
2220 235 1441 1985 234 235 234 235 234 3193 
1808 1707 2197 1707 1499 1431 2298 1001 1253 2050 
3121 363 2458 583 342 1795 1913 554 1913 554 
2623 2541 2549 2541 2549 365 377 25 22 29 
3212 932 2970 932 1433 932 1433 932 1433 932 
741 1085 672 326 896 227 896 227 896 1334 
2759 2775 2706 2775 2706 382 269 1042 353 337 
223 232 108 242 232 108 242 115 108 115 
192 829 1508 829 1058 363 342 2279 838 2279 
98 706 507 706 507 418 417 418 417 418 
1363 2 1171 2066 864 2269 2150 2269 864 2150 
2888 1 1701 371 1020 371 1020 371 1020 76 
43 604 55 291 971 426 944 291 944 291 
3015 2066 2477 234 235 234 235 2370 74 1117 
189 1958 2362 1668 521 1668 2596 1668 3156 1668 
2723 2060 2059 2060 2059 2060 2059 2060 2059 2060 
3107 829 3036 829 2763 583 541 933 583 933 
611 1985 2372 73 555 2295 3153 2252 1367 2064 
127 2054 2163 1957 2726 260 2319 1110 1332 1110 
1649 1433 581 1360 2126 9 941 1104 1520 941 
3144 1512 958 1512 1726 1512 147 1667 2469 1512 
373 549 1071 152 788 152 347 788 152 347 
2760 1334 494 2055 494 1335 494 2055 494 1335 
1644 1433 2626 1433 932 1433 932 1433 932 701 
2850 372 538 2117 1541 372 2296 2297 2296 2297 
2692 829 530 829 1508 829 1508 829 1508 829 
461 1873 2059 2060 2059 2060 2059 2060 2059 2060 
2362 571 1501 571 328 407 328 407 328 390 
2975 1263 1744 1263 363 342 363 342 363 1263 
1166 74 73 74 73 74 73 74 73 74 
2088 2051 2060 2059 2060 2059 2060 2059 2060 2059 
2935 990 1243 2273 1243 2273 1243 2273 715 2273 
391 315 1538 315 356 315 356 315 356 315 
382 378 1042 269 382 1042 382 1042 382 1042 
2551 296 319 2114 296 852 3179 296 791 1211 
705 339 450 588 1506 370 264 370 904 370 
1680 2475 161 2401 177 1375 2475 1908 1721 2327 
2192 1520 701 1433 1430 1433 932 1433 932 1433 
2940 990 1243 2273 1243 2273 715 2273 715 2273 
1773 1523 262 1959 921 1336 512 513 512 513 
3141 1777 278 546 442 441 442 441 442 441 
1259 1518 1259 936 2412 2052 1518 571 1518 571 
1292 1311 1372 2065 2314 1721 1801 82 1641 82 
2491 741 2926 741 278 1179 1817 682 1817 1179 
2486 1433 2366 2047 1832 1336 1832 1823 102 1232 
1729 1 2609 1 68 1 67 1 68 1 
1928 2050 2432 2066 962 6 1054 2050 1431 1707 
1652 73 2338 73 1315 74 2483 73 3310 74 
2668 1497 2668 469 468 469 468 467 469 468 
2004 2 2333 73 74 1117 74 1766 74 2757 
170 53 170 53 52 53 52 53 32 170 
1618 615 482 155 482 155 482 12 362 12 
1716 1520 1141 2046 1631 2047 2046 2047 2046 2047 
1111 1020 2559 1779 1648 371 1886 371 76 371 
1476 9 2126 512 513 512 1336 513 512 513 
147 328 1317 407 314 63 314 1518 571 328 
792 1 2873 1 634 2054 1148 2163 1957 1435 
1730 319 1258 319 1417 319 914 319 914 1417 
405 907 335 497 335 497 98 497 219 497 
3106 1433 3083 1433 932 1433 932 1433 932 701 
3010 828 831 888 831 888 831 888 831 888 
16 540 396 550 396 401 36 239 550 903 
3157 1655 1733 2289 1758 1536 1782 445 372 355 
70 107 70 179 386 35 241 236 241 236 
2106 513 2047 1631 1232 1141 1520 1104 1520 941 
2082 235 234 2251 1363 2 6 2 887 2 
2101 1009 2475 849 132 177 132 159 1982 742 
1251 1581 71 1581 886 1779 79 1779 79 1779 
1671 137 662 1416 1426 1420 1426 1420 1426 1420 
3150 829 2684 829 591 829 2837 829 2949 583 
681 38 413 11 108 389 397 389 397 389 
2091 1001 1579 2252 2479 74 2282 2269 3026 73 
2147 2069 2110 864 2150 864 2150 2269 2410 2269 
1585 74 73 74 73 74 73 74 73 74 
36 550 36 351 380 351 380 351 380 351 
660 1705 318 1705 1358 1705 1358 1705 1358 691 
2930 2060 1301 1512 2139 390 2412 1468 390 1468 
1449 831 2297 2296 567 2297 2296 2297 2296 2297 
845 355 372 1174 2297 2296 2297 2296 2297 2296 
1621 2049 1660 541 1291 541 933 839 1323 2049 
2638 41 197 3 41 197 41 197 688 374 
797 407 889 407 328 407 328 1468 328 407 
1758 1133 831 888 831 888 831 888 831 888 
2893 661 606 2002 606 661 50 384 50 384 
1413 1433 1184 2046 1520 154 1232 921 1823 1529 
1019 260 1596 919 2323 2146 2323 2058 1135 2063 
677 2296 2297 2296 2297 2296 2297 2296 2297 2296 
1694 235 962 1985 235 234 235 234 235 234 
1072 1279 1740 564 87 327 408 327 408 87 
2706 2759 2706 3111 64 312 64 312 499 101 
121 245 421 245 393 1275 393 245 1275 393 
2883 2617 679 90 88 90 88 90 88 90 
1304 1582 1328 1582 1821 1582 1267 1582 1267 1582 
1630 2561 1199 2561 538 1541 445 1541 355 372 
864 2150 2069 2066 2069 2066 2069 2066 2069 2066 
2330 1908 1353 1013 1721 159 2386 132 2065 132 
187 3165 717 2755 187 1627 409 1258 879 624 
204 1668 2103 1668 2103 1668 1601 1193 1958 1193 
2806 2807 36 351 380 351 380 351 380 351 
3067 829 762 829 2042 294 2042 1831 835 829 
945 1668 1899 1668 2103 1668 2103 1668 2103 1668 
1023 1358 625 1023 625 1358 1535 724 691 724 
1085 171 442 441 442 111 675 558 227 1334 
3296 832 888 831 888 831 888 831 888 831 
1207 1512 454 1873 2060 2059 2060 2059 2060 1285 
1944 1779 1581 71 1581 1779 79 1779 79 1779 
628 571 1259 1518 1672 936 1672 936 390 571 
1775 1582 184 2297 2296 2297 2296 2297 2296 2297 
1555 1372 1641 1952 2005 82 2331 82 1810 82 
2556 1224 102 570 1121 570 1103 570 1103 570 
421 424 421 420 419 420 424 419 420 419 
510 351 380 351 380 351 380 351 380 351 
1954 1668 2103 1668 2103 1668 1601 1781 1512 1781 
1574 1668 2627 1668 1899 407 328 571 1518 571 
3177 513 883 512 514 512 513 512 513 512 
2073 1332 1110 1332 1714 1332 1110 1332 1110 2208 
1482 368 1482 826 2683 3 374 257 2056 1333 
974 49 258 916 49 255 373 255 373 916 
500 290 2816 427 290 499 1322 2705 348 290 
2906 828 888 831 888 831 888 831 828 831 
2012 1 1549 536 825 919 825 919 128 371 
2085 1668 2103 1668 2103 1668 2678 407 1593 322 
3237 1668 75 1668 1899 1668 2971 1668 2103 1668 
2318 234 235 234 235 234 1804 235 1025 1985 
2860 1667 936 925 936 390 328 407 328 407 
1175 314 3086 1668 579 2051 1191 314 3231 1512 
2401 159 132 159 132 1658 177 1102 177 1102 
3034 1110 2650 1779 1581 71 1110 2389 7 1443 
2905 2502 604 47 65 47 65 47 65 47 
566 1856 1950 257 368 257 2056 257 1333 2056 
1026 2050 697 2050 1707 1431 1707 1431 1707 1431 
2165 260 2116 7 1469 128 536 128 890 260 
1094 235 234 235 234 235 234 235 234 235 
1561 1541 538 1541 1782 445 425 44 1180 832 
638 536 2186 371 76 1020 76 1020 1587 1385 
3217 2252 2257 1833 105 2295 2 6 2 6 
700 2049 933 583 1323 933 2049 1323 933 583 
1481 3097 680 442 441 2491 741 278 741 1179 
1945 1668 1899 1668 2103 1668 2103 1668 2103 1668 
2577 826 2825 826 561 41 197 257 1333 688 
1632 538 1782 445 355 372 355 372 355 372 
1 1549 1 2880 128 1797 371 3269 919 1131 
2277 1 1286 1 67 1 68 1 68 1 
3250 1263 1744 1263 363 1263 363 342 363 342 
1067 176 1067 176 1067 176 1067 176 2619 2547 
2630 2631 2630 1052 366 1052 366 1052 366 1052 
232 341 150 345 150 66 150 4 243 381 
2198 753 1952 2149 1009 1789 1721 1952 516 82 
2044 2069 1875 2066 275 2064 275 2064 275 2064 
3014 1951 605 1913 554 1263 268 1913 268 2248 
1090 1 1286 1 1784 7 1446 1957 1443 1957 
3143 372 538 372 355 589 1655 589 1655 1541 
85 291 55 604 55 604 944 291 944 291 
1126 512 439 512 514 1336 514 512 514 513 
1153 2050 3005 2 6 2 6 2 6 2 
1516 1110 1332 525 1332 1111 1581 476 1581 71 
2840 1779 79 1779 1111 1504 1124 1 463 1385 
2072 2323 1111 128 2444 128 536 825 919 825 
1123 536 2184 1957 2443 7 2446 1148 194 1148 
469 468 178 467 142 824 915 255 1146 255 
1633 1186 754 932 1528 1823 921 1823 921 1232 
1931 224 1431 1001 1707 1431 1707 1431 1707 1431 
2918 2295 557 2 578 73 1995 2050 1431 1707 
1723 1148 767 1581 1015 260 1562 1332 786 2054 
2589 330 579 1668 2971 1668 2103 1668 2103 1668 
1357 1193 1958 2329 1512 958 1512 1781 1512 1781 
982 1385 2186 1700 909 1 68 371 1458 1779 
1096 1 67 1 67 1 67 1 2006 1385 
3042 605 1263 268 1088 1498 1913 554 1913 554 
1172 2 2480 2 2089 6 1694 73 74 73 
2448 1160 2674 832 425 2297 2296 1174 367 770 
1807 2051 2235 390 2874 1668 2103 1668 2103 1668 
1755 570 1871 941 3118 932 696 2253 2106 572 
1706 50 2352 1829 2593 661 2893 661 606 661 
2477 74 2477 2 555 2 6 2 6 2 
2054 1998 2058 2063 2323 2061 2054 890 260 890 
2442 1957 1131 1957 918 1110 1356 1 67 1 
166 1700 449 1110 1332 1111 1110 1332 1110 1332 
2666 429 380 351 380 351 380 351 380 351 
2709 2702 2709 1071 664 292 664 292 664 152 
161 1952 1843 1102 2332 1102 1982 742 1982 1102 
3245 1914 1673 1914 1223 1914 1223 1914 1673 1914 
2679 1433 2606 572 154 572 1780 1523 9 1780 
2780 932 3038 1186 754 1186 754 932 1528 932 
2026 1731 1217 1140 1217 1140 1217 1140 1217 1140 
699 1186 1169 1186 754 2046 2047 2046 2047 2046 
1059 605 1913 554 1913 268 1498 1263 342 1263 
2246 1224 514 513 514 512 513 514 512 514 
301 1668 2103 1668 2103 1668 1601 1668 1601 1668 
1774 1582 755 1160 560 1160 1267 1160 755 1582 
2514 570 785 2047 2366 2046 2047 2046 2047 2046 
1961 936 2733 328 2842 2052 3003 1668 1900 1668 
1027 2269 1985 1588 73 1027 234 1713 2251 2252 
1243 1348 834 155 2273 280 834 12 362 12 
1551 2269 2066 1965 224 2050 224 2050 224 864 
329 1925 826 561 826 561 826 1200 826 1200 
1325 1520 1121 570 288 570 1126 513 512 514 
1985 2370 1431 1678 74 2380 410 2333 1001 2220 
15 915 255 373 916 373 915 255 373 255 
1405 1951 942 334 1951 334 192 1263 2268 2049 
116 2051 2852 1193 1958 1193 1958 1193 1958 1193 
3264 1520 572 1780 9 1780 572 1224 572 262 
1447 841 13 319 1417 409 13 409 319 1258 
2377 1781 1667 2843 1512 1698 1668 529 1193 3101 
1986 1667 613 1667 613 1667 2139 936 2455 330 
2244 2295 802 2 2349 74 73 1261 2269 2916 
1868 2296 2297 2296 2297 2296 2297 2296 2297 2296 
577 512 2727 1433 2290 1186 1282 1186 1185 1186 
3100 3048 719 1342 3180 3100 3048 974 813 974 
3207 1416 2665 662 238 1421 408 18 61 18 
1212 1833 609 2251 2252 2251 2252 2251 2252 2251 
2710 2629 2695 2807 320 550 40 550 396 293 
958 1512 3144 1512 1781 1512 1781 1512 1781 1512 
920 63 314 63 314 328 407 328 407 328 
588 784 388 904 370 264 370 1506 370 264 
1116 828 888 831 888 831 888 831 888 831 
1198 1148 1332 1110 1332 1110 1332 1714 1332 1110 
1843 82 1675 82 1952 1102 1982 742 161 2406 
777 290 499 2569 777 499 348 1272 444 427 
2221 1779 2348 1385 2987 1 1286 1 95 1 
494 278 1939 2459 321 1939 896 171 441 442 
2462 2050 2109 1985 1863 1707 1499 1431 1707 1977 
826 2813 41 3 197 41 197 41 197 41 
2610 2977 2908 614 830 614 1324 614 830 1324 
543 1418 327 376 327 376 1524 376 601 1420 
929 73 74 2350 2 6 2 6 2 774 
1782 1541 355 445 1541 445 355 445 355 538 
478 73 1564 2252 3149 2150 2269 3124 2064 275 
1204 1959 2788 1186 754 1186 1185 1186 754 1186 
2731 1416 1420 1426 1420 1426 1279 1426 1420 1426 
796 1833 77 1833 77 1833 77 1833 77 1833 
750 74 612 74 555 2 6 2 6 2 
393 245 1275 245 393 1275 245 219 421 420 
2669 257 2683 826 561 826 561 826 561 826 
2942 831 2831 1630 1758 1630 1758 1630 44 1398 
2953 7 3059 7 2094 1957 917 1110 2230 1110 
2345 1982 559 742 1982 742 1982 742 1982 742 
2763 583 582 583 1880 583 1880 583 582 583 
1848 6 2015 2 1766 74 2917 2295 1295 2251 
2264 1504 2053 2057 2054 2061 2054 2061 2054 2057 
3219 2 2916 2 6 2 6 2 2295 6 
312 361 2901 89 269 378 89 378 89 269 
227 1964 442 2760 1481 1484 1481 1484 1481 1484 
1321 919 607 1581 2138 1110 1332 1110 1332 1110 
1817 2865 1817 1179 278 1179 278 1179 278 741 
1940 73 2202 74 73 74 73 74 73 74 
506 388 2631 2630 393 121 219 379 733 2644 
3171 835 1223 1914 836 985 836 985 836 1331 
1077 1504 1891 2053 3233 2054 1549 1 67 1 
129 2630 2631 506 366 1052 366 1052 366 1052 
3151 1781 1667 2167 2060 2059 2060 2059 2060 2059 
1668 204 1668 1899 1668 2103 1668 2103 1668 189 
1623 2940 195 1623 615 12 362 12 362 12 
2772 506 366 220 1165 705 508 704 708 704 
2882 1689 1671 1524 1426 1420 1426 1420 1426 1279 
2681 424 134 313 219 245 379 245 219 245 
3227 1 730 1 67 1 67 1 68 1 
804 831 888 831 888 831 888 831 888 831 
1051 826 3007 826 561 3 1950 3 1950 3 
2424 2213 1147 177 132 1982 742 1982 742 1982 
1602 1468 2927 1958 642 1958 2363 1193 2756 1193 
2042 740 829 1509 829 1509 829 1509 829 835 
2733 407 1583 1781 2842 1781 1953 1781 119 1668 
2035 426 291 944 291 426 357 2035 357 2035 
1124 128 2361 7 1443 1957 1446 1957 1443 1957 
1149 9 1521 1523 1336 513 512 513 512 513 
2208 2053 1504 2053 1385 2053 1385 1920 2057 2054 
947 1 1286 7 3059 1 2471 1 1277 1148 
2720 1199 3277 1199 832 1987 828 888 831 888 
2613 2633 2613 2569 2498 2910 1322 499 1778 1322 
1963 925 1878 925 1878 925 2139 925 2139 925 
743 1217 1731 1217 1140 1664 900 584 899 900 
2867 257 1664 10 1629 3 1326 1664 1423 1731 
2263 1952 2433 1982 742 1982 742 1982 742 1982 
3123 2252 1208 74 2189 6 1280 74 1002 224 
1223 554 3215 835 1992 2049 933 2049 933 583 
2794 1655 538 1541 355 3189 1582 1398 44 832 
791 1211 187 2612 187 2625 296 1211 791 1351 
957 369 727 89 269 350 37 208 37 350 
2541 29 395 403 400 403 400 805 395 22 
959 1186 1184 1186 1184 1186 754 1433 2780 1186 
2885 278 741 1179 3206 1896 2686 1817 1939 227 
2167 2060 1866 2059 1866 571 1518 571 1518 571 
856 1110 1752 1385 2239 1385 495 1385 2361 2053 
1531 1668 2103 1668 2103 1668 2103 1668 2103 1668 
2214 1102 1746 1311 2213 2327 1721 1013 1721 1013 
1910 1873 1667 613 1667 613 1667 613 1667 613 
1952 1882 1915 1882 1915 1440 177 1097 159 837 
1265 2295 2673 2 105 2 2144 6 1431 939 
2265 2064 275 2064 275 2064 275 2064 275 2064 
3201 1700 452 1 1278 1148 1723 1148 7 1446 
202 2527 292 229 788 347 788 152 347 1477 
1938 1135 2063 2058 1135 2415 2057 2061 2054 2061 
1158 82 2331 82 1151 1013 1721 1013 1721 2327 
1605 2052 2051 2059 2060 2059 2060 2059 2060 2059 
114 551 1618 1028 114 551 1028 12 280 12 
1508 829 1509 829 1509 829 1509 829 1508 829 
1611 829 139 829 762 829 473 1498 1105 1323 
1687 1833 999 2295 1118 2150 2098 2064 1905 6 
1754 431 367 1445 2296 2297 2296 2297 2296 2297 
2311 1199 1582 1267 1582 1267 1582 1267 1582 1267 
1468 958 1512 575 925 2139 925 2139 936 1672 
1400 1 1286 1 67 1 68 1 67 1 
3299 1 68 1 68 1 67 1 67 1 
3267 662 2884 662 1416 662 18 61 18 61 
1862 330 2419 63 920 407 889 407 2358 407 
2533 74 2295 1647 74 1001 1370 2251 3041 74 
56 2646 2715 380 351 380 351 380 351 380 
771 1186 2578 1186 699 1186 754 1186 754 932 
1888 1385 2053 1504 1385 2053 1920 2057 1920 2053 
427 444 427 444 427 444 427 444 427 444 
995 512 439 512 514 512 513 512 513 1336 
3287 328 1834 390 2226 322 1749 328 1468 390 
1624 371 1883 1385 2053 1890 1504 2053 1920 2053 
239 2807 2629 320 40 550 380 36 351 380 
224 1001 1707 1431 1001 1431 1707 1431 1001 1431 
2634 2539 2615 2539 2630 1052 366 1052 366 1052 
2351 363 942 334 978 541 334 2049 933 2049 
2680 1668 2103 1668 2103 1668 1900 1668 1900 1668 
2846 1668 2797 1667 2468 314 1794 390 2088 2051 
496 2055 1879 2055 1879 2055 672 326 1335 494 
3058 1668 2971 1668 2103 1668 1899 1668 2103 1668 
212 1102 1377 2475 2343 2213 1721 1013 1353 1311 
580 1523 941 1780 941 1780 941 570 1520 1104 
46 588 544 366 1052 265 375 46 370 375 
623 2251 2252 2251 1388 6 1153 2251 1827 2050 
2817 814 229 814 229 814 229 292 1329 152 
1012 74 73 74 73 1094 73 74 73 74 
1081 1914 342 2279 838 446 1744 605 1744 1263 
286 1957 2888 7 1957 786 1332 1983 1332 1110 
1578 1952 1102 1982 742 1982 742 1982 742 2113 
1197 7 2179 1 67 1 68 1 68 1 
1835 1668 3158 1668 1455 1512 936 2139 925 2139 
1661 932 1238 1523 2253 1141 941 2090 1520 1557 
561 1200 41 197 41 197 41 197 41 197 
201 826 2813 826 561 826 1200 826 1200 826 
228 2703 2948 392 317 316 1250 811 258 811 
476 1581 2170 1581 1702 1581 71 1581 1702 1581 
687 1186 1184 1186 1654 1186 1654 1186 1654 1186 
1544 1 68 1 68 1 68 1 67 1 
2671 852 1371 852 1730 914 1417 840 319 914 
3183 1733 3032 831 888 831 888 831 888 831 
564 2921 1671 168 564 761 564 84 87 84 
2411 1102 1722 2475 1013 1789 2198 1789 1721 2327 
1428 374 257 368 48 368 257 1333 257 2056 
1846 431 3099 431 425 1541 2836 1199 1271 1199 
173 1332 449 7 1957 1086 1332 2170 1581 1702 
2853 2 83 2 6 2 6 2 6 2 
1406 1707 3004 74 2405 73 1056 73 74 73 
3037 1433 932 1433 932 1433 932 701 1232 941 
2824 1186 2169 932 288 1520 2407 262 1959 572 
2337 234 235 234 235 234 235 234 235 234 
2526 1186 754 1186 754 1186 754 1186 1654 1186 
1298 1873 1262 1873 1262 330 1861 2059 2060 2059 
2755 717 2755 187 2625 717 2696 296 2588 296 
1600 2769 1600 656 523 1600 656 1600 523 656 
707 713 707 430 385 685 37 208 289 270 
330 1247 571 2846 2059 2312 1468 571 2052 571 
1211 1351 852 914 1417 840 319 840 879 590 
2762 315 356 3109 225 1829 735 1829 898 735 
3229 941 299 1186 1185 1186 1394 570 3095 1186 
886 1020 2057 1851 1135 1851 1135 2057 2415 1385 
1866 2051 2060 2059 2060 2051 2060 2059 2060 2059 
1700 536 2260 1581 1702 1581 1702 1581 71 1581 
2887 2050 1000 2050 224 864 1707 1431 1707 864 
269 1042 378 267 269 382 269 1042 37 350 
3148 2064 3310 1001 2390 2269 1826 2064 3200 1833 
1426 520 18 61 18 61 18 61 18 61 
3054 1668 1945 1668 759 1193 2723 2059 759 1512 
325 2585 2738 507 706 507 706 507 417 418 
2427 1013 1721 753 2065 2330 1210 132 159 132 
2259 2 2254 1833 77 1833 77 1833 77 1833 
2561 355 372 445 372 355 445 355 445 355 
2080 1789 1013 1353 1013 1721 1013 1721 1013 1721 
842 494 1481 1939 1334 326 1334 171 442 441 
509 418 417 418 417 418 417 418 417 418 
125 1957 610 1957 610 1957 1741 1957 1443 1957 
2435 2323 2061 2054 2061 2323 2061 1700 906 2323 
237 32 109 172 20 21 20 21 20 21 
2 6 105 6 2 6 93 6 2 83 
1982 1093 1102 1923 1952 742 1841 1982 1292 1102 
1745 742 2386 1310 1009 1310 2213 2327 1013 1721 
1678 2069 2066 2069 2066 2069 2066 2069 2066 2069 
2914 1512 987 1518 571 2059 2060 2059 2060 2051 
327 867 327 238 1524 1279 1426 1420 1416 662 
481 240 360 164 25 331 805 30 29 331 
1337 990 1243 2273 715 2273 715 2273 715 2273 
821 2908 440 830 614 1324 614 1324 1300 94 
3170 835 1831 835 1509 605 1263 605 1744 605 
1115 2327 1721 2198 2447 2198 1013 1908 1013 1372 
3215 583 1444 1331 836 1831 835 829 835 829 
882 2323 1938 1 68 1 1286 1148 2446 1332 
1659 12 362 12 362 12 1348 990 1243 2273 
1682 431 432 2297 2296 2024 2297 1303 1782 532 
3022 1433 932 701 932 1433 2253 1433 2253 1433 
2070 1957 2094 7 2446 7 1446 1110 1714 1332 
2295 750 275 864 224 1431 1707 1001 1707 1431 
483 171 672 326 672 326 171 326 1269 326 
1293 1135 2058 2054 2061 2323 2063 2323 1135 2061 
2567 178 915 1167 973 1167 973 1167 973 1167 
3153 2251 2252 2251 3113 2 2333 2 96 6 
3128 831 888 831 1180 1582 1267 1582 1267 1582 
827 3197 604 291 426 2035 426 291 55 604 
1625 3 1625 3 197 688 1382 688 1382 383 
3004 2 2350 1833 2171 234 1063 864 2150 2269 
207 2812 502 500 502 500 502 500 502 500 
1787 1668 2103 1668 2103 1668 2103 1668 1601 1668 
2587 1186 1185 1186 754 1186 754 1186 754 2047 
2210 7 1955 1 1286 1 1286 1 68 1 
455 828 831 888 831 888 831 888 831 888 
180 1148 7 1148 7 1446 1957 1741 1957 1446 
3114 1707 160 2295 1439 2 6 2 6 105 
3255 2051 926 1668 2052 2874 1668 631 1668 1601 
1442 260 890 2054 2057 2054 2057 2054 2057 1920 
3306 1186 754 1186 2581 1186 772 1186 1185 1186 
2370 224 1656 235 1985 235 234 235 234 2252 
1086 7 1479 1110 2361 1504 1513 1504 2053 1385 
8 250 415 199 244 199 244 199 244 199 
2810 2812 502 500 502 500 502 500 502 500 
1340 312 957 216 957 216 312 64 312 64 
348 290 348 290 348 290 348 290 427 444 
1105 1331 1444 1331 836 1331 1744 1263 342 363 
1252 153 1252 539 178 539 533 539 178 539 
1091 514 439 570 1103 570 1103 570 1103 570 
2014 6 3235 6 93 6 2 6 2 6 
3127 1199 2836 831 888 831 888 831 888 831 
59 241 236 241 236 241 107 34 69 34 
1484 2686 1817 558 1817 682 680 442 441 442 
2701 44 1199 832 1199 832 44 832 1199 832 
2838 2059 2060 2059 2060 2059 2060 2059 2060 2059 
18 1420 1416 662 1416 662 110 662 1689 662 
1697 82 2016 1952 2283 1102 858 1102 1982 742 
508 704 504 704 504 704 508 704 508 704 
216 333 651 350 37 208 289 270 289 270 
1456 925 1878 330 2419 925 1410 925 1876 925 
2957 2 2349 2 555 6 1171 73 750 2069 
3291 2058 1124 1135 1851 1135 553 1135 1369 2058 
188 222 360 30 29 30 805 377 481 415 
2393 536 128 890 260 919 1700 260 919 128 
2640 1520 2046 102 1336 514 512 514 512 514 
1004 1186 1599 1232 102 1823 1527 1823 102 1823 
1737 1193 1958 1193 1958 1193 1958 1193 1958 1193 
2773 440 1324 344 625 1358 1705 1358 691 724 
80 393 313 219 245 219 497 185 706 507 
1020 76 1020 371 536 128 890 128 260 890 
1851 1148 1436 1 68 1 67 1 67 1 
1890 2057 2054 2057 2054 2061 2054 2061 2054 2061 
1038 1781 1583 1672 936 1672 936 390 1518 571 
1397 932 2224 1433 1755 2047 2046 2047 2046 2047 
1076 1668 631 1668 2852 1668 203 1668 2103 1668 
716 711 714 707 430 117 430 37 350 37 
326 442 441 442 441 442 441 442 441 442 
1771 826 2818 1664 1140 1217 1140 1217 1140 1217 
2950 661 1600 523 1600 656 1600 656 523 1600 
1314 536 825 919 1700 260 919 128 260 919 
3205 1148 1844 2053 1887 371 536 128 260 890 
1581 300 1504 67 1110 2336 1 970 1779 3072 
1856 1950 1333 2056 368 2056 1333 1217 1140 1217 
1178 1186 2046 2047 2046 2047 2046 2047 2046 2047 
1515 1110 3161 2053 2872 1 1111 1332 1110 1332 
1008 1512 936 2364 1193 1958 1193 1958 1193 1958 
2487 2035 604 944 2809 827 2777 2112 65 3197 
156 2295 3242 6 1157 6 2 6 2 6 
2069 2010 410 1153 2251 2252 2251 2252 2251 2252 
835 3190 829 835 1509 829 1509 829 1508 829 
1879 321 2999 1179 2885 1179 2926 741 1179 278 
747 330 1873 2060 2059 2060 2059 2060 2059 2060 
1396 1740 2731 1689 1546 1689 662 110 1426 1420 
1923 1311 2128 1210 2213 2065 132 2065 2083 2327 
996 1193 1958 1193 1958 1193 1958 1193 1958 1193 
1967 234 1367 235 234 235 234 235 234 235 
1144 1518 1605 571 1518 571 1518 571 1518 571 
2391 235 2001 2064 275 2064 275 2064 308 1985 
349 1244 291 55 323 55 323 55 604 55 
3232 1581 1702 1581 2170 1581 1702 1581 1702 1581 
2067 2323 553 2057 536 1170 7 2650 1779 79 
35 103 2565 237 51 34 45 34 107 34 
267 2805 2566 353 267 378 269 1042 382 1042 
725 2759 89 378 269 350 37 208 37 208 
1006 2060 2167 2059 2060 1866 2060 2059 1125 2059 
254 533 207 533 142 178 142 533 178 153 
3315 864 1001 1384 1833 2432 2252 2394 1431 130 
2379 177 2332 1952 2335 1952 1102 1982 742 1982 
2895 829 1842 1498 3170 1951 573 363 1263 363 
2296 456 538 1398 44 1630 1160 2297 2296 2297 
3214 1833 158 6 1172 6 3235 1833 3154 234 
2307 828 888 831 888 831 888 831 888 831 
949 2252 2251 2252 1441 2251 751 2251 2252 1153 
1501 1667 613 1667 613 1667 613 1667 613 1667 
1486 688 569 306 569 1950 257 374 257 2056 
1453 543 238 327 408 327 376 327 1524 84 
568 933 2875 1263 1088 1263 342 838 2168 363 
2059 407 889 407 1945 1468 3252 1668 203 407 
2071 1672 2167 2060 1866 2060 2059 2060 2059 2060 
997 2069 2066 2069 2066 2069 2066 2069 2066 2069 
2236 82 1952 82 1952 1102 177 132 159 1982 
1297 1102 212 1102 2332 1102 1982 742 1982 742 
2693 1332 1714 1332 1110 1714 1332 1714 1957 1741 
1050 2058 495 1957 1681 2393 1020 76 1020 1053 
1385 1504 1890 1504 1110 2007 7 1469 2054 2886 
2645 1199 832 44 832 44 1630 1758 1630 1758 
263 247 404 223 230 179 59 179 35 66 
365 331 60 338 365 377 481 29 481 338 
1349 280 935 1028 114 1028 114 1028 551 1028 
1550 2049 933 2049 933 583 541 933 583 541 
2699 41 1629 1333 2033 688 2034 1177 10 1177 
2368 48 368 1731 2056 1333 2056 257 368 2056 
1765 1952 931 82 2005 1952 858 1952 1102 1982 
1534 1135 3129 1148 2880 1148 2835 1110 1714 1110 
2317 7 2178 1332 1111 1110 1761 7 1443 1957 
245 379 393 379 313 379 313 379 313 379 
1063 73 74 73 74 73 74 73 74 73 
1061 835 1831 829 1508 829 835 829 835 829 
3140 43 357 1244 426 291 426 2035 426 291 
2134 583 1041 363 1533 363 1404 836 2458 836 
1617 1299 3142 1630 44 832 1199 832 1199 832 
756 1 67 1 68 1 68 1 68 1 
3124 2252 2203 74 893 74 73 74 73 74 
417 497 185 497 424 421 424 421 424 421 
200 1433 1430 2047 1433 698 932 1121 570 2137 
3295 829 1509 829 1509 829 1508 829 1509 829 
445 2296 589 1655 538 372 355 372 355 372 
404 39 404 381 186 381 39 243 309 243 
2500 2273 715 2273 1243 2273 715 676 715 834 
355 367 1160 367 2296 2297 2296 2297 2296 2297 
2727 1433 1559 1186 1773 2047 2046 2047 2046 2047 
937 1957 1446 1957 1446 1957 1741 1957 1443 1957 
1976 82 2243 82 1952 1102 1982 742 1982 742 
2725 2053 490 1504 1385 1354 1020 1019 1385 2053 
2781 2248 268 2248 268 2248 268 1913 554 1913 
1772 829 1508 829 1508 829 1508 829 3014 829 
2310 831 1160 532 2297 2296 2297 2296 2297 2296 
2439 936 1672 1667 613 1667 613 1667 613 1667 
1464 1186 739 1186 1184 1186 1184 1186 754 1186 
2863 1668 2103 1668 2103 1668 2103 1668 2103 1668 
2141 161 1372 305 82 1952 1102 742 1982 1102 
2978 1664 1333 3280 826 3007 826 561 826 561 
1527 1823 1529 1823 1529 1823 921 941 2231 941 
999 2295 6 2295 2 6 2 774 2 2349 
71 1135 2070 2058 2249 1332 71 1020 1685 371 
3070 1668 2103 1668 2103 1668 2103 1668 2103 1668 
2465 1385 1581 2053 2025 1135 1429 7 1793 1504 
668 376 327 238 543 408 327 376 327 376 
3266 829 2792 838 1454 1744 605 1744 605 1913 
2132 2064 3196 275 2064 3124 2269 2240 2050 3309 
1747 1311 2213 2327 1721 1789 1721 1789 1721 1013 
965 1672 809 1668 794 1958 1193 1958 1193 1958 
2792 334 854 2049 1159 583 1404 583 2248 3215 
1216 442 441 442 441 442 441 680 441 442 
1526 2064 275 2064 275 2064 275 2064 275 2064 
2055 1481 1484 1481 686 321 1939 326 1334 326 
2223 1952 2011 82 2045 1009 1976 1982 1102 1083 
2325 1 1549 371 2844 1110 2990 2054 1386 7 
1735 2050 1257 2050 818 234 2120 2252 2251 1370 
1450 832 44 1398 44 1398 44 1630 1758 1630 
2017 2475 2327 1721 1789 1721 1789 1721 1013 1721 
1403 1186 1654 1186 1654 1186 1654 1186 1654 1186 
2364 1518 2363 1193 2329 1193 1958 1193 1958 1193 
2157 919 610 1957 1446 1332 1110 1332 1110 1332 
2993 1186 2993 932 1433 932 1433 932 1433 932 
1828 1985 2220 235 234 235 234 1985 235 234 
1577 1667 2468 1667 613 1667 936 1667 613 1667 
2615 379 1032 379 1032 733 219 245 1275 245 
808 1949 1552 3094 616 1194 616 1194 616 1194 
2169 2046 2047 2046 2047 2046 2047 2046 2047 2046 
429 403 400 30 29 30 29 30 29 30 
1034 2252 2251 2252 2251 2252 2121 234 3219 73 
2257 2252 1828 2050 1695 2050 1431 1707 1431 1707 
155 362 12 362 12 362 12 362 12 362 
1186 1185 1186 193 1433 2290 2046 2047 2046 2047 
1800 1959 262 1959 262 1959 572 1520 1104 1520 
2497 296 791 1351 852 1351 791 1351 791 1351 
1328 1199 457 828 2732 1199 832 1199 832 1199 
2358 1193 1672 1259 1672 936 1667 936 1667 613 
822 1779 79 1779 79 1779 79 1779 1479 1110 
19 54 21 20 21 172 170 52 53 109 
2076 742 2343 2475 2141 2475 2343 2475 1013 1721 
4 243 381 108 38 108 232 108 232 108 
310 135 903 320 40 396 398 396 293 396 
2821 941 2231 941 1520 1104 1520 1104 1520 1104 
94 440 830 821 614 1324 344 1916 261 1916 
3056 831 888 831 888 831 888 831 888 831 
590 1447 409 1258 879 1258 914 319 1417 840 
1784 260 128 2444 128 260 890 260 890 260 
2931 296 187 1903 2114 1626 1628 1627 1628 1627 
3193 235 3148 234 1222 2251 1001 1320 2251 1674 
2011 82 1182 82 1675 82 1915 2198 1789 1721 
384 50 384 50 384 315 356 315 356 315 
1125 571 1393 407 1749 322 571 1518 2059 2060 
3035 2487 65 47 604 55 604 65 47 65 
1947 2050 2391 1985 235 234 235 234 235 234 
597 128 2210 1 68 1 67 1 67 1 
2749 355 445 355 372 355 372 355 372 2297 
3179 879 840 1401 319 1417 914 319 914 319 
464 112 1739 898 735 898 735 225 735 1829 
347 292 1329 292 1709 152 788 152 788 152 
1957 878 128 825 919 825 919 536 825 919 
877 2066 1166 2066 2349 2066 182 2 2854 6 
1664 899 1950 657 1664 1382 688 1333 257 10 
1742 826 561 826 1925 826 561 826 561 826 
3046 275 860 234 235 234 235 234 235 234 
1567 275 2064 275 2064 275 2064 275 2064 275 
2498 2569 216 957 216 1778 499 1778 499 1322 
2365 1523 803 1336 512 514 1336 513 512 513 
1767 1431 1001 1707 1431 1707 1001 1707 1431 1707 
2200 1982 1948 1789 2330 177 1083 1102 1982 132 
2144 2252 3015 73 74 73 74 73 74 73 
2468 1781 3145 1667 936 1672 1518 1672 1858 390 
1493 1 1286 1 67 1 68 1 68 1 
468 469 468 469 468 469 468 469 467 468 
2490 1186 754 1186 754 1186 754 1186 754 1186 
2875 829 1509 829 1509 829 1508 829 1509 829 
2355 407 328 571 328 390 328 390 2052 571 
221 34 51 34 5 28 172 45 34 51 
1505 445 1788 828 888 831 888 831 888 831 
182 2 3004 73 2383 1707 1373 224 2321 2150 
2481 1110 1111 1332 2138 1385 1176 1504 1513 2053 
1933 9 572 2106 1959 2188 1959 572 1104 570 
3049 1416 1396 1689 1546 1689 1671 1416 662 1416 
1631 2047 1360 2398 1360 1241 570 514 513 512 
925 2100 1668 579 1668 2863 1668 1900 1668 3147 
1370 1431 2387 410 2197 2069 2064 275 2064 275 
1924 1504 1729 1504 2414 1581 3205 7 2208 371 
3129 1148 2094 7 1446 1332 1110 1332 1110 1332 
1566 1668 2103 1668 2103 1668 2103 1668 2103 1668 
2648 1299 535 1299 2296 2297 2296 2297 2296 2297 
2718 831 888 831 888 831 888 831 888 831 
830 318 344 1358 1535 1324 614 344 1705 318 
315 1739 898 411 1448 81 464 81 464 1249 
3080 1433 3175 1186 3212 513 2473 512 513 512 
418 266 399 266 423 418 423 418 423 418 
2084 1668 1899 1668 2103 1668 205 1512 1781 926 
1238 932 1433 932 1433 932 1433 932 1433 932 
3105 925 936 1672 936 2742 936 390 996 390 
2560 826 561 41 197 688 383 688 1382 688 
134 733 129 1032 219 497 335 497 335 907 
1092 260 1092 1110 1613 1135 7 1 68 1 
1946 6 174 74 1836 74 2098 74 2484 74 
513 2736 2253 1394 1823 102 1823 1527 1823 102 
3045 7 3013 1581 71 1581 1354 1385 2053 2154 
151 364 902 1165 1024 506 265 506 151 1506 
1629 826 561 826 561 826 561 826 2577 383 
2272 1896 2600 1179 278 1179 278 741 278 558 
2998 296 187 791 1351 791 1351 791 1351 791 
1733 3089 828 831 888 831 888 831 888 831 
424 421 424 421 424 421 420 419 420 419 
415 402 26 389 104 381 404 386 341 243 
1596 919 1321 1581 2758 1 2435 1 1956 1 
2131 2323 2165 1957 284 1957 2415 536 856 128 
1763 1148 2481 7 1110 1332 1110 1332 1714 1332 
1322 333 271 2706 2803 2805 2803 1042 269 1042 
531 1518 571 1518 571 328 571 1518 571 390 
2819 828 888 831 888 831 888 831 888 831 
774 6 1570 1833 77 1833 77 1833 77 1833 
1838 1668 2103 1668 2103 1668 2103 1668 1601 1668 
585 1958 1193 2315 1668 579 1668 2103 1668 3237 
1941 1982 1802 159 2187 742 1982 742 1982 1102 
524 1668 2103 1668 1221 1512 1781 1512 1781 2377 
2670 990 1243 2273 715 834 12 678 1590 1618 
3243 1360 921 1232 1599 1186 754 1186 1654 1186 
1917 63 3020 1668 2627 1668 2103 1668 1221 1512 
2945 256 349 256 3197 2487 827 65 47 65 
643 571 3054 1193 945 1193 749 1468 2426 1468 
964 1668 2874 1668 2103 1668 1601 1668 1601 1958 
3231 1512 2139 936 390 1468 1518 571 1518 571 
3090 1186 754 1186 754 1186 754 1186 754 1186 
1676 74 557 1431 1525 2 750 410 2197 1001 
3313 7 1087 1957 1434 1332 2471 1110 2397 1148 
2260 1957 610 1957 1714 1957 1446 1957 1443 1957 
800 159 212 1102 640 742 1982 742 1982 742 
10 3 41 197 1333 2056 257 368 2056 10 
2402 864 2402 410 3168 6 1222 2252 2251 2252 
3118 2046 940 1433 932 1433 932 701 932 701 
1798 1001 1431 1707 1431 1707 1431 1707 1431 1707 
328 407 328 390 328 390 571 328 571 1518 
3139 1664 3 41 1333 257 2056 257 368 257 
523 1600 656 1600 656 1600 656 1600 523 1600 
754 1780 3076 1186 754 1186 754 1186 1654 1186 
28 20 21 27 109 45 34 5 237 69 
497 335 311 98 359 2616 2643 2616 2546 98 
2421 1957 3013 1581 1702 1581 71 1581 1702 1581 
3113 864 949 224 864 2269 2410 2069 2066 2069 
305 82 493 82 858 1982 1641 1952 1240 82 
375 370 784 388 784 544 151 1506 370 1506 
2227 1504 2375 2053 1581 1176 1504 1293 128 825 
1306 831 888 831 888 831 888 831 888 831 
3303 1385 1920 1385 1920 2057 2054 2061 2054 2061 
1142 328 766 2059 979 1193 1412 1193 3058 1668 
372 2701 1733 3078 1758 372 455 828 888 831 
540 396 2666 510 429 400 403 400 30 422 
2248 605 1744 446 838 2279 838 2279 838 2279 
594 1 68 1 68 1 68 1 68 1 
2255 6 2 6 2 6 2 6 2 83 
2476 2198 1789 1013 1721 1353 1013 1721 1013 1353 
294 2042 294 835 829 1509 829 1508 829 1509 
710 2590 36 380 351 380 351 380 351 380 
2982 1833 1078 1431 224 895 73 1257 2064 557 
265 366 544 1506 370 1506 385 151 1506 370 
1719 1985 235 2417 2064 275 2064 275 2064 275 
527 1833 77 1833 77 1833 77 1833 77 1833 
3158 1668 2103 1668 2103 1668 1219 1512 936 1672 
68 7 1761 7 1748 536 825 919 260 890 
2105 41 2669 826 3009 1200 41 197 3 41 
2483 2069 2066 2069 2066 2069 2066 2069 2066 2069 
2123 2198 1789 177 132 159 132 2213 1908 1210 
1203 829 655 838 1662 838 2279 342 363 342 
909 1332 2151 7 1446 1957 1741 1110 1332 1111 
2294 1982 1555 2475 2065 1210 2327 1013 2198 2447 
2713 2703 2948 317 602 813 974 813 336 229 
462 833 443 713 707 430 117 430 117 430 
2407 1780 2473 572 941 1780 941 1780 941 1780 
962 2 635 2 6 2 6 2 2295 105 
2216 82 1952 1102 1982 2173 1952 2005 1982 742 
1642 1982 742 1982 2256 742 2411 2475 742 212 
589 538 372 355 1733 372 1541 445 355 372 
1489 1952 1768 82 1952 1102 1982 1941 1982 1102 
194 1148 7 1110 1581 1728 1504 2053 1504 2053 
2428 63 314 63 314 330 1468 390 328 571 
81 1422 1538 315 356 315 1538 391 354 391 
2565 45 59 23 246 221 246 170 32 52 
62 337 364 208 364 337 443 364 443 337 
2015 1985 1406 74 73 2918 74 73 74 73 
1088 933 3176 334 1365 1914 1550 933 1323 583 
3262 367 2942 831 888 831 2831 831 888 831 
3048 3100 3048 3100 2811 3100 549 719 974 813 
1626 13 1627 624 841 879 590 1417 879 840 
2796 514 3033 1186 754 1186 754 1186 754 1186 
3039 2064 790 864 2269 2150 2269 2150 2069 2066 
2765 826 2765 826 2825 826 561 826 561 826 
1794 571 1518 571 1518 571 1518 390 328 571 
2357 1102 1292 2475 800 159 1158 159 132 177 
1427 342 1427 342 838 342 363 342 363 342 
734 373 287 49 287 255 915 1146 915 1294 
96 410 3294 2064 275 2064 275 2069 2066 2069 
2354 407 328 571 328 407 328 571 1518 571 
727 726 1340 725 726 727 378 382 1042 353 
1805 2059 2060 2059 2060 2059 2060 2059 2060 2059 
2787 1 1402 1 2758 1 1286 1 67 1 
313 2550 1032 379 313 379 313 219 497 335 
205 1512 1781 1512 1781 1512 1781 1512 1781 2266 
2083 1721 2263 1210 1789 1721 1372 2475 1013 1721 
1728 1581 3272 1581 2170 1581 1702 1581 1702 1581 
1968 1779 71 1581 2170 1957 2210 1 68 1 
240 222 338 240 338 222 338 222 338 331 
2471 1 67 1 68 1 68 1 67 1 
209 234 3194 235 1785 73 3210 2069 2066 2069 
3190 829 653 829 1508 829 1508 829 1508 829 
1147 177 1102 177 1102 177 1102 1982 1102 1982 
2621 1420 1426 1420 1426 1045 1740 340 1740 1279 
3085 1780 3110 1433 932 1433 932 1527 1823 921 
2064 3217 2150 864 2150 864 2150 2269 2150 864 
1865 1780 2969 932 1433 932 701 1232 102 1232 
2309 1782 1541 445 355 372 355 372 1541 445 
2700 2772 2630 2539 2630 1052 366 1052 366 1052 
1128 2051 979 1958 977 1193 975 1193 1958 1193 
2098 74 73 1647 73 74 73 1094 74 1766 
572 1959 262 1959 262 1959 572 1520 1104 1520 
3298 2047 102 1823 921 1823 921 941 9 1780 
984 1630 1758 1630 1758 1630 1758 1630 1758 1630 
3203 1542 3223 1689 1546 1689 1416 662 1416 662 
1154 2057 1459 1504 67 1700 1584 371 1752 260 
1162 1186 2046 2047 2046 1989 1232 2606 932 2822 
3228 572 1162 1959 572 1520 941 1780 572 1103 
390 2136 328 3174 1668 2103 1668 2103 1668 2103 
1416 662 1416 662 1416 662 110 1426 1279 1426 
339 370 339 375 370 264 370 264 1506 370 
1429 2053 1385 1920 2053 1288 1504 1288 1504 2053 
411 225 735 225 735 225 735 1829 735 1829 
1645 1433 1376 1433 932 1433 932 1528 1823 2231 
2916 2 2477 235 1438 2150 2917 74 1127 2050 
1657 832 44 1630 1758 1630 1758 1630 1758 1630 
2832 1504 2053 1504 2053 1504 2053 495 1385 1504 
868 1216 441 2899 227 2869 1335 494 2055 494 
2907 606 661 50 384 50 384 50 1249 735 
1330 1671 376 1524 662 1420 1542 1689 2909 1689 
2437 1504 2057 2054 2061 2054 2061 2054 2057 1920 
2163 1957 2094 7 1446 7 1446 1957 1332 1110 
1606 933 583 933 583 933 1323 583 1323 933 
3301 2295 1368 2252 2251 2252 1892 1833 1824 2251 
2530 445 372 355 372 355 445 372 445 538 
2139 390 951 1667 63 314 1518 571 1834 2052 
2800 1433 932 1433 932 1433 932 1433 932 1433 
452 1779 79 1779 79 1779 79 1779 79 1779 
1472 742 282 742 1575 1952 1843 1952 1102 1982 
3072 7 1110 1332 1714 1332 1110 1332 1110 1332 
1025 1707 1315 6 2121 2252 235 1931 235 234 
2446 1681 1504 2053 1385 2053 1920 2057 2054 2057 
2969 1186 2169 1186 2490 2047 1989 1823 921 1232 
2830 829 2649 836 3278 836 942 363 2279 2042 
1024 1165 1024 1165 375 1165 1024 375 544 151 
333 99 2613 2569 2613 499 1322 1778 216 333 
512 9 2741 9 1521 2047 2046 2047 2046 2246 
1812 571 1518 571 328 407 328 571 328 407 
3038 572 3285 1433 932 701 1232 2231 1232 921 
3053 828 888 831 3143 1299 2520 1733 538 445 
430 117 430 117 430 117 430 117 430 117 
208 711 714 414 430 117 430 37 430 117 
3073 376 1396 1689 1671 564 84 87 84 87 
3240 1782 445 355 372 445 355 445 2296 2297 
2043 1667 2468 314 1953 1781 2377 1667 613 1667 
1895 2213 1372 1908 1013 667 1013 1721 1789 1013 
2870 2050 2918 1431 2269 2150 2410 2066 2069 934 
2430 1148 68 1 2009 2058 2061 2054 2057 2054 
1892 1431 2003 2 2276 2069 2066 2069 2150 864 
2583 1431 1707 1431 1707 1431 1707 1431 1707 1431 
2451 2295 3113 2295 2 6 2 6 2 6 
2929 1433 932 1433 932 1433 932 1433 932 1433 
2952 605 140 363 1263 363 342 363 1263 1744 
2965 1744 653 583 605 1352 268 2248 1744 605 
1046 1 1938 1 1549 1700 2415 536 371 76 
627 2759 2706 312 64 736 333 1042 382 1042 
30 805 395 805 377 805 30 395 30 395 
533 207 778 2498 348 778 2810 290 348 290 
2547 2513 533 142 178 153 254 251 915 734 
2956 1 1944 1 1181 1135 2221 1581 2138 371 
89 378 269 353 685 37 267 269 1042 269 
1054 2050 697 2050 1695 2050 224 1707 1001 1707 
63 2312 63 314 63 314 63 314 328 571 
164 365 240 331 29 331 29 30 29 30 
976 1512 1781 1512 1781 1512 1781 1512 1781 1512 
3008 829 1399 829 1508 829 1509 829 1509 829 
1168 1447 624 13 1258 879 1447 13 840 1401 
2109 235 234 235 234 235 234 235 3148 234 
2546 2616 2643 311 359 479 169 399 169 479 
1922 1668 75 322 1726 390 996 1512 472 390 
3168 74 802 2 6 2 6 2 6 2 
2159 2 796 2069 1553 6 2 6 2 6 
2813 826 561 41 197 41 197 41 197 41 
3226 1148 670 1 67 1 67 1 67 1 
987 1668 2190 407 314 63 314 1667 613 1667 
3283 2062 1224 1959 572 1780 941 572 1224 572 
1192 1512 2377 1781 2267 1781 1512 119 1512 1781 
930 2059 2842 1781 436 571 1518 571 1518 328 
3181 7 1693 7 1148 7 1443 1957 823 1332 
963 2295 2380 6 1713 2064 1826 2064 275 2064 
65 2048 971 291 323 426 971 323 55 604 
1842 1914 554 1913 2168 1744 1263 342 363 342 
1701 536 128 260 919 260 128 890 260 128 
2269 234 3249 73 2 218 2251 2252 1824 2251 
33 52 170 52 32 170 246 241 236 241 
3057 1779 822 1148 1446 1957 823 1957 1741 1957 
2488 368 2368 1177 10 306 10 306 10 257 
2658 832 44 1271 1199 832 1199 832 1199 832 
2397 7 2094 1110 71 1581 71 1779 79 1779 
1114 1020 2431 1681 1504 2053 1385 2053 1385 1504 
954 1958 2364 1193 908 1667 1284 390 2139 390 
2278 260 1973 1148 7 1446 7 1148 7 1443 
229 992 2489 814 336 788 152 1477 49 317 
2774 317 336 317 287 916 1250 347 152 347 
64 333 361 269 1042 382 1042 269 378 269 
3104 826 561 826 1200 41 1333 1217 1140 1217 
1032 2681 479 169 479 325 1022 325 1022 325 
2235 1668 2103 1668 1601 1668 1601 1668 1601 1668 
1173 1829 1173 1829 1173 1829 1173 1829 735 225 
1444 1498 3215 2049 839 933 2049 933 2049 933 
3154 2251 1119 2252 2385 73 2757 1985 1012 73 
2206 661 519 1448 411 1448 1739 225 606 2002 
1062 836 2351 1914 342 2168 605 1913 554 1913 
2193 2252 2417 234 235 2252 2251 2252 2251 2252 
625 318 1358 1300 318 660 318 1535 660 318 
1914 1223 2248 2279 554 3244 829 2975 2042 3126 
1095 936 390 3287 1668 757 314 63 314 407 
3253 2060 924 2060 2059 2060 2059 2060 2059 2060 
3278 541 1203 829 1509 829 1508 829 1509 829 
2791 1200 41 3 197 17 257 2056 10 688 
1395 1823 1336 2290 1336 513 514 513 514 512 
2522 7 1779 2340 1779 2067 1779 79 1779 79 
2399 159 2992 2213 1372 1013 1721 1013 1721 2083 
2087 1672 1812 2051 2037 1958 2742 1512 1999 1512 
1258 1371 717 2829 296 187 2114 1626 1628 1627 
3276 835 829 1509 829 1509 835 829 1509 829 
3172 1952 1932 1102 2029 82 1952 82 1952 82 
1356 2323 670 1 1286 1 1286 1 67 1 
1299 1688 1299 1820 226 1160 2749 831 888 831 
520 1045 1279 1426 1279 1426 1420 1426 1740 1426 
1181 919 2061 2054 2061 2054 2323 1700 890 1700 
419 420 419 420 419 420 419 2714 2738 2585 
1556 1782 528 44 1398 44 1398 44 1630 1758 
2647 830 614 1324 1023 1324 1300 1324 614 1324 
1195 1331 1444 1331 836 1831 829 1509 829 1508 
1021 159 1640 1009 2128 177 1102 1982 1102 1982 
1283 2505 2816 207 58 207 58 207 58 207 
2023 1731 1423 306 10 2056 1950 566 1731 257 
641 1177 374 1327 1217 1589 566 1589 1217 383 
1980 1433 932 1433 1074 1780 9 1523 1780 9 
2743 832 1328 831 3062 828 3262 831 888 831 
3060 74 1646 2 2089 73 2552 6 578 6 
289 270 289 270 289 270 289 270 289 208 
1457 1668 2133 1668 2971 1668 531 1668 2103 1668 
888 831 888 831 888 831 888 831 888 831 
1275 245 421 424 421 424 421 424 733 2550 
3002 262 912 1433 932 1433 932 1433 932 1433 
713 62 175 350 378 2775 124 1042 37 117 
2151 2058 2415 2054 2061 2054 2057 2054 2061 2054 
694 2295 2859 224 1001 1431 1707 1431 1707 1431 
3269 1779 79 1779 79 1779 79 1779 79 1779 
2878 572 2474 2047 1911 1523 1780 2366 1823 921 
95 1957 1332 1714 1957 1446 7 1443 1957 1741 
3065 835 1509 829 835 829 1508 829 1509 829 
2984 554 1660 342 1427 363 1039 838 2279 342 
848 262 1959 572 439 513 514 1336 514 512 
3133 132 1932 1952 3270 1982 2016 82 1952 1102 
2815 2253 1703 1186 1184 1433 932 1433 932 1433 
2826 47 3035 65 2112 323 291 971 323 291 
869 464 225 464 81 464 1249 464 225 735 
3161 1110 1793 2053 1513 1504 2053 1176 1385 1019 
636 2 83 2 6 2 6 2 6 2 
1913 605 1913 605 1744 1263 1088 1498 268 2248 
2189 6 1707 410 2418 410 1001 1707 1001 1707 
2117 2296 2297 1505 538 1655 538 1655 538 1655 
1333 688 1382 688 257 1333 688 1731 10 257 
647 662 1416 662 1416 662 1416 662 18 61 
653 2042 740 2042 1831 835 1509 829 1508 829 
599 2051 2060 2051 2059 2060 2059 2060 2059 2060 
213 464 225 735 225 50 225 1538 50 225 
2383 1833 77 1833 1261 2252 2251 2252 2251 2252 
2775 2759 2706 269 1042 382 1042 269 1042 369 
1372 2017 159 1107 159 132 1982 742 1982 1102 
2288 1700 303 371 2522 1504 2053 2277 371 1020 
1951 3014 334 1040 342 1366 1951 1263 1088 1498 
2654 1 68 1 67 1 68 1 68 1 
1993 275 1762 74 884 2 83 2 1363 2 
193 1433 932 1529 1823 102 1232 2231 1823 921 
379 219 379 1032 379 313 379 313 379 313 
1977 224 1001 1707 1431 1707 1431 1707 1431 1707 
58 1067 176 2513 2531 2513 533 142 533 15 
3178 1829 1538 315 356 315 356 315 356 315 
78 317 316 1136 316 317 602 317 602 813 
2912 1823 921 1823 921 1823 1527 1823 2231 941 
3116 554 3171 1331 1569 1498 1088 1498 1088 1498 
736 361 1042 382 1042 382 1042 353 337 443 
810 1512 2051 596 1668 631 1668 2103 1668 2103 
471 2069 2066 2069 2066 2069 2066 2069 2066 2069 
1576 2062 2241 1224 2062 2474 1780 9 941 1780 
230 179 59 23 170 246 170 32 52 32 
2386 2475 1908 2327 1721 1013 1721 2327 1721 2327 
3029 662 871 1418 1453 238 327 1542 1418 1453 
2384 1833 998 1833 1280 6 2 6 2 6 
2566 2805 2803 269 378 350 269 37 430 117 
514 513 514 512 514 513 512 514 513 512 
2814 1217 3 257 17 688 197 41 197 1333 
1571 1668 1899 1668 2235 1668 2103 1668 2103 1668 
693 2703 316 1146 373 916 255 915 1294 915 
2847 1668 579 1668 2085 1958 2932 1668 2589 1668 
2420 1914 1673 1914 363 1263 1744 1263 268 2248 
1568 1952 1923 1952 2228 1952 858 1952 3270 1952 
2726 2053 1462 1681 2077 1681 1356 1681 536 878 
3082 829 1509 829 2949 829 762 829 1831 835 
2785 2046 3110 1186 1184 1433 932 1433 932 1433 
1589 141 383 1140 1333 688 257 1333 688 2056 
933 1323 583 541 583 541 583 1323 933 2049 
863 322 571 1518 571 328 571 328 571 1518 
2499 717 2696 296 187 2114 1626 1627 1628 1626 
2149 82 1952 82 1952 1102 177 1982 742 1982 
107 34 107 34 51 34 107 34 107 34 
1909 6 1172 6 1172 2295 3071 1985 3301 2295 
1612 1668 2103 1668 2103 1668 2103 1668 2103 1668 
126 63 2312 63 314 63 2312 63 314 63 
2698 661 606 661 606 411 898 225 735 898 
1454 541 933 583 933 1323 583 1323 933 2049 
1500 1581 2835 1504 1513 2053 1288 2053 1960 1504 
1752 1020 1751 1020 371 76 1020 371 1020 371 
2122 235 234 235 234 235 234 235 234 235 
262 921 1823 2137 2047 2046 1521 1780 9 2413 
916 3048 719 974 813 602 336 317 258 811 
3173 314 613 1667 2468 1667 1522 936 1522 1667 
1591 234 2887 2 2132 864 1985 130 235 234 
2920 2042 2557 829 653 541 1201 541 583 933 
639 2269 1027 1833 273 2 6 96 2295 6 
2779 672 3097 1335 2055 1335 494 1335 2055 1334 
2034 826 3077 826 3007 826 561 826 561 826 
270 289 270 289 270 289 270 289 270 289 
1979 234 235 234 235 234 235 234 235 234 
3047 41 1326 899 900 899 584 900 899 584 
3220 410 2418 410 1027 2252 2392 2252 2251 2252 
3007 826 1200 826 561 826 561 826 561 826 
2928 832 44 1398 44 1398 44 1630 1758 1630 
758 741 278 1179 278 1179 1817 682 1817 2272 
1599 1186 3230 1186 1185 1186 646 1186 1185 1186 
1809 864 1109 234 235 1826 1985 1012 6 555 
1943 513 2896 1433 1230 1360 298 1186 1184 1186 
279 2297 832 44 1398 44 1398 44 1398 44 
1495 2323 1290 260 919 825 919 2061 2323 2319 
2050 750 1985 860 234 1985 235 234 235 234 
1638 1186 754 1186 754 1186 1654 1186 1654 1186 
722 316 1383 1136 316 317 602 317 602 317 
250 402 324 164 395 805 395 30 29 22 
1877 1512 1999 936 390 1522 1667 613 1667 613 
1217 2638 1731 688 1382 688 1382 688 1382 688 
578 2 2265 2064 275 2064 275 2064 275 2064 
86 317 336 602 317 316 317 602 317 602 
2247 1873 461 1873 330 314 63 314 407 328 
2308 828 831 888 1199 1758 1299 1630 1199 3127 
1165 151 385 62 462 430 37 430 117 430 
2851 371 76 1020 76 371 1020 371 128 260 
368 566 1480 1217 744 1217 2764 899 17 899 
592 6 1874 6 3247 1833 997 1833 2108 2295 
272 936 1259 1672 936 2139 936 1667 936 1672 
1185 2062 1703 9 1972 2253 1232 102 1823 102 
1832 2046 2180 1780 1325 570 1104 1520 1104 1520 
876 826 3007 826 561 826 561 1200 41 3 
813 1250 229 814 336 602 317 602 813 974 
2799 261 1535 724 691 724 318 660 318 660 
1415 513 439 570 1103 1520 1104 570 572 1959 
2250 1 68 1 68 1 67 1 68 1 
75 1668 2103 1668 2103 1668 2103 1668 2103 1668 
542 2515 990 1243 2273 715 2273 715 2273 715 
167 1637 167 1637 167 1637 167 1637 167 1637 
742 1697 2213 1722 2475 1292 742 2476 132 2386 
1309 1833 1967 2251 2252 2251 2252 2251 2252 2251 
548 741 278 1179 278 741 1179 1817 2272 1817 
1323 1331 486 1914 2166 2049 1913 605 1795 342 
1287 1782 2296 2297 2296 2297 2296 2297 2296 2297 
938 2 6 2 6 2 6 2295 6 2 
2241 1232 2964 1186 2046 2047 2046 2047 2046 2047 
444 780 2633 2569 2613 1322 207 58 539 58 
259 778 782 780 782 780 782 780 782 780 
206 1148 7 1110 1332 1110 1332 1110 1332 1714 
770 2297 226 1450 2296 2297 2296 2297 2296 2297 
1674 6 1368 6 2384 6 1833 2 2255 6 
1041 363 854 1263 1498 2248 268 1498 2248 268 
2736 1780 580 1523 1780 941 1780 1520 1104 1520 
1419 2253 1972 2253 1972 1823 2137 1336 512 514 
317 693 734 255 734 373 1146 373 916 258 
2992 1013 2198 1915 2198 1915 2198 1915 2198 1915 
1964 227 896 680 441 442 441 442 441 442 
538 355 372 2117 1541 787 1733 538 1655 538 
2748 1135 2057 1235 1700 260 890 260 890 128 
1118 2295 1296 6 2 6 2 6 2 6 
768 1331 1444 1331 1248 836 2620 836 1331 836 
488 1667 996 936 1512 1727 936 2455 322 1142 
1932 1311 1923 1952 2005 82 1768 159 2386 132 
680 442 441 442 441 442 441 442 441 442 
3005 275 2269 2410 2269 2150 2069 2066 2069 2066 
1366 838 1039 363 1263 363 342 363 1263 363 
276 1668 1726 314 1811 314 328 1807 1512 1961 
389 402 394 415 402 394 402 26 402 397 
2107 1833 2193 2251 2252 2251 2252 2251 2252 2251 
3198 1908 2187 742 1908 82 2156 742 1982 132 
1471 1193 1583 936 2469 63 1319 63 1175 1468 
3071 73 410 997 2251 2252 2251 2252 2251 2252 
1218 1523 577 1523 577 1523 1520 200 2047 2126 
2788 513 512 1989 1186 1185 1186 1185 1186 3106 
621 1336 2473 1232 288 1232 1911 941 1122 1520 
1724 7 3146 7 1446 1957 1446 1957 1443 7 
394 402 26 381 242 108 115 108 232 108 
401 92 403 400 403 429 403 429 380 351 
1603 512 513 1527 941 2126 9 1467 1520 1419 
2289 1630 1758 1630 1758 1630 1758 1630 44 1630 
1903 1417 872 840 2114 791 1351 791 1351 791 
2094 7 1086 7 1148 7 1446 7 1110 1332 
1312 235 3122 2295 2 6 93 6 2 6 
859 1311 1908 1009 2213 1908 2213 1310 2213 1310 
598 511 470 511 470 511 598 511 470 511 
1937 132 3218 1952 1923 1952 2256 1982 2173 1952 
436 2052 2877 1193 1958 2315 1958 1410 925 1877 
1859 1833 77 1833 77 1833 77 1833 77 1833 
1049 1829 735 384 870 661 1070 661 606 661 
2511 44 1630 1758 1630 1758 1630 1758 1630 1758 
721 502 500 502 500 502 500 502 500 502 
1836 2295 2096 73 1836 74 2098 1001 2254 2295 
1290 1 68 1 68 1 68 1 68 1 
2673 410 1474 410 2418 410 1981 73 74 73 
1506 388 904 388 264 46 375 506 375 46 
1498 3166 1914 554 1233 1913 554 1233 1913 1233 
1003 2 3071 2295 160 2252 3149 74 73 74 
1188 1336 514 513 514 512 514 512 514 512 
122 2069 2066 2069 2066 2069 2066 2069 2066 2069 
1546 376 327 543 327 376 327 408 327 408 
613 63 314 63 314 63 314 63 314 63 
1939 2891 1777 680 1777 675 442 441 442 441 
2643 310 907 969 907 399 969 907 405 135 
1844 1700 919 260 128 890 128 919 536 128 
111 442 896 227 171 326 442 441 675 442 
275 2350 74 1564 2 2916 2 2295 2 6 
993 2610 2635 440 614 1324 1023 691 724 691 
2523 73 2232 1985 1514 2252 2251 2252 2251 2252 
252 337 462 385 430 37 208 37 430 117 
1143 1512 1922 328 748 1468 1878 925 2756 1668 
2910 259 1272 259 1272 259 1272 444 1272 444 
1751 1779 79 1110 2138 371 1206 260 822 1020 
3256 1504 2053 1385 1920 1385 2053 1385 2053 1504 
1399 829 1508 829 1508 829 1509 829 1508 829 
806 1020 2388 536 825 919 260 890 919 260 
293 100 40 396 293 380 351 380 36 351 
306 10 2056 257 2056 257 1333 2056 1333 257 
2291 1512 524 1512 1781 1512 1781 1512 1781 1512 
342 838 446 363 342 1914 554 1233 1913 554 
474 1 68 1 1784 1 67 1 1549 1 
1727 2052 2051 2059 2060 2059 2060 2059 2060 2059 
341 2540 2690 2687 2690 2687 70 107 34 51 
2178 7 1443 1957 1443 1957 1446 1957 1741 1957 
802 6 2 6 2 6 2 6 96 6 
1811 1468 1175 1468 571 2052 571 1518 571 1518 
1480 1589 2026 899 900 899 900 899 584 899 
911 1 67 1 1944 1 1286 1 68 1 
1974 2475 894 1311 159 1908 2327 1353 1210 1372 
465 13 590 879 590 840 1417 319 840 841 
2332 159 1658 742 159 850 161 1013 2327 1908 
860 2064 3124 2064 275 2064 275 2064 275 2064 
2398 1336 514 512 513 512 513 514 512 514 
2143 1958 1193 1958 1193 1958 1193 1958 1193 1958 
1622 2 6 2 6 2 83 2 6 2 
1387 1789 1721 1789 1721 1013 1721 2327 1721 1789 
711 714 707 713 707 1506 370 506 851 705 
1233 554 1233 554 1914 363 342 363 342 363 
1286 1 68 1 67 1 68 1 67 1 
1815 1958 3016 1512 1781 1512 1781 1512 1781 1512 
2507 1627 1628 1627 1628 1627 1628 1627 1628 1627 
2876 828 831 888 831 888 831 888 831 888 
434 1523 1780 1520 1104 1520 1959 262 1959 572 
1587 1020 1584 1020 1053 2053 1504 1385 1702 1581 
1163 1950 1856 1731 1327 368 374 2056 368 2814 
2596 390 2060 2030 1512 2111 1512 1219 1512 1781 
338 222 338 331 338 222 240 222 338 240 
2902 1186 2490 932 2224 1433 2822 1433 932 1433 
3101 925 574 925 2139 936 1672 936 1672 936 
1277 1148 2446 1148 68 1110 2170 7 1723 1148 
1346 1243 2273 715 2273 715 2273 715 2273 715 
1060 1512 2139 1667 2936 1781 1220 1512 2270 936 
2484 74 1679 73 2044 6 2 6 2 6 
2058 1036 371 2061 2054 2061 2054 2061 1135 1797 
971 256 827 323 971 323 1244 426 2035 426 
1547 74 2918 74 3246 2 73 1863 410 1001 
437 512 1527 932 739 1186 754 2047 2046 2047 
2711 542 676 542 968 12 678 1590 615 1590 
501 2590 380 40 550 343 405 907 969 907 
1690 1518 3275 1873 2469 936 1672 936 1672 936 
1995 2295 3113 2295 2 6 105 6 96 6 
97 23 59 23 59 23 59 23 45 221 
1355 260 1724 2054 878 260 2320 919 825 919 
2062 1224 1780 941 2231 941 1520 572 1520 570 
712 2803 2805 270 2981 270 289 353 337 443 
1639 1668 1899 1668 2103 1668 2103 1668 2103 1668 
281 1672 1234 2052 2247 2051 2059 2060 2059 2060 
3265 831 888 831 888 831 888 831 888 831 
1302 826 3104 826 561 826 561 41 197 41 
2807 703 501 710 501 503 501 503 501 710 
2786 1668 1900 1668 2103 1668 2103 1668 2103 1668 
1028 1337 990 1243 2273 715 2273 715 2273 1243 
403 429 403 377 365 397 389 115 104 250 
172 5 109 33 23 31 236 35 66 150 
428 368 257 368 374 257 2056 1217 1140 1217 
2667 1538 315 356 315 356 315 356 315 356 
2037 925 810 1668 189 1668 1635 1668 2103 1668 
2041 1958 1193 1958 1193 1958 1193 1958 1193 1958 
1215 1332 2768 1110 1332 1110 1814 1110 2208 1385 
979 1193 2143 1512 147 925 1963 925 1877 925 
2927 1958 1560 1193 951 1668 2103 1668 2103 1668 
1353 1009 1310 2330 161 1747 132 159 1158 1102 
1981 74 73 74 73 74 73 74 73 74 
1193 1958 123 1958 1193 1958 1193 1958 1193 1958 
132 1658 132 2369 1102 1982 742 1982 1102 1982 
2844 1581 1887 371 1020 371 1020 371 128 890 
1613 2058 2145 1779 1110 1714 1332 1110 1332 1110 
2552 2050 3310 74 3249 74 73 74 73 74 
1189 1186 698 1186 1185 1433 932 1433 932 1433 
1253 235 234 235 1025 235 234 2252 2251 2252 
2148 74 3005 2 6 2 6 2 578 2 
1327 383 2694 826 2765 826 3007 826 561 826 
2211 1148 522 2058 1748 2057 1135 2058 1135 2146 
942 1331 1248 363 1263 342 363 342 363 342 
2025 1135 2057 536 128 260 890 260 890 260 
2350 2 6 2 6 93 6 93 6 2 
1969 1148 1313 1 1516 7 1446 1957 1446 1957 
1797 1148 7 1741 1332 1110 1332 1110 1332 1110 
3109 661 2907 1829 2352 356 225 2907 606 2002 
575 322 126 1193 925 1852 1958 1193 1958 1193 
535 2297 2296 2297 372 355 372 445 372 355 
199 394 415 394 402 397 389 485 397 485 
2119 1789 1721 2327 1721 1013 1721 1013 1721 2327 
2535 826 561 826 561 826 1200 826 1200 826 
168 543 1418 408 543 1418 543 1418 543 1418 
2195 1431 1707 1863 410 2418 410 1001 1431 1707 
2518 368 10 3069 1333 899 900 899 584 899 
2133 63 2468 1667 936 390 328 1468 390 1518 
3108 268 1263 363 1263 342 1263 363 342 2248 
44 832 44 832 1199 832 1199 832 1199 832 
825 919 825 128 536 128 919 260 919 260 
1242 2 2350 2 6 2 6 2 2295 6 
1991 1744 3150 583 1819 1951 838 3190 829 1508 
1768 1013 1210 161 1372 2213 1310 2213 1009 2213 
3147 1512 1781 1512 1781 1512 1781 1512 1781 1512 
3115 829 835 829 1509 829 1509 829 1508 829 
1897 2323 2472 2057 1624 371 76 1020 76 371 
1440 1915 2080 1915 2080 1915 1882 1915 2080 1915 
2097 390 1468 390 1518 571 1518 571 1518 571 
308 1833 77 1833 77 1833 77 1833 77 1833 
408 327 408 327 1542 327 408 327 1420 1426 
833 443 720 784 265 57 220 812 1165 812 
1863 410 1474 410 1474 410 2197 1001 1431 1707 
973 469 2900 1497 467 469 467 468 469 467 
3206 741 548 1179 278 1179 278 741 1179 278 
683 675 2962 741 278 741 278 558 278 1179 
2964 1186 1185 1186 754 1186 1184 1186 695 932 
1235 2058 1135 1385 2063 2058 1135 2063 2323 1214 
2933 1668 2961 925 976 1193 1410 925 574 390 
350 1042 382 1042 382 1042 353 337 443 364 
738 1148 2093 1020 76 1020 76 371 76 1020 
356 387 356 315 356 1538 315 356 387 356 
2574 1 180 1 67 1 68 1 67 1 
1654 1186 754 1186 754 1186 754 1186 1654 1186 
579 1668 1794 1468 328 1221 1193 1958 1193 1958 
3 745 826 17 2524 17 306 48 306 10 
702 1520 1783 941 2795 1186 2780 1433 932 1433 
1799 1985 2318 235 2917 73 1874 73 1892 73 
2515 990 1243 2273 715 2273 715 2273 715 2273 
2524 1333 2056 900 566 1589 566 2056 368 257 
1499 1707 1431 1707 1431 1707 1431 1707 1431 1707 
1637 2558 2774 1136 722 1136 316 317 316 317 
1463 1681 2157 1681 2313 1504 2431 1385 1728 2053 
1084 1733 372 2297 2296 2297 2296 2297 2296 2297 
1132 1332 2442 2054 1037 1020 495 1385 1960 1385 
2302 235 3041 6 3315 275 3315 275 2064 275 
2203 74 1056 2 578 6 2 6 2295 6 
2715 510 351 380 550 343 36 405 907 418 
1202 1193 1958 1193 1958 1193 1958 1193 1958 1193 
1424 808 616 1194 616 1194 616 1194 616 1194 
724 1358 1535 1358 1535 318 660 318 344 318 
1359 742 1237 82 1952 1102 177 1102 177 1102 
414 270 2614 2564 2614 289 270 289 270 289 
1475 1985 612 73 74 73 74 73 74 73 
2030 1512 1781 1512 1781 1512 1781 1512 1781 1512 
1433 3022 1433 932 701 932 1433 932 701 1232 
470 511 598 403 56 240 2541 2623 2541 2549 
861 1135 2058 2323 2061 2057 1920 2057 1920 2057 
2292 322 489 2060 1961 936 1672 936 925 2419 
667 1013 2327 1721 2083 1721 1013 1721 2327 1721 
179 59 179 59 179 59 23 59 179 59 
2761 826 2518 826 561 826 1200 826 1200 41 
319 2829 296 187 791 1351 791 1351 852 1351 
220 2700 2644 2634 2539 505 504 57 504 57 
539 533 142 533 915 255 373 915 1252 153 
3239 1950 257 2056 257 1423 1217 688 1333 257 
1391 925 936 2139 1512 2267 1781 1512 1781 1512 
645 1224 848 1186 1185 1186 754 1186 754 1186 
1601 1512 1781 1512 1781 1512 1781 1512 1781 1512 
219 1032 379 1032 379 313 379 313 379 313 
1753 1952 1115 1952 1102 2173 1952 3270 1982 892 
2573 1179 873 741 2510 741 2865 1817 682 1817 
2776 1484 1481 494 2999 741 278 1179 278 741 
2520 831 888 831 2032 831 888 831 2024 226 
490 1779 1390 1504 1513 1504 2375 1504 1356 1681 
2433 1952 1115 1908 1210 1908 1210 1908 1013 1721 
2412 1672 1518 571 328 407 328 1518 571 1518 
3268 1498 268 1498 1913 1233 554 1913 1233 1913 
2842 322 571 328 407 328 571 328 407 328 
1087 1148 2094 7 1086 1957 1332 1714 1332 1110 
873 675 3225 326 1216 1268 672 171 227 896 
2032 832 3128 1299 1630 2296 2448 2296 2297 2296 
1971 371 1020 371 76 371 1020 371 536 128 
1966 864 2110 2269 2150 1966 275 2064 275 2064 
1254 1 2832 1 1286 1 2006 1 1286 1385 
3055 1668 2103 1668 2103 1668 1601 1668 2103 1668 
2369 1311 2213 2065 132 1210 132 1210 132 2065 
2660 56 16 56 16 56 16 56 16 56 
1955 1 68 1 67 1 68 1 67 1 
532 44 1758 1630 1657 832 1199 832 535 1630 
280 834 1243 2273 1243 2273 1243 834 2935 990 
2517 337 385 851 385 685 385 685 385 902 
105 2269 1743 1001 1707 1431 1707 1001 1431 1707 
1539 538 355 372 1655 589 1541 372 445 355 
361 333 361 216 957 216 957 216 957 216 
50 1448 1739 735 225 735 1739 735 225 735 
1656 2050 2318 2050 1000 2050 697 2050 818 2050 
1448 354 391 354 1448 411 898 656 1249 1173 
832 184 1630 2289 1299 1758 1630 44 1398 44 
2934 1351 852 1351 791 1351 852 2114 1351 2114 
2521 725 712 727 378 89 269 1042 369 627 
1068 1249 50 225 464 735 225 735 898 225 
1684 570 1104 941 2396 941 1520 1104 1360 921 
2328 234 1875 74 2269 1979 74 694 2 6 
753 2065 2083 1721 1013 1721 1013 1210 1908 2213 
2387 1431 998 2251 3246 2295 3113 2295 866 2295 
1569 829 762 829 1508 829 1508 829 835 829 
1998 1581 1888 2323 371 1293 919 260 890 128 
366 375 2772 2630 2615 505 704 1165 1024 375 
14 24 14 27 237 69 237 27 172 14 
690 1385 1891 2053 1504 2053 2154 1504 1960 1385 
1058 829 1509 829 3108 2248 268 1913 1744 1263 
2164 1020 937 1 1170 1110 1581 2170 1581 71 
817 1279 1426 1524 327 376 327 376 327 1524 
634 1 2873 1 1286 1 3254 1 2654 1 
1908 159 132 159 132 2065 132 2065 132 159 
2145 1779 79 1779 79 1779 2151 1779 79 1779 
2458 836 3266 829 2492 829 762 363 2454 342 
2485 1779 2393 371 1624 536 1748 536 1763 536 
1031 1671 564 761 564 761 564 84 843 1524 
466 383 141 383 1217 744 1217 1333 257 368 
2443 1020 3112 1110 728 1148 7 1446 1957 1446 
1513 1504 2264 1957 1887 371 1648 371 1020 76 
2319 2058 1135 2058 2063 2323 1214 2323 1214 2323 
1222 2050 1947 2050 1695 2050 2091 2050 818 1001 
631 1668 2103 1668 2103 1668 2103 1668 2103 1668 
1666 2066 2069 2066 2069 2066 2069 2066 2069 2066 
2812 500 502 500 502 500 502 500 502 500 
2461 74 611 224 864 2150 2269 2150 2269 2150 
1392 1186 754 1186 754 1186 754 1186 754 1186 
2218 1914 554 1913 1498 268 2248 268 1913 1498 
2659 1186 754 2047 2046 2047 2046 2047 2046 2047 
2029 1102 1097 742 1640 742 2187 742 837 742 
619 941 1520 572 1104 1520 941 1780 1224 572 
460 1538 225 1538 356 315 356 315 356 315 
2474 1780 1520 262 1959 262 572 1104 1520 572 
3166 835 2965 829 1509 829 700 829 835 829 
1119 2252 1804 1707 877 1001 2066 3124 275 2064 
2981 714 2566 124 353 267 337 350 337 353 
3284 17 1305 826 2488 41 1327 368 306 10 
1905 6 555 2 2854 6 2 6 2 6 
1248 1331 1744 342 1263 363 2248 268 1498 268 
571 631 1668 529 1668 1899 1668 1601 1958 1193 
814 663 814 663 152 788 152 49 152 788 
600 128 260 890 128 260 919 260 919 128 
2438 224 2050 1431 1707 1431 1707 1431 1707 1431 
323 2502 55 2112 43 1244 55 85 944 291 
1183 73 1094 73 1874 73 2641 73 74 73 
2983 1249 50 1249 898 735 898 735 225 735 
3273 1135 2747 2057 2061 2323 2063 2323 2063 2323 
2769 523 1600 656 1600 656 1600 656 1600 656 
363 1039 838 1857 1323 2049 2268 2049 933 583 
3309 2 6 2 83 2 83 2 6 93 
1827 6 2066 1864 2269 2410 2269 2150 2269 864 
3234 2059 1861 330 314 63 314 407 322 571 
783 183 290 3091 207 58 539 58 539 1252 
353 267 2566 117 2517 2614 2517 2717 2517 2717 
2694 826 2683 306 257 368 329 368 329 368 
1461 177 2399 1952 2395 82 1952 2294 82 1952 
2642 2150 2269 2069 2066 2069 2066 2069 2066 2069 
2239 260 1700 919 825 919 128 890 260 890 
936 924 63 2301 1873 1262 1873 2059 2060 2059 
781 462 902 364 902 339 904 388 370 264 
3274 1 67 1 3291 1581 2170 1581 2170 1581 
3084 1630 1758 1299 2296 2297 2296 2297 2296 2297 
3305 1418 543 408 327 376 327 408 327 408 
569 899 374 1327 1217 257 2056 257 1333 257 
2525 829 1508 829 1508 829 1509 829 1509 829 
549 258 3048 3100 49 373 258 49 292 1329 
2313 1681 2388 1681 1504 2053 1385 1019 1504 2053 
2209 554 1913 554 1233 1913 554 605 446 838 
1942 829 192 933 1233 1913 554 1913 1498 1088 
1881 583 933 583 541 583 541 583 541 583 
2900 469 1167 915 233 533 142 533 142 533 
2542 386 241 34 246 34 237 32 20 33 
2961 1668 2103 1668 2103 1668 2103 1668 1601 1781 
1583 330 1873 330 1468 328 571 1518 571 2052 
2962 441 442 441 547 441 442 441 442 441 
383 1664 2056 257 2056 257 10 1177 10 257 
218 234 235 234 235 234 235 234 235 234 
1369 1135 2058 1135 2063 2054 2061 2054 2323 2075 
765 829 3108 829 1508 829 1508 829 1509 829 
1070 661 606 661 606 661 1173 1829 1173 1829 
2989 1689 1546 1689 1546 1689 1546 1689 2882 1689 
1884 835 1913 1744 605 1744 605 1913 268 2248 
1615 925 461 1512 330 575 2051 488 2059 1259 
1627 2551 2114 296 1447 1626 3164 717 590 840 
883 1433 438 941 2374 514 512 514 513 514 
299 9 577 2047 2046 2047 2046 941 1972 1232 
3003 314 1060 1958 1193 1958 1193 1958 1193 1958 
663 202 2527 2489 2817 229 336 602 317 316 
2569 499 1322 499 1778 1322 499 1778 1322 1778 
2335 159 1650 82 1952 1102 177 132 159 132 
1247 1193 322 1794 571 1518 390 328 1518 390 
2571 1873 889 571 930 1668 2103 1668 2103 1668 
2372 2 6 2 6 2 6 2 6 2 
910 2058 806 2323 1332 1434 1957 1434 1957 1087 
2751 741 278 1179 278 1179 278 1179 278 741 
2156 742 1982 742 1640 742 1472 1952 1792 1952 
2331 1102 2332 1102 1982 742 1982 742 1982 742 
3293 1512 1727 1512 1602 1781 2266 1781 2377 1667 
2894 662 520 18 61 18 61 18 61 18 
1488 826 3009 826 2765 826 3007 826 2488 3 
261 724 691 724 691 724 691 724 691 724 
11 485 108 115 104 115 244 115 104 11 
112 606 661 606 661 606 661 606 661 606 
829 1857 933 583 541 583 541 583 541 583 
1953 1781 1986 1667 613 1667 613 1667 936 1672 
2539 504 80 121 80 121 80 121 80 2630 
1997 2 1898 2295 2 6 2 6 77 1833 
2102 1332 2099 2058 2841 1332 194 1148 7 1443 
38 413 412 324 2549 397 2549 2541 412 397 
1781 1583 1468 2456 390 789 2052 571 322 328 
529 1668 2071 1668 631 1668 1900 1512 1465 571 
2396 9 2396 9 2253 2231 1823 1527 1823 1529 
3013 1110 1962 1148 1469 7 2179 1332 1277 1148 
1122 2047 2889 1433 932 1433 932 1433 932 1433 
998 410 2432 73 1441 224 1276 2252 922 2252 
1317 63 987 2052 524 1512 1781 1512 119 1512 
545 442 896 442 441 442 441 442 441 442 
875 828 831 888 831 888 831 888 831 888 
2858 826 561 826 561 826 1200 826 1200 826 
1000 2050 2240 224 1001 1707 1001 1431 1001 1431 
2341 742 1982 742 1982 742 1982 742 1982 742 
1470 583 1831 829 1509 829 1508 829 1508 829 
1988 2050 1591 224 1965 224 1127 1833 997 6 
2478 2 2295 96 6 105 6 2 6 2 
2403 2295 887 410 1863 6 2 6 2 6 
1595 82 1264 82 3198 82 1952 3270 1952 1102 
675 1777 442 441 442 441 442 441 442 441 
688 1333 257 2056 257 368 1731 1589 1731 10 
1744 2049 933 1323 583 933 583 933 2049 933 
2219 2053 1920 2057 1135 2058 1135 2058 1135 2323 
431 1657 1733 1014 831 888 831 888 831 888 
300 1 1148 746 7 2316 1148 2093 1332 1702 
2527 336 992 2489 814 229 336 813 974 813 
1398 44 1398 44 1398 44 1398 44 1630 1758 
879 624 879 624 13 409 590 409 840 1401 
2205 742 2187 742 1982 1102 1982 742 1982 742 
2899 1484 1481 1484 1481 1484 1481 1484 2899 1335 
178 142 1067 2744 1425 533 15 233 15 444 
704 508 704 508 704 508 704 508 704 708 
486 268 2837 933 1059 554 2209 554 1913 268 
1746 1311 2213 1009 132 1009 2213 1210 1908 2327 
3294 275 2069 2066 2069 2066 2069 2066 2069 2066 
1565 82 1952 82 1952 82 305 82 1952 1697 
1133 372 1782 372 1449 2297 184 1299 2296 2297 
196 1957 2481 1332 1110 1332 1110 1332 1110 1332 
3167 2053 1504 1385 2053 1385 2053 1920 2057 2054 
775 2 938 6 2523 1833 2470 1833 2124 2295 
2717 711 2521 2622 2521 2622 2566 2803 267 378 
2702 2709 2702 1071 1709 664 152 347 152 347 
1814 1110 1479 1581 476 2053 1887 371 1020 76 
2003 234 1804 1985 235 1025 1707 1431 1707 1001 
84 61 18 61 18 61 18 61 18 61 
672 326 896 442 441 442 546 441 442 441 
2334 74 1118 74 73 3005 2 6 2 1075 
376 1869 1524 238 327 408 327 408 327 1524 
1769 2198 1210 1929 1982 2173 742 1976 82 2466 
2805 736 312 1042 736 651 37 350 269 1042 
2903 742 2256 1982 3133 1952 2447 2198 1721 1013 
2051 3234 2051 2059 2060 2059 2060 2059 2060 2059 
238 113 376 327 376 327 408 327 408 327 
93 2252 2251 2252 2251 2252 2251 2252 2251 2252 
805 400 403 400 805 400 403 400 403 400 
1999 2052 629 328 1468 571 322 407 328 1518 
1414 589 1505 1733 445 1541 355 372 355 445 
1802 82 2207 82 1952 1102 1982 742 1982 742 
2226 1468 328 407 1593 328 407 328 571 1518 
917 1957 1651 1 2435 1 68 2053 822 1110 
2503 989 808 562 989 1949 106 616 2652 1552 
3110 1186 1392 2047 1098 513 514 754 1186 1185 
2689 1332 2340 1779 79 1779 79 1779 79 1779 
2176 2269 2150 2269 864 1431 1707 1001 1707 1431 
1823 1755 2047 2606 1520 572 1959 262 1959 572 
3016 1512 2111 936 390 328 1518 314 328 407 
1648 371 536 1763 536 1748 128 536 1700 919 
1015 2053 2851 1 67 1 67 1 67 1 
1308 2042 2965 835 829 1508 829 1508 829 1508 
820 1433 1527 1823 1527 570 1933 2046 2047 2046 
2644 379 313 379 313 379 313 379 313 379 
3097 672 1879 1335 1269 326 1939 1334 227 896 
425 2296 2297 2296 2297 2296 2297 2296 2297 2296 
235 3249 864 2269 1063 235 234 235 234 235 
225 1249 2983 1249 2002 735 972 1249 2002 606 
2611 61 1420 1426 1420 1426 1279 1426 1279 1426 
2234 1668 2087 1668 2103 1668 2103 1668 2103 1668 
450 812 1165 1024 506 375 265 375 264 370 
2504 562 1552 808 943 1507 943 106 1949 106 
1520 2222 941 2473 1780 3085 932 2106 941 1520 
2790 541 2408 268 2248 268 2248 268 1263 1498 
2519 899 1486 826 561 826 1163 826 2699 826 
1459 1581 2654 2057 166 1581 476 1581 1702 1581 
2730 1721 1013 1721 1013 1721 1013 1721 2327 1908 
141 383 1664 905 306 1327 900 899 900 899 
1590 678 551 1028 551 1590 551 12 362 12 
2901 725 712 725 1042 2766 3111 2775 2766 669 
1206 1332 1111 1332 1714 1957 1446 7 1443 1957 
7 2787 1779 79 1779 79 1779 79 1779 79 
928 829 3050 829 835 829 1509 829 1509 829 
130 275 2064 275 1109 1985 2109 2050 697 2050 
2943 1160 560 1299 2296 2297 2296 2297 2296 2297 
2682 741 1179 896 227 896 227 896 227 326 
2771 385 62 685 385 685 385 851 902 339 
2479 2251 2252 2251 2252 2251 2252 2251 2252 2251 
748 1512 958 1512 1726 925 789 936 390 2052 
69 51 34 107 51 241 236 241 236 241 
185 1032 776 2607 1032 379 313 219 245 1275 
1548 1385 947 1 1400 1148 1515 2053 822 1504 
966 1193 1316 330 63 314 330 314 63 314 
855 1148 7 1443 1957 1332 1110 1332 1110 1332 
1410 314 63 314 63 314 63 314 63 314 
1352 829 1509 829 2740 829 1509 835 1558 933 
138 2046 2047 1911 2046 1865 2046 2047 2046 2047 
1339 2513 533 142 533 539 915 255 915 973 
1365 1331 2920 829 1508 829 1509 829 1509 829 
608 357 2746 2035 426 604 944 47 2112 65 
3242 6 3235 1985 1863 410 2418 410 1001 1707 
841 1447 879 1258 879 590 879 590 1417 840 
324 222 338 222 338 240 222 338 222 338 
1107 1982 1745 1982 640 1982 2386 1982 2005 1952 
2344 2051 2060 2059 2060 2059 2060 2059 1866 2060 
1880 583 933 2049 933 2049 933 2049 933 2049 
2392 1985 2081 235 234 235 234 235 234 235 
23 59 103 221 246 221 246 241 236 150 
2380 2295 938 2251 923 2251 2449 2251 2252 2251 
1725 226 2289 1758 1630 1758 1630 1299 1630 44 
2570 831 2718 1758 2409 431 1758 1630 1758 1630 
2597 1420 2602 1420 2597 1671 564 84 87 408 
2548 409 841 13 841 13 319 840 1417 840 
2022 829 3116 835 1831 835 829 835 1509 829 
1902 590 3164 590 409 2625 187 791 1351 852 
1422 1538 1448 1460 1448 81 1448 1460 1448 1538 
448 1332 1110 2208 2053 1504 2053 1504 1385 2053 
499 333 1042 382 1042 369 627 369 627 369 
3027 1433 2231 2253 1419 1232 2231 1232 941 1780 
2690 2563 2707 244 38 108 38 104 250 331 
3068 1504 1587 1779 1685 371 1580 536 913 536 
423 2546 3064 311 310 311 266 503 501 503 
1891 1700 1960 371 1110 2472 1332 690 1779 79 
2126 513 959 1433 2878 1186 754 1186 754 1186 
2827 1781 3000 1873 1317 1193 1958 1193 1958 1193 
2793 1689 2882 1689 3305 564 761 1416 662 1416 
3092 1186 1185 2046 2047 2046 2047 2046 2047 2046 
1573 1668 2103 1668 2103 1668 2103 1668 2103 1668 
2582 827 65 47 944 291 944 291 944 291 
3180 3100 49 258 811 258 811 255 915 255 
1748 2057 2444 536 371 536 128 536 128 536 
1282 1186 754 1186 754 1186 754 2046 2047 2046 
665 2050 1919 2251 1826 2251 2066 609 2 1242 
47 65 357 85 944 291 944 604 944 604 
2162 1985 2887 2 6 2879 6 1172 6 2402 
20 54 172 14 21 5 172 69 237 172 
1572 1958 1634 2052 1125 2052 571 390 1518 571 
1575 82 1952 82 1952 82 1952 82 1952 82 
17 3138 826 2813 1333 657 1731 1200 2544 826 
1536 431 3143 1582 832 3099 831 888 831 888 
55 65 2112 65 2112 47 2502 608 3140 1244 
1295 2064 275 2064 275 2064 275 2064 275 2064 
109 246 32 237 5 34 45 51 34 5 
626 554 1043 1744 268 2248 268 2248 268 2248 
1318 322 3287 1668 579 1668 3155 1668 189 1668 
591 829 1509 829 1509 829 1508 829 1509 829 
666 2066 2484 6 3199 2 209 1431 1707 1431 
811 258 811 258 811 258 811 258 255 915 
443 264 370 364 151 902 784 370 1506 544 
1837 73 2641 224 2259 73 1647 73 922 1985 
1404 554 2168 1744 605 1660 838 829 2042 295 
906 2323 2063 1135 2323 2063 2323 1214 2323 970 
340 1740 1426 1279 1426 1279 1426 1279 1426 1740 
440 830 1535 830 1535 830 1535 830 1535 830 
2425 1224 2062 1224 2062 1224 2062 1224 2062 1224 
3307 1186 754 1186 754 1186 754 2047 2046 2047 
1022 311 310 311 98 497 219 497 335 497 
612 73 1940 73 1981 74 3004 73 3004 74 
2382 2252 2251 2252 2251 2252 2251 2252 2251 2220 
1519 1102 1641 1952 2228 1952 1102 1982 742 1982 
3188 74 1928 1431 2066 2110 2150 1312 2066 2269 
463 1504 2053 1385 2053 1385 2053 1385 1920 2057 
1850 1323 1621 1914 363 838 342 1263 363 342 
1324 830 318 261 1916 660 344 261 1916 261 
2691 1957 1503 7 2057 3102 1779 1479 1581 2170 
899 2858 899 1428 1664 2764 826 561 826 561 
640 1009 82 2005 82 2331 82 1952 82 1952 
1702 1581 1702 1581 2170 1504 1385 1581 71 1581 
1069 1447 879 624 879 624 879 841 1447 879 
1849 2 1075 2 6 96 6 2 6 2 
2121 234 2417 2064 275 2064 275 2064 1246 2064 
2704 380 351 380 351 380 351 380 351 380 
181 554 2792 2042 294 2042 591 829 835 3170 
2007 1020 526 1681 2157 1681 1504 2053 1920 2053 
1970 1232 2253 1232 1520 1104 572 1520 941 1780 
475 74 73 74 73 74 73 74 73 74 
332 1252 973 1167 973 1167 824 915 373 916 
2489 3066 2591 1477 49 1709 292 229 336 813 
453 63 314 63 314 63 314 407 328 571 
320 903 907 399 169 479 423 418 423 418 
2170 1110 690 1110 1050 1779 1624 536 1700 919 
2457 1951 1611 554 2684 2042 1831 2042 1831 2042 
2559 1 145 1 67 1 68 1 68 1 
2454 1914 933 1159 2049 2454 838 342 363 342 
541 530 1951 605 1913 1233 554 1233 554 1744 
534 1360 1943 9 1224 2062 1224 2062 1224 2062 
809 1668 2233 1668 809 1668 2103 1668 2103 1668 
903 907 399 479 423 479 423 418 417 418 
799 512 1528 1823 1528 1823 2231 941 1780 941 
1761 1504 2212 1 67 1 2006 1 68 7 
1741 1385 2053 2375 1504 2154 2053 1385 2057 1920 
1852 2051 2060 2059 2060 2059 2060 2059 2060 2059 
2274 1939 680 896 3018 1216 1484 1777 558 741 
1011 74 73 3199 73 74 73 1438 74 1767 
519 656 2637 661 2663 523 356 387 972 606 
3043 513 512 513 512 514 513 512 514 513 
837 1210 1642 1982 1974 82 3169 82 1107 742 
2586 1952 1377 159 1941 1789 2029 1009 850 1013 
2598 296 1730 465 1903 409 1417 13 841 624 
2657 2269 877 2066 2069 2066 2069 2066 2069 2066 
664 292 49 287 258 811 258 811 258 811 
637 2053 1504 2053 1385 2053 1385 1920 2057 1920 
3285 1433 932 1433 932 1433 932 1529 1823 102 
2837 2042 1831 829 1509 829 1508 829 1509 829 
1270 314 435 1668 2103 1668 2103 1668 2103 1668 
2991 1177 10 368 257 368 2056 368 257 2056 
1102 1675 2213 2187 1982 742 1982 742 1982 742 
32 170 32 170 52 221 52 53 33 170 
763 1668 2103 1668 2103 1668 1219 1512 958 1512 
2865 1817 558 1817 682 896 227 326 1939 326 
387 384 387 356 387 356 315 356 315 1538 
53 33 170 33 32 52 32 170 32 53 
515 2064 275 2064 2066 2069 2066 2110 1431 1707 
2695 2770 2710 320 40 396 429 403 400 360 
609 1431 1707 1002 1833 2282 1833 77 1833 77 
2705 333 361 382 1042 269 382 1042 382 1042 
1628 1627 1628 1627 1628 1627 1628 1627 1628 1627 
2104 1667 63 314 63 314 63 330 1468 571 
1485 826 561 826 561 826 561 826 561 41 
977 330 1468 328 1999 1512 1727 936 2456 2060 
650 649 1659 362 1590 12 362 12 362 12 
2275 2069 2066 2069 2066 2069 2066 2069 2066 2069 
1793 1700 890 919 1442 260 2320 919 2054 2061 
1693 1681 2074 1385 2053 1504 2053 1385 1920 2053 
422 395 365 377 365 22 30 22 164 188 
241 59 23 59 23 59 23 59 23 59 
567 2296 2297 2296 2297 2296 2297 2296 2297 2296 
73 93 2295 1809 2 6 2 6 2 2295 
2342 260 890 260 919 890 260 890 260 919 
2532 523 656 1173 1049 387 656 1173 1829 735 
3208 2046 1122 941 1336 1517 514 512 514 512 
3138 1731 1350 1333 17 1950 1333 688 1950 1856 
3310 2069 3308 864 1054 2050 3193 73 2242 2 
2609 1 1148 1957 1741 1957 1741 1957 1443 1957 
1129 1186 1185 1186 773 1186 1185 2047 2169 1433 
1819 829 3182 829 835 829 835 1509 829 1508 
144 1 1286 1332 3112 1148 7 1110 1332 1110 
1239 330 1873 330 1873 330 314 328 314 1518 
1901 2327 282 132 1675 82 2223 2065 1974 742 
2921 1671 1426 1279 1426 1045 2884 662 18 61 
1582 532 2297 2296 2297 2296 2297 2296 2297 2296 
1280 224 1707 1431 1707 1431 1707 1431 1707 1431 
685 714 2614 2564 2614 2564 2614 2564 685 208 
595 1504 2219 1332 2389 1110 1332 1110 1332 1110 
1597 7 2179 2323 1037 2058 1135 2058 2063 1135 
3098 1512 1805 1512 1781 1512 1781 1512 1781 1512 
2009 1148 7 1446 1957 1443 7 1446 1957 1446 
3260 1512 575 925 2301 1873 461 2051 2115 1193 
2238 1523 1654 2046 2047 2366 1523 1684 570 1126 
2240 2252 3308 2066 1666 2269 1431 1707 1431 1707 
9 3076 2062 2514 2253 2231 941 9 1780 941 
1045 1671 1669 1671 1045 1420 1426 1279 1426 1420 
1616 1952 1619 2213 742 1240 1952 1867 132 1372 
3087 662 1416 1671 564 1671 1426 1420 1426 1279 
39 381 341 150 309 243 381 186 404 150 
3135 1224 200 1186 754 1232 701 1433 932 701 
1698 1668 2103 1668 2103 1668 2103 1668 1601 1958 
2859 6 475 2 6 2 6 2 6 93 
562 2783 1139 2594 106 136 679 106 679 106 
518 1733 2296 2297 2296 2297 2296 2297 2296 1274 
2367 63 1316 936 2139 936 1672 936 1672 936 
679 88 90 88 90 88 90 88 90 88 
3247 1833 1281 73 1588 2 6 2 6 2295 
2184 1 1286 1 2880 1504 2990 1779 79 1779 
2603 661 606 2002 606 2002 606 459 464 735 
2129 1433 2822 1186 1184 932 1598 932 2970 1186 
2449 234 2462 2050 6 2372 410 2254 2 6 
871 1689 1546 1689 1546 1689 1546 1426 1279 1426 
2120 2251 3154 2252 2251 2252 2251 2252 2251 2252 
214 688 1382 383 1664 1382 383 1382 688 257 
1610 828 677 828 1846 828 831 888 831 888 
2138 1332 1110 1332 1110 1332 1110 1332 1110 1332 
2881 2064 1647 73 2003 2 3026 1985 2220 235 
872 296 791 1351 852 1351 791 1351 791 1351 
1329 292 664 1709 292 1329 49 373 916 373 
3233 128 2784 1385 2099 1332 1110 1332 823 1148 
2584 835 3266 829 2042 1831 2042 740 2042 740 
321 442 441 442 441 442 441 442 441 442 
1048 73 1048 73 2641 74 73 74 73 74 
2871 1582 1267 1582 1267 1758 372 2117 2297 2296 
555 1431 1707 1431 1001 1707 1431 1707 1431 1707 
1196 390 1614 2052 952 1668 2103 1668 1601 1781 
2977 2610 830 1535 830 1535 830 1535 830 1535 
2688 1600 523 1600 523 656 523 1600 523 656 
2285 6 478 74 2 1075 2 6 774 74 
2746 1244 827 3035 47 2538 65 604 944 291 
1342 813 602 813 336 974 813 336 602 317 
5 27 109 27 14 27 14 24 19 24 
1241 1336 2180 570 2062 2365 1186 2815 1186 754 
857 2060 2059 2060 2059 2060 2059 2060 2059 2060 
3221 1671 843 1072 1418 1740 1426 1279 1740 340 
2155 2049 582 933 583 933 583 1323 583 1323 
2564 685 62 462 781 462 117 430 37 1042 
2453 572 1232 288 1232 921 1823 701 1232 102 
1139 989 1139 562 659 562 659 562 659 562 
1358 993 1324 625 1023 344 625 1023 691 724 
2862 936 1531 1958 1193 1958 1193 1958 1193 1958 
2591 2527 1250 392 1146 915 316 317 78 317 
49 373 916 373 1146 373 916 373 255 915 
1490 2035 426 291 944 426 2035 1490 2035 426 
778 348 99 994 2498 778 777 783 777 783 
3288 1913 1088 268 1498 1088 1498 1088 1498 1088 
1510 1758 1630 3127 831 888 831 888 831 888 
3102 1581 2317 2053 1385 1920 1385 1920 1385 2053 
3131 1985 235 923 2252 2251 2252 2251 2252 2251 
922 2252 2251 2252 2251 2252 2251 2252 2251 2252 
1236 662 61 18 61 18 61 18 61 18 
1833 477 1001 1849 1833 2854 6 1653 234 1003 
2784 1 1516 1 2654 1 68 1 68 1 
2987 1 490 1700 1955 1 1286 1 68 1 
1860 2 6 2 6 77 1833 77 1833 77 
1009 1375 132 1359 132 2153 82 837 1952 1710 
1790 73 1734 2251 3219 2150 1647 73 2096 73 
3213 1668 1601 1668 1601 1668 2103 1668 2103 1668 
2146 1957 911 2058 2061 2323 2063 2323 1214 2323 
2287 128 1 2955 1148 2446 7 2580 1957 2953 
1803 536 144 7 1720 1581 1702 1581 2208 1332 
1777 1481 3001 1334 1065 1216 545 442 441 442 
2614 337 2981 2622 2521 353 711 37 2745 2803 
1347 990 1243 2273 715 2273 1243 2273 715 2273 
345 150 66 150 345 150 223 230 223 230 
1899 1668 3185 1668 116 407 2115 63 249 63 
3012 838 1040 1263 3238 1323 3108 829 3067 829 
2633 1272 259 369 1042 382 378 269 267 353 
780 2613 1322 499 1778 499 1778 1322 1778 499 
2233 1668 1683 330 119 1512 1391 1512 2377 1781 
3041 234 635 2252 1967 1833 77 1833 77 1833 
2585 2738 185 2607 2738 1032 379 1032 379 1032 
2284 933 583 933 583 933 1323 583 541 583 
2353 1518 571 1577 322 571 2052 571 1518 571 
1620 2 6 2 6 2 83 6 2 6 
1598 514 512 513 514 512 513 512 514 513 
2714 2585 2738 1032 219 245 421 419 420 419 
2675 73 74 73 74 73 74 73 74 73 
145 7 1020 2012 2053 1920 2057 2054 2061 2054 
586 2062 2241 572 1520 572 1959 262 1959 2231 
2185 1958 1193 1715 1958 1193 1958 1193 1958 2722 
950 82 1952 82 1952 1102 1982 742 1982 742 
2825 900 329 2519 826 3007 826 561 41 1333 
3244 363 1830 1951 605 1744 1263 268 2248 268 
654 1 2068 1148 1332 1714 1332 1110 1332 1110 
190 1668 2680 1668 1787 1668 1917 925 2051 2038 
1907 7 1793 1957 690 2058 1369 128 536 128 
169 2616 2643 311 310 405 903 320 903 320 
1042 333 259 780 1322 312 64 736 64 736 
556 3 41 197 41 197 41 197 41 197 
2010 73 2160 73 2255 2295 2 6 2 6 
2618 253 252 253 252 253 252 253 252 2717 
2960 1780 1403 1186 1185 1186 773 1433 932 1433 
1230 941 1098 2046 2047 2046 2047 1631 941 102 
2077 260 2054 1500 128 553 2057 128 536 2423 
3159 513 570 572 1780 941 2231 1823 921 1232 
2872 7 2446 7 1446 1957 1443 1957 1443 1957 
3297 829 762 829 1509 829 835 829 1509 829 
891 1581 1702 1581 1702 1581 1702 1581 71 1581 
2641 73 74 73 74 73 74 73 74 73 
939 234 1514 2252 2251 2252 2251 2252 2251 2252 
3271 1385 786 1332 2464 1957 1131 1332 1983 1332 
2495 2565 2495 2562 2495 2562 2495 2562 24 54 
1135 1883 1385 1920 371 2348 371 1020 76 1020 
1871 513 512 1336 512 514 513 512 513 514 
1213 1982 1747 1789 1640 1311 1237 132 2065 132 
1855 2059 2021 925 596 1668 1683 1668 2103 1668 
1900 1668 2103 1668 2103 1668 1601 1668 2103 1668 
268 1498 1088 1498 1088 1498 1088 1498 268 2248 
3191 1433 932 1433 932 1433 932 1433 932 1433 
762 933 729 933 1323 1677 835 3195 829 2408 
266 325 335 1022 325 1022 325 335 907 969 
726 89 378 269 382 353 1042 269 350 37 
1362 1518 2315 1193 1958 1193 1958 1193 1958 1193 
2557 838 1850 541 342 942 334 541 334 2049 
2270 936 757 1468 2996 1781 119 1781 1583 1667 
2045 1952 2228 1952 82 1952 82 1952 82 1952 
554 1850 583 765 1744 933 2049 933 3244 829 
1677 1323 933 2022 829 1509 829 1508 829 1509 
2188 513 3281 1186 754 1186 754 1186 754 1186 
416 92 403 400 403 400 403 400 403 400 
2001 1001 2326 6 2108 864 2150 2410 2269 2391 
163 224 2050 224 1707 1001 1431 1707 1001 1707 
106 808 1194 616 3096 2617 679 88 1552 808 
769 1299 538 355 372 355 445 1541 355 372 
824 484 779 484 779 484 779 484 779 484 
978 334 1660 838 1040 838 568 554 2168 1913 
2460 1160 560 1160 1582 1267 1582 755 1582 1267 
392 2558 373 1146 373 255 373 916 255 373 
2516 8 250 413 412 413 412 413 412 415 
1757 2069 2066 2069 2066 2069 2066 2069 2066 2069 
2999 1481 1484 1481 1484 1481 1484 1481 1484 1481 
1885 605 1105 1331 1061 1331 2724 829 835 1509 
1650 1102 1941 1982 1097 1982 1941 159 1708 177 
2839 1217 1140 1217 1140 1217 1140 1217 1140 1217 
867 408 238 18 61 18 61 18 61 18 
1906 334 942 334 342 1795 1913 1498 268 2248 
525 1 2211 1148 1844 1148 3181 1020 76 1020 
881 1332 1957 1332 1110 1332 1110 1332 1110 1332 
154 941 701 2047 1476 9 2046 1557 2047 2046 
83 2 2916 2 6 2 83 2 6 2 
2869 680 321 1939 227 896 1939 326 1334 326 
604 2502 2487 3197 2487 608 291 426 1244 349 
583 2134 554 2209 554 2168 1263 2168 554 1913 
2271 1908 927 1908 1013 1353 1013 1210 1311 2213 
2115 63 2312 63 1667 2115 571 1518 571 1518 
52 237 246 346 66 150 243 404 341 243 
1839 82 2005 82 1952 1102 177 1102 177 1102 
1167 915 973 915 255 916 255 915 373 1146 
74 1011 73 1609 6 1153 2252 2251 2252 2251 
2267 1668 2103 1668 1601 1193 1958 1193 1958 1193 
41 48 257 2056 368 257 2056 1333 257 374 
3024 159 1158 159 132 1982 742 1982 742 1982 
1145 2059 1910 1193 2087 1193 1958 1193 1958 1193 
2186 536 1500 2057 2054 2061 2323 2063 2058 1135 
919 3303 1332 1443 1957 1761 1385 856 536 371 
2703 2713 1146 373 255 915 373 255 373 1146 
839 2049 1307 829 835 3278 554 2209 554 1913 
3112 1681 2157 1681 1504 2053 1385 1920 2053 1920 
684 1186 754 1186 754 1186 1169 1186 1654 1186 
2222 941 1520 941 1520 1104 1520 1104 1520 1104 
2537 187 1902 852 1258 879 590 879 590 879 
283 828 3184 1160 831 2749 831 828 888 831 
905 1217 2544 1664 2560 1664 1333 1731 2753 826 
1221 936 1095 1667 3213 1193 1787 1668 1095 1668 
273 2050 527 1985 2019 6 2 635 6 3202 
2316 1 68 1 67 1 67 1148 1036 1148 
812 588 151 851 375 264 1506 264 370 264 
1445 1541 355 1541 445 355 372 355 372 355 
76 1957 2691 1957 3129 7 2725 1148 730 1148 
3006 1173 523 1538 2688 464 1422 354 1448 1460 
3270 1952 1102 1982 742 1982 1102 1982 742 1982 
1711 1873 330 1873 330 314 63 314 63 314 
1804 2295 2195 74 2639 73 74 73 74 73 
2917 2 2429 235 2081 235 2081 234 2081 234 
90 1194 2652 2968 2594 106 679 106 679 136 
1542 327 238 327 376 327 408 327 408 327 
1825 1958 1805 1512 147 936 2456 390 2339 2060 
165 1668 1899 1668 2086 1668 2103 1668 2103 1668 
2352 1600 1739 735 225 735 225 735 225 735 
1199 832 528 44 1775 831 1089 589 1655 2297 
203 407 908 314 1560 925 629 571 1518 571 
2000 541 583 1323 933 1323 583 1323 583 1323 
400 2623 2541 324 402 26 38 485 397 389 
2181 1518 390 2455 936 2139 936 925 2139 936 
251 2619 2967 2619 233 2513 58 207 233 2531 
852 1351 852 319 914 319 590 879 1258 879 
3209 2296 3078 828 1820 1630 1174 589 3130 831 
1930 1873 2300 1873 1262 1873 2059 2051 2059 2060 
1151 1310 1266 132 2065 132 1210 132 1210 1908 
1962 1148 2955 1 67 1 67 1 1549 1 
1227 260 1235 2323 2061 2054 2061 2054 2061 2054 
2767 1668 1393 1668 579 1668 2103 1668 2103 1668 
1300 1358 660 614 1324 94 1324 1023 724 691 
2390 2 2887 73 1875 73 1209 6 2881 410 
893 2269 1312 2066 2069 962 73 74 73 74 
2450 177 2141 1210 1310 1311 2271 1310 1594 1009 
661 606 2002 606 2002 606 2002 606 661 606 
1614 1512 3054 322 407 3070 1668 1945 1668 2103 
2197 1707 1431 1707 1431 1707 1431 1001 1431 1707 
1929 82 2083 1952 731 2065 132 159 132 2065 
2575 1332 1110 1332 1504 1385 2053 1887 2053 1504 
2687 2690 2687 2690 2687 2690 242 115 108 115 
176 1067 176 1067 176 1067 176 1067 176 1067 
2321 2 3015 2 6 2 6 2 6 105 
602 336 602 813 336 229 336 813 336 813 
1532 1263 1498 2248 268 2248 268 2248 268 2248 
511 429 380 351 380 351 380 351 380 351 
2124 74 2265 235 234 235 234 235 234 235 
3223 1689 2731 376 520 662 1416 662 1416 1420 
2078 224 1966 2066 2069 2066 2069 2066 2069 2066 
48 306 10 306 257 368 2056 257 374 257 
818 2050 1919 234 3194 2295 3217 275 2064 275 
3238 829 1842 829 3182 2042 294 2042 294 2042 
2908 2977 2610 830 1324 614 1324 94 1324 614 
2480 2295 174 74 451 73 74 73 74 73 
128 1955 1135 2323 970 2323 2063 2323 1135 2063 
1097 1102 212 1102 1982 742 1982 742 1555 1982 
2475 282 1102 742 2332 159 1708 159 850 1952 
3095 1433 1104 572 1520 1104 1520 1104 1520 572 
1229 262 2046 2047 2046 2047 2046 2047 2046 2047 
99 101 499 1778 499 101 499 1322 1778 499 
1378 1416 662 1416 662 110 1426 1279 1426 1420 
2467 322 889 407 328 1518 571 328 407 328 
385 253 2803 2521 353 685 208 117 430 117 
104 115 104 250 104 402 389 681 389 397 
236 35 45 34 237 53 32 237 32 52 
2268 363 1040 342 363 1263 1744 1263 342 838 
2154 1504 3134 1957 970 2053 1504 1891 2053 1504 
941 513 512 514 513 512 513 512 514 513 
686 326 1269 326 483 442 441 1879 1335 2999 
37 430 117 430 117 430 117 430 117 430 
1401 840 319 840 319 1417 319 914 319 914 
432 1782 2831 832 2175 1782 1541 1782 2296 2297 
2628 1045 662 2973 662 1416 1420 1426 1420 1426 
410 2757 2069 235 1256 74 1117 74 3249 74 
1847 538 1473 1582 1655 355 787 1733 1782 2297 
2572 1179 548 1179 278 2682 741 278 1179 278 
1047 661 606 661 606 661 1829 898 735 898 
1262 1873 2247 330 1193 2185 1193 1958 579 936 
657 1664 584 1333 2023 374 297 374 257 1260 
2624 266 423 418 417 418 423 479 423 418 
1276 2251 2252 751 2251 2252 2642 235 234 235 
3079 583 582 583 933 583 2049 933 541 583 
318 1358 318 1358 691 724 660 318 660 318 
1409 1 68 1 68 1 68 1 67 1 
1389 1721 1952 1841 1952 1115 1952 82 1952 82 
2896 570 941 1430 1360 3212 1186 1185 1186 1185 
288 262 1959 262 1959 262 1959 262 1959 572 
1950 2026 1217 744 1217 745 383 1333 2056 257 
1764 2065 837 1372 161 1372 161 1747 2213 2327 
3195 829 1831 835 1509 835 3115 835 1509 836 
3017 656 523 656 1173 656 1600 656 1600 656 
3134 1 67 1 67 1 67 1 68 1 
2074 2054 2323 2061 2058 1135 2058 2063 2054 2057 
2298 74 2242 2 6 2 6 2 6 2 
137 327 168 1671 564 87 84 87 408 327 
1430 2047 1521 941 1780 941 2231 941 2231 941 
1785 2 555 2 981 2 2349 74 1860 74 
1502 1512 1811 407 1930 1958 1193 643 1958 1193 
649 362 2670 990 1243 2273 715 2273 715 2273 
2848 1668 1900 1668 2103 1668 2103 1668 2103 1668 
3248 661 1249 656 523 1600 523 1829 735 50 
874 327 1542 327 408 327 408 327 408 327 
2886 1504 2053 1920 1385 2053 1920 2057 1135 2058 
546 672 326 171 442 680 441 442 441 442 
1975 82 3169 1102 2332 742 1747 1311 1310 132 
2455 390 1518 571 1518 571 1518 571 328 407 
1150 1668 2797 1668 2767 2059 794 936 1391 314 
1816 1448 315 460 1538 898 735 225 1829 735 
140 363 1040 835 3245 829 1509 829 1509 829 
1714 1110 1443 7 1443 7 1446 7 1443 1957 
454 330 924 2059 1191 1672 1030 390 571 1518 
2606 941 2222 2253 1419 1959 1098 941 2046 3080 
1348 990 1243 2273 715 2273 715 2273 715 834 
953 1667 126 1518 571 1518 571 1518 571 1518 
2580 1148 1844 1148 7 1446 1957 1446 1957 1446 
77 234 235 234 235 234 235 234 235 234 
1316 328 2136 328 1518 2185 1667 2930 1668 2234 
1446 260 1883 1385 1624 536 128 536 128 260 
1564 1833 1687 6 2349 2 2349 2 1172 6 
1071 292 229 814 229 1250 229 814 229 292 
459 1538 225 735 898 1249 735 1829 735 225 
1990 1224 3306 1186 2224 1433 932 1433 932 1433 
1080 1952 2187 1982 1642 177 2113 159 800 159 
439 570 439 570 514 2902 1433 932 1433 932 
2919 2053 2375 1681 2157 1681 2077 1681 1504 2053 
2202 73 2641 2 6 2 6 2 6 2 
2063 2054 2063 2058 906 1135 2058 1135 2063 2054 
3026 2 1809 2 2477 74 1094 74 73 74 
960 1959 262 1959 262 1959 572 1520 572 1520 
143 1263 3166 835 605 1951 334 2049 933 2049 
1338 1028 2515 12 1590 551 1590 551 195 1028 
2663 1538 2688 1600 656 1600 656 1600 523 1600 
1779 855 1504 2471 1385 522 2058 2886 1504 1385 
3259 1186 754 1186 754 1186 754 1186 754 2047 
644 1193 1958 1193 1958 1193 1958 1193 1958 1193 
2816 1283 778 500 502 500 502 500 502 500 
45 66 35 236 241 236 386 223 230 66 
2473 1780 2474 1780 2473 2253 1232 1990 1232 701 
1710 1952 2228 1952 3270 1952 1932 1102 1802 132 
1375 2327 1908 1013 1721 2327 1721 2327 1013 1721 
2789 1668 2103 1668 2103 1668 2103 1668 2103 1668 
110 1426 1279 1045 1426 1279 1524 1740 340 1740 
335 311 310 311 98 311 266 503 501 710 
21 14 24 54 172 54 172 54 24 19 
1343 715 2711 676 834 12 362 12 362 1659 
2136 2060 2059 2060 2059 2060 2059 2060 116 2059 
2798 828 831 888 831 888 831 888 831 888 
1256 73 2484 74 893 73 1766 2 3309 2 
2795 1186 1184 1186 1185 1186 754 1186 754 1186 
961 832 44 1398 44 1630 1758 1630 1758 1630 
412 162 199 244 394 397 8 394 8 394 
2946 1668 2103 1668 2103 1668 2103 1668 1601 1668 
951 1668 2133 1668 531 1193 2786 1958 1193 1958 
1296 6 96 6 2 1172 2295 1977 1431 1707 
2079 1681 595 1681 2388 1681 1356 1681 2077 1681 
2926 2055 2999 1335 2055 1879 2055 1335 494 1335 
2856 1512 585 322 2426 328 571 1518 571 1518 
1926 2251 2252 2251 2252 2251 2252 2251 2252 2251 
2374 9 2253 9 1780 941 570 1103 570 1103 
3263 1823 1529 1823 1529 1823 921 1232 701 1232 
1512 1318 328 958 925 2139 925 2139 925 2139 
2782 1224 2241 1224 572 1959 262 1959 262 1959 
1267 44 832 1199 832 1199 832 1199 832 1199 
1225 829 3245 835 653 835 653 835 829 1509 
1033 82 1359 1952 1102 1982 742 1982 1102 1982 
343 416 92 416 91 416 91 416 92 403 
2676 1416 2921 1689 1546 1416 1546 1416 1426 1420 
2716 1779 1110 1332 1110 1332 1714 1332 1443 1957 
2418 410 1001 1707 1001 1431 1707 1431 1707 1431 
2661 1249 689 225 50 1739 1538 356 315 356 
1740 376 2599 1671 662 2599 1689 3305 1689 1546 
1810 82 593 82 1952 82 1952 82 1952 1102 
2540 2690 2687 70 45 107 34 51 34 51 
2440 73 1997 2064 790 2064 853 275 2064 275 
2375 1504 2053 1504 1385 1920 1385 2053 1920 1385 
108 358 104 108 104 26 402 26 402 324 
3033 9 1780 572 1520 1104 9 2396 9 2126 
2973 1416 662 1416 662 1416 662 1416 564 84 
1503 260 906 2058 2063 2054 2057 1385 1920 2057 
91 416 100 550 36 380 396 398 396 398 
1074 1523 2046 2047 2046 2047 2046 2047 2046 2047 
1736 1512 3023 1667 936 1667 936 1672 936 1672 
2096 73 1892 73 2887 73 1370 1985 451 73 
2811 719 1138 719 974 813 974 813 974 813 
2283 1789 1721 1789 2198 1915 2198 1915 2198 1915 
1663 1135 498 1779 79 1779 79 1779 79 1779 
1179 2055 3225 321 2899 1484 1481 1484 1481 1484 
923 234 235 2050 2109 2050 6 1063 73 2405 
1112 128 536 371 1613 919 260 3205 7 1469 
2376 177 1895 1311 2213 161 1908 1009 1908 1210 
2722 2051 2059 2060 2059 2060 2059 2060 2059 2060 
2191 1336 512 513 514 512 514 513 512 513 
2494 2493 242 115 242 115 242 115 108 115 
1521 1186 2581 1186 1184 1186 754 1186 754 1186 
406 429 403 400 403 92 403 400 403 400 
2529 1186 1185 1186 754 1186 754 1186 754 1186 
2579 1 68 1 1286 1 1549 1 1090 1 
2470 1833 77 1833 77 1833 77 1833 77 1833 
304 6 1157 6 1172 2295 775 2 1172 6 
282 1915 82 132 2149 2065 2330 1372 2213 1908 
1053 2053 1385 2053 1385 2053 1385 2053 1385 1920 
1432 1958 126 1668 1899 1668 2103 1668 1220 1512 
2581 1186 1392 9 572 1959 572 1520 1104 1520 
1411 1672 1518 1259 314 63 2235 390 2846 936 
1873 2733 1668 531 1668 2103 1668 2103 1668 2103 
2625 187 2114 1626 1628 1627 1628 2951 1417 914 
255 1383 255 373 915 1146 373 255 373 915 
1972 1823 1756 1823 3298 1336 1823 1527 1823 1529 
1002 2251 2404 275 2657 2269 2150 2269 2295 6 
1266 1789 1721 1908 2213 1009 1908 1310 2213 1908 
1099 838 1040 1498 1088 583 582 933 2134 554 
1607 570 3110 1186 1599 1433 932 1433 932 1433 
2426 1958 2512 1518 1612 1668 189 1668 2103 1668 
1305 826 2683 826 2699 826 2544 826 2791 826 
551 1028 551 1028 551 1590 551 195 551 1028 
983 1433 932 701 932 701 932 1433 932 701 
1887 2323 2061 2054 1700 919 1700 919 128 890 
217 1311 2213 2327 1908 1013 1721 1013 1372 1013 
706 507 423 2546 2616 2643 479 399 907 969 
1592 2269 2069 922 2252 1826 2064 275 2066 2069 
955 1186 645 1433 1430 1433 2140 1186 754 2047 
1201 1913 1498 1913 605 1913 1498 1913 1233 554 
1959 262 1959 262 1959 262 1959 262 1959 262 
2065 2343 161 1895 1372 2475 1658 132 1658 742 
605 1263 1913 1744 605 1744 605 446 554 1913 
1170 2058 1597 1504 1891 1332 173 1 194 1 
3030 783 777 783 778 780 782 780 782 780 
2225 571 1518 1259 1672 1518 571 328 322 328 
3000 1781 1512 1781 1512 1781 1512 1781 1512 1781 
2336 1148 2851 1148 937 1957 1714 1957 1446 1957 
295 1914 568 342 363 342 363 1263 1744 1913 
234 1048 6 1048 73 74 73 74 73 74 
2549 2623 2541 2549 2541 2549 2541 2549 338 222 
1685 371 861 1 95 1 67 1 68 1 
1509 1951 268 2248 1263 835 829 2975 829 1509 
1658 177 132 159 132 2065 132 2065 132 159 
1098 1520 1122 1520 1467 1780 941 572 262 1959 
2066 2069 2066 2069 2066 2069 2066 2069 2066 2069 
3126 829 2557 1744 605 1744 605 554 1913 554 
1064 741 548 741 2926 278 741 278 558 278 
2924 1512 1999 1512 1781 1512 1781 1512 1781 1512 
322 1030 328 1518 2060 571 628 571 2426 328 
2892 1186 983 2046 9 1654 514 1911 1780 2090 
1921 741 2719 1334 326 1334 171 494 2055 1879 
1066 2713 2948 317 287 49 258 811 255 373 
795 1779 71 1581 71 1581 71 1581 71 1581 
718 606 2002 606 661 606 661 1829 1173 1829 
1467 1520 1162 512 1517 512 1336 513 512 514 
1351 852 914 1258 409 13 841 13 319 840 
287 3100 2811 336 602 336 813 336 317 734 
1303 831 888 831 888 831 888 831 888 831 
1996 73 74 73 74 73 74 73 74 73 
135 266 479 423 418 417 418 417 418 417 
1994 2050 1054 2050 1431 1707 1431 1707 1431 1001 
2505 1283 502 500 502 500 502 500 502 500 
651 1042 382 378 726 727 378 267 208 37 
2237 1833 2237 224 2244 2 6 2 6 2 
2175 2297 2798 828 888 831 888 831 888 831 
3311 1 67 1 68 1 1738 1 2006 1 
1320 2069 2066 864 224 3046 2252 2251 2252 2251 
779 484 779 484 779 484 779 484 779 484 
3254 1 67 1 68 1 68 1 67 1 
2925 7 1681 2481 536 1087 1 67 1 67 
1762 2 3308 275 2069 2066 2069 2066 2069 2066 
3257 831 888 831 2645 1782 2296 2297 2296 2297 
943 88 90 88 90 88 90 88 90 88 
1108 1781 1512 1781 1512 1999 1512 1008 2052 571 
1106 1833 77 1833 77 1833 77 1833 77 1833 
1360 102 1232 2253 941 9 1520 572 1959 262 
2783 679 106 2617 3096 2617 679 106 679 106 
731 742 2386 742 2113 2213 1310 2213 1311 2213 
2281 1908 1009 2343 1908 1013 1721 1013 1721 2327 
3036 829 978 334 2268 334 2268 1331 573 605 
620 1433 932 1433 932 1433 932 1433 932 1528 
678 935 195 678 12 2273 834 12 362 12 
2843 63 966 1193 951 1958 1715 1193 1958 1144 
2588 296 187 791 852 319 1258 590 879 1447 
51 2565 346 246 172 5 170 52 53 52 
1190 2 6 2 6 105 6 2295 6 2 
1584 2053 1960 1581 71 1581 1702 1581 1702 1581 
2971 936 2512 1668 2103 1668 2103 1668 2103 1668 
123 2051 2060 2059 2060 2059 2060 2059 2060 2059 
1274 2297 1670 226 432 431 432 367 226 532 
1750 1512 936 390 1518 571 328 1518 571 1518 
2855 1730 852 590 879 590 879 590 879 590 
1336 514 513 512 513 514 512 513 512 514 
885 6 1280 2 1874 73 963 73 2096 234 
1826 1985 1106 2 6 2 6 2 6 2 
2224 1433 1686 1186 1185 1186 754 1186 3229 1186 
1260 826 2669 41 3 41 197 41 197 688 
1987 832 44 832 44 832 1199 832 1199 832 
3155 1668 2103 1668 2103 1668 2103 1668 1811 936 
2502 43 604 426 291 426 604 291 604 944 
136 679 1949 808 616 1194 616 1194 616 1194 
574 330 1316 314 1316 1512 1781 1512 1781 1512 
1522 1667 3151 1781 1953 314 1316 1667 75 322 
2217 355 372 538 355 445 538 1733 372 445 
183 3030 3091 2816 207 233 15 824 15 251 
689 391 1538 315 356 315 356 315 387 356 
2466 82 2153 82 2092 1210 850 1210 2475 2271 
1257 2050 2176 2050 2328 234 235 234 235 234 
2554 829 835 1508 829 1509 829 1509 829 1508 
3001 896 227 896 227 1334 227 896 441 442 
695 1186 754 1186 739 1186 754 2047 2046 2047 
2329 1667 964 328 1468 571 1518 571 1518 390 
473 334 1880 583 334 2268 334 2268 2049 933 
1806 1512 2377 1667 613 1667 613 1667 613 1667 
3174 1668 579 1668 2103 1668 2103 1668 2103 1668 
451 2150 2193 1985 1002 2295 1909 1833 77 1833 
2849 1336 2126 572 1959 572 1224 2062 1224 2241 
1559 1433 932 2822 1433 932 1433 932 1433 1528 
1558 1744 1263 1744 1263 2248 1744 978 1331 1795 
970 1700 970 2323 2061 2323 2061 2057 1920 2057 
1686 1959 3175 512 1325 1823 1529 514 512 514 
1699 234 2252 2251 2122 2 1130 410 2402 2050 
1818 541 334 3215 838 342 363 1263 2248 1498 
646 1433 1529 514 1186 2780 1433 785 1433 932 
1840 2051 571 1030 1468 390 1468 328 322 407 
573 541 839 583 1323 933 2049 933 1323 583 
2118 6 1172 6 96 6 2 6 2 6 
560 2296 1274 367 226 1782 832 1199 832 1199 
1127 235 2318 234 235 234 235 234 235 234 
2256 1102 2376 1982 2261 1982 1102 2332 1982 742 
889 1667 3086 1958 1193 1958 1193 1958 1193 1958 
1683 1668 1900 1193 1958 1193 1958 1412 1193 1958 
2635 1535 2820 2610 2647 830 2908 614 993 830 
547 1335 494 1335 2055 1335 494 1335 2055 494 
3040 662 2599 1416 1671 520 61 18 61 1426 
3162 296 187 791 1351 791 1351 791 1351 791 
1530 1705 724 691 724 691 724 691 1023 344 
1148 1728 1957 2693 1332 2170 1581 1176 1504 2053 
2513 2547 2744 2536 15 824 15 824 15 207 
278 741 278 741 278 1179 278 558 278 558 
487 2049 933 473 1323 933 1323 583 541 583 
617 832 1199 832 44 1398 1630 1758 1630 1758 
2544 257 1333 257 374 257 374 257 368 257 
673 2253 1972 2253 1419 9 438 1523 2191 2046 
2697 255 2774 78 317 602 317 602 317 602 
2190 1668 1900 1668 1900 1668 2103 1668 204 1668 
1160 184 1782 372 355 445 1541 2296 2297 2296 
277 1668 2897 1668 2103 1668 1601 1781 1512 1781 
3089 828 831 888 831 888 831 888 831 888 
596 1668 2103 1668 1601 1781 1512 1781 1512 1781 
798 1896 896 227 896 227 896 227 896 227 
2161 234 1826 864 2066 2069 2066 2069 2066 2069 
3218 82 3169 82 2016 1982 2256 742 559 742 
1675 82 1675 82 950 82 1093 1372 1802 1982 
3120 829 1509 829 1508 829 1509 829 1509 829 
3074 835 928 829 2792 829 1508 829 1509 829 
844 390 2874 1667 613 1667 613 1667 1961 2052 
1949 808 1194 616 1194 616 1194 616 1194 616 
1141 2047 1599 2047 2246 1336 512 1336 513 514 
1078 2 1475 2 774 6 2 6 2 6 
952 1958 1219 1512 1781 1512 1781 1512 1781 1512 
1857 1913 3278 2042 1662 342 334 978 334 541 
2747 260 2164 1957 1443 7 1443 1957 1446 1957 
757 571 1668 1899 1668 204 1668 1900 1668 2103 
2286 1468 328 571 1518 571 1518 571 2052 571 
1537 571 390 571 1518 571 1518 571 328 571 
3304 1433 932 1433 932 1433 932 1433 932 1433 
2963 318 261 1916 261 1916 261 1916 261 1916 
2103 63 1076 1668 3086 1668 579 1668 2103 1668 
3169 82 1377 82 1152 1009 1311 1802 1102 1097 
674 1 1134 1 2832 1 2955 1 68 1 
3261 829 1509 829 1508 829 1508 829 1509 829 
1704 932 1433 932 1433 932 701 932 701 1232 
291 2905 349 2502 85 55 85 944 291 2555 
2954 1433 1184 1186 3083 1186 1184 1433 799 1433 
1538 356 315 356 315 356 315 356 315 356 
2086 1193 1958 2185 1958 951 1958 1193 1958 1193 
1344 1626 2855 840 2855 296 187 409 590 879 
354 1448 411 81 689 81 689 1448 1739 2352 
2990 1332 1584 1681 1504 1385 2053 1890 1504 2360 
773 1433 932 1732 1433 1238 932 2824 1780 2474 
851 781 388 544 2631 1052 366 46 1052 46 
865 1817 2510 1939 227 1921 227 896 442 441 
2741 2047 586 2046 1911 2047 2046 1865 2046 2047 
2093 1020 490 1 2006 1 67 1 68 1 
2201 2054 1983 1332 1724 1148 2650 2054 1748 2057 
2616 2643 2624 2616 2643 325 1022 325 479 423 
2172 2050 2391 2050 224 2050 1431 1001 1707 1431 
3075 1833 218 1833 1909 1833 1171 6 2 83 
2429 2050 2160 234 3194 1985 1656 1985 2417 2252 
1373 1001 3308 864 2269 2150 2269 864 2150 2066 
1643 7 1443 1957 1741 1957 1443 1957 1741 1957 
648 1733 372 355 1541 445 355 372 355 372 
358 104 485 11 413 412 413 412 413 412 
3246 2295 1172 6 1171 1833 156 73 2533 73 
2229 2252 2251 2252 2251 1441 2252 2251 2252 2251 
2033 48 10 257 2056 257 374 257 374 368 
584 899 900 584 900 899 900 584 899 584 
2249 371 2431 1504 1681 2431 1504 2053 1385 1504 
1214 1 2972 1148 970 2054 2061 2054 2061 2057 
82 2045 1952 1102 1982 742 1982 742 1982 742 
986 1982 231 1310 1311 2213 2065 132 2065 132 
2006 2057 1851 371 2768 1779 79 2323 3134 1681 
3152 296 2537 717 409 840 1401 840 319 914 
399 169 399 359 98 497 98 497 219 497 
3117 106 616 1194 808 616 1194 616 1194 616 
2095 1823 1232 586 512 3028 1433 2824 1186 940 
1563 2 6 96 2 6 2 6 2 83 
2728 1148 7 1957 1443 1957 1443 1957 1443 1957 
776 420 419 420 419 420 419 420 419 420 
1313 1148 2179 1110 1332 1714 1332 1714 1332 1983 
442 441 442 441 442 441 442 441 442 441 
819 1433 3175 1823 1972 2253 2231 1823 1529 1823 
160 6 2479 1833 997 1833 1280 1833 77 1833 
1390 1385 1019 1385 495 1385 1920 2057 2054 2057 
2653 1512 3000 1512 3231 1781 2266 1781 2267 1512 
2405 74 73 74 73 74 73 74 73 74 
1869 376 1869 376 327 1420 1426 1420 1426 1279 
420 2539 57 245 219 497 219 733 219 421 
2153 1372 2213 1722 132 2065 132 1210 1908 1210 
2359 1915 1292 1721 1839 1952 3270 1952 1839 1952 
2729 74 477 2066 2069 2066 2069 2066 2069 2066 
1665 680 111 442 441 442 441 442 441 442 
606 2667 661 606 661 1829 735 225 735 225 
2768 1700 2323 2063 2054 2061 2058 2075 2323 2061 
2997 741 278 1179 741 278 1179 278 1179 1817 
3063 1781 1512 1781 1512 1750 1512 1781 1512 1781 
708 2615 2630 1052 366 1052 366 544 151 851 
3069 10 48 2683 1950 3069 826 561 826 561 
1100 2 2461 2 6 2 6 93 6 2 
3235 2066 1995 2050 697 2050 1431 1707 1431 1707 
692 330 794 1668 204 1668 844 1668 2103 1668 
1705 1300 1324 1300 1705 261 1916 261 1916 261 
3184 1655 764 226 1725 355 372 355 372 355 
247 243 223 230 66 243 150 243 381 186 
1232 1989 262 1959 941 570 1103 572 1104 1520 
2665 1418 1740 1279 1426 1420 1426 1279 1426 1420 
1272 782 780 782 780 782 994 2705 2633 2613 
1137 1600 656 1600 523 656 1600 523 656 1600 
2378 583 1201 583 933 2049 933 1323 2457 1331 
1853 925 936 1672 936 2139 925 2139 925 2139 
629 2052 390 1468 390 2052 1518 328 390 1468 
388 904 388 904 388 904 388 904 388 904 
29 30 331 25 164 324 164 324 402 397 
2756 1958 1193 1958 1193 1958 1193 1958 1193 1958 
197 41 1217 1140 1217 1140 1217 1140 1217 1140 
940 1433 1832 1336 512 513 512 514 513 512 
1136 86 316 1136 316 1136 86 1136 228 693 
2327 161 1908 1210 1908 1013 1721 1013 161 1013 
671 1433 2606 1433 932 1433 932 1433 932 1527 
1169 1433 932 1433 932 701 1232 921 1232 102 
3011 583 554 978 829 1508 829 1508 829 1509 
492 2251 2252 2251 2252 2251 2252 2251 2252 2251 
1073 1249 2983 1538 459 315 356 315 356 315 
1043 541 1885 933 2049 933 583 1323 933 583 
1882 1915 2198 1915 2198 1915 2198 1915 2198 1915 
2230 2058 3134 1 68 1 68 1 68 1 
601 543 2611 1279 1524 1671 1416 668 564 761 
1474 234 2193 74 1875 74 73 74 73 74 
72 932 1433 1005 932 1403 1186 1184 932 2824 
3083 512 193 1433 3027 1186 1169 1186 1654 1186 
2685 61 18 61 18 61 18 87 1671 564 
3125 832 3296 1630 1299 1630 3184 445 2743 1733 
1813 74 1798 275 273 2 3219 6 1946 2 
2988 73 74 73 74 73 74 73 74 73 
878 919 1712 1700 919 260 1700 919 1700 919 
1288 260 2415 2057 1135 2063 2323 1135 2063 2058 
3066 2702 2489 2709 2702 2709 2702 2709 1477 152 
2612 1401 901 409 840 319 840 319 914 319 
1439 1833 1368 2 2887 2252 3153 1833 158 1833 
2280 864 1209 2 6 2295 6 93 6 2 
2183 1110 1724 1957 823 1957 1446 1957 1443 1957 
1492 159 1619 742 1565 132 493 1310 1009 2213 
2836 1299 1089 1630 1299 1758 1299 1758 1299 1758 
2600 1481 171 227 896 227 896 227 896 227 
3009 566 2868 1664 1950 3300 826 2765 1200 2753 
946 1700 1886 2057 1693 1148 2070 1 68 1 
1830 342 1427 541 334 2268 2049 2268 2049 933 
2874 1668 1787 1668 189 1668 2103 1668 2103 1668 
1801 742 1083 1102 1982 742 2205 742 1982 1102 
890 260 890 260 128 890 260 890 260 890 
1695 2050 224 1707 1001 1707 1001 1707 1431 1707 
557 410 2252 2150 2269 2150 2269 2150 2066 2069 
2179 1385 2435 1 68 1 68 1 68 1 
1915 2080 1915 1440 1915 2080 1915 2198 1915 2198 
2293 1779 2608 7 1723 1148 7 2446 7 1086 
162 199 244 199 244 199 244 199 244 199 
1462 2053 1729 2053 1728 2053 1385 2053 1385 2053 
1756 9 1780 572 1959 262 1959 572 1520 572 
840 409 840 1417 590 879 590 409 1258 13 
1261 2251 130 2050 1257 2050 1431 1707 1431 1707 
2113 1372 1721 1013 1721 1013 1721 1013 1721 2327 
896 2899 741 1179 278 1179 278 1179 278 741 
1376 2046 2090 941 846 570 2929 1780 2529 1360 
944 2048 2112 65 2112 65 47 944 604 2112 
2371 235 234 235 234 235 234 235 234 2252 
1655 1450 1655 1670 831 888 831 888 831 888 
171 3001 741 278 741 1179 278 741 1179 278 
3044 2054 2061 1700 1712 919 260 970 1700 919 
505 1052 366 506 366 1052 366 1052 366 1052 
2315 1668 2103 1668 2103 1668 2103 1668 1601 1668 
2629 2590 36 396 92 403 400 403 400 403 
1820 355 1556 1160 755 1582 560 1582 755 1582 
198 1681 2157 1681 1504 2154 1504 1513 1504 2053 
2719 741 278 558 278 558 278 741 1179 1817 
1875 74 1766 74 1836 74 1898 6 1609 1833 
1134 1 67 1 68 1 1286 1 67 1 
563 1360 1098 1823 921 1823 102 1232 102 1232 
191 1335 494 1335 1478 326 1478 672 326 1872 
1919 864 3168 2 555 2 1676 2 578 2 
1703 1186 1604 1433 932 701 1232 2231 941 1780 
1821 1582 1445 431 1445 431 1445 431 1445 431 
581 2047 2046 2047 2046 2047 2046 2047 2046 2047 
2171 1985 130 2050 1985 234 235 234 235 234 
284 2058 1493 1 67 1 67 1 68 1 
1082 464 735 225 735 225 50 384 50 384 
479 417 907 503 266 423 418 423 418 423 
1164 1335 494 1334 171 326 1334 896 680 441 
1121 1780 1521 1780 1523 1521 1780 2473 9 1520 
1904 662 1689 2909 1689 1546 1689 1671 1279 1426 
633 827 65 47 65 2112 65 47 85 944 
990 2509 1243 2273 1243 2273 715 2273 1243 2273 
994 2613 2569 782 780 782 780 782 780 782 
2884 662 1416 662 1689 1671 1420 1045 1426 1420 
1786 1186 1184 2046 2047 2046 2047 2046 2047 2046 
846 1186 739 1186 754 1186 754 1186 754 1186 
2046 2047 2046 2047 2046 2047 2046 2047 2046 2047 
2417 1985 1119 235 1257 1985 1026 234 1441 2252 
2898 73 2985 73 74 73 74 73 74 73 
1883 2057 1920 2057 2054 2061 2054 2061 2057 2061 
1176 1385 1019 1385 2053 1920 1385 1920 2057 2054 
1872 171 896 1921 227 171 1334 171 672 171 
2348 371 76 1020 371 1020 371 76 1020 371 
2995 1 2006 1148 194 1 1286 1 68 1 
257 374 2056 257 368 1731 368 257 1856 10 
2100 63 3253 2060 2059 2060 2059 2060 2412 330 
760 1958 1143 1193 1958 1193 1878 2052 2247 2051 
2038 1512 524 1512 1781 1512 1781 1512 1781 1512 
2594 2783 2594 943 2651 1949 808 1194 616 1194 
558 326 1334 326 441 442 441 442 441 442 
914 2548 296 2114 1626 1627 1628 1627 1628 1627 
2173 1102 3172 159 1941 2198 2447 2198 2447 1789 
1388 2252 2251 2252 2251 2252 2251 2252 2251 2252 
2409 226 367 532 1541 538 372 355 372 355 
2622 267 378 269 378 269 1042 382 1042 382 
2651 2594 1194 2617 679 106 1949 106 679 106 
2410 74 73 74 73 74 73 1094 73 1547 
302 1 2748 1 68 1 67 1 68 1 
113 18 61 408 543 867 84 87 84 87 
2127 925 936 1672 936 1672 936 1672 936 1672 
559 159 1375 2065 2327 1789 2475 2343 1908 2327 
1845 408 1330 376 1330 376 327 1542 1420 1426 
1205 1433 2782 1186 1654 1186 1169 1186 1654 1186 
186 404 386 341 263 236 263 236 263 236 
2137 2062 1101 1224 572 1959 262 1959 262 1959 
900 306 3284 374 1350 368 744 1731 10 257 
801 838 2279 583 933 583 541 933 583 541 
1667 613 1667 613 1667 613 1667 613 1667 613 
1878 2052 1285 571 328 571 1518 314 1518 571 
709 776 709 776 424 421 420 419 420 419 
1545 1 1286 1 67 1 68 1 67 1 
2039 1915 1789 1013 2141 2475 2427 2475 2327 1908 
3062 445 1782 445 1782 3183 1782 1541 2117 1782 
759 1468 2455 1468 1834 571 1518 571 1518 390 
3059 2054 128 1112 2057 2061 2054 2061 2323 2058 
720 264 443 364 902 364 902 339 388 904 
749 571 1605 571 1812 571 390 1518 571 1518 
31 51 103 263 66 4 404 381 341 386 
3249 73 74 73 74 73 74 73 74 73 
115 242 341 243 263 150 263 345 150 103 
972 606 735 225 735 464 225 735 225 735 
1831 2248 268 2248 268 2248 268 2248 268 1498 
1289 234 235 234 235 234 235 234 235 234 
744 1731 141 1731 744 374 688 1333 257 584 
1438 74 73 74 73 74 73 74 73 74 
624 879 914 319 914 1417 319 914 852 1371 
1117 74 1809 2295 2064 275 2064 275 2064 275 
2258 1148 1332 1110 1332 1983 1110 1332 1110 1332 
1511 1232 921 1232 102 1360 921 941 701 941 
1918 2066 1190 2 6 2 6 93 6 93 
2678 1668 951 1668 2103 1668 2103 1668 1601 1668 
2649 829 835 829 1508 829 765 2042 1508 829 
894 1952 2331 1102 1976 177 132 177 1982 1102 
2656 1179 2510 1817 682 1817 682 1939 227 1939 
1653 2252 2251 2392 2251 2121 1985 235 234 235 
264 784 851 904 388 544 151 1506 370 264 
2447 2198 2447 1789 2198 1915 2198 1789 1721 2327 
2049 933 582 583 1795 1323 1795 1323 1159 1951 
1381 1416 2597 376 3049 1740 340 1740 340 1740 
1783 512 754 1780 1521 1780 2474 1780 941 2222 
2808 1299 3031 831 888 831 888 831 888 831 
1417 187 1903 187 717 409 840 1401 840 1417 
676 1338 650 1338 678 1618 195 551 1028 114 
1696 1582 1774 44 832 1089 828 279 828 831 
1580 1135 2058 1135 2061 2054 2061 2054 2061 2323 
2911 1781 1953 314 63 314 328 571 1518 571 
1284 1668 1698 1668 2971 1668 2355 1668 2103 1668 
544 370 781 385 851 1165 851 1165 812 1165 
1670 355 617 1582 425 2297 2296 2297 2296 2297 
1104 1520 1104 1520 1104 1520 1104 1520 1103 1520 
2536 1067 176 1067 176 1067 176 1067 176 1067 
1876 925 1877 925 2139 925 2139 925 2139 925 
6 2898 2150 2269 2150 2269 2150 2410 2066 2069 
1393 330 1877 390 1518 322 1518 1468 390 1468 
1731 1589 1140 1217 1140 1217 1333 1140 1217 1140 
258 811 258 373 258 811 258 811 258 811 
838 1365 838 2279 342 363 1263 342 1263 363 
2299 73 2078 1985 3039 2252 2251 2252 1265 2295 
1973 1700 2061 7 490 1332 1110 1332 1110 1332 
346 148 2687 2690 243 309 236 241 386 341 
521 1668 2897 1668 1601 1781 1512 1781 1512 1781 
968 542 676 280 1243 2273 715 2273 715 2273 
2024 367 770 367 532 1299 1630 1299 1630 1758 
1672 1518 328 571 1866 2060 2059 2060 3000 936 
2431 1681 595 1681 1504 2053 1504 2053 1385 495 
118 56 16 56 16 56 16 56 16 56 
1473 2297 2296 2297 2296 2297 372 538 372 355 
3119 2269 2066 3196 2064 275 2064 275 2064 2069 
449 1110 1581 71 1581 1702 1581 1702 1581 1702 
1418 543 327 408 87 84 87 84 564 87 
24 14 21 20 21 20 21 20 21 20 
2182 1950 214 383 1333 1664 2056 1333 257 368 
1679 2 6 93 6 2 6 93 6 2 
907 399 969 266 907 903 550 40 320 903 
729 1323 2279 836 3245 829 1508 829 1509 829 
2857 1186 754 1186 754 2046 2047 2046 2047 2046 
2005 1952 2142 2475 2341 1982 640 1102 1982 742 
2852 322 2467 328 571 328 629 571 390 2052 
1824 2 6 2 6 93 6 93 6 93 
2712 1781 1953 1512 1999 2059 2595 2059 2060 2059 
1514 2251 1368 2295 96 6 1171 6 2 6 
2108 74 1118 74 1767 74 2350 74 73 74 
2936 1512 2363 1193 1958 1193 1958 1193 1958 1193 
2459 321 1939 326 1334 326 171 672 171 675 
2617 2594 1194 3096 2594 3117 106 1949 808 616 
1989 2253 1232 921 1823 1528 1823 921 1232 102 
2994 2 3131 2295 2854 6 2 6 2 6 
2388 1110 1793 1504 2053 1385 2053 1385 2053 1385 
696 262 1959 262 1959 2407 262 1959 572 1520 
1776 538 355 372 355 372 355 372 355 372 
1451 554 583 933 583 933 583 626 363 342 
642 2060 3251 1518 1794 571 205 330 1862 1873 
2939 2 2004 2050 224 2050 1431 1707 1001 1431 
22 470 395 400 805 481 29 30 29 22 
1155 2676 662 18 61 18 61 18 61 18 
934 410 1056 73 74 73 3199 73 74 73 
344 1324 344 1535 1358 344 1358 691 1358 344 
3021 513 514 513 512 514 512 513 512 514 
662 1279 1740 1671 1416 662 1416 662 1416 662 
1017 2069 2010 2295 775 2 2003 2 6 1172 
1036 1148 1973 1957 1446 1332 1957 1741 1332 1110 
3275 1873 1207 925 1357 2059 2060 2059 2060 2059 
2631 2630 265 375 264 370 264 370 1506 375 
3175 1433 932 1433 932 701 932 701 932 1433 
1579 2064 275 3124 410 1474 410 2418 1707 2583 
2593 656 1173 1829 898 735 225 735 225 735 
1717 932 1433 2253 1433 2253 1433 932 701 1232 
246 221 246 170 33 170 45 34 51 35 
1886 1020 371 76 1020 371 1020 371 76 371 
3194 2 2118 2 3015 2 6 93 2 105 
2602 662 2665 662 3305 1420 1608 1416 662 1416 
2829 296 1258 1902 2114 1351 1371 1351 852 1730 
1958 249 1672 1518 571 322 407 390 2456 2052 
746 1957 1435 1957 1332 1110 1332 1110 1332 1110 
2595 1512 205 1781 1667 936 752 390 2052 571 
2662 320 2710 2590 2629 320 903 320 40 320 
2158 1952 2213 1375 2213 1210 1908 1210 1908 1210 
2770 550 40 320 40 320 903 907 969 423 
2306 1541 1655 538 1655 538 1541 445 355 372 
2414 2057 2053 1897 1148 1215 7 1443 1957 1446 
989 1139 1194 616 1194 616 1194 616 1194 616 
2245 1 1549 1 2987 1 2654 1 1784 1 
1055 570 1103 570 1103 570 1103 570 1103 1520 
3025 512 514 512 514 513 512 514 513 514 
2608 1700 2061 2054 906 2054 1235 2054 2415 1385 
2558 78 317 602 317 602 317 602 317 602 
526 1957 2079 536 128 536 260 890 260 890 
3216 829 762 829 1509 835 1509 829 1509 829 
2510 1179 278 1179 278 1179 1817 2272 1817 682 
1263 1558 554 2209 554 1233 1913 1498 1088 2248 
2261 159 132 2065 132 2065 132 2065 132 2065 
1867 1102 2228 1952 1941 1982 559 742 1982 742 
587 943 2503 2883 943 1949 1194 1552 562 2594 
3164 1258 1902 1628 1627 1628 1627 1628 1627 1628 
1651 1 68 1 1132 1 1286 1 68 1 
2562 14 19 24 19 24 19 24 54 19 
3277 445 1725 1733 445 355 372 355 372 355 
3076 1433 1430 9 2396 2046 2047 2046 2047 2046 
2632 41 2980 826 2868 826 561 826 2577 826 
1720 1581 71 1581 1702 1581 1702 1581 71 1581 
2937 363 1850 605 1913 554 1558 554 1913 605 
1452 2252 2251 2252 2251 2252 2251 2252 2251 2252 
1483 826 561 826 561 826 561 826 561 3 
1294 2536 2531 233 207 58 207 15 207 15 
1557 1232 102 1232 102 1232 102 1232 102 1232 
2492 1263 2790 2049 933 583 541 583 541 583 
2959 2295 3113 2295 2276 2295 1003 6 2 1280 
2831 831 888 831 888 831 888 831 888 831 
2031 831 888 831 888 831 888 831 888 831 
2212 1148 3254 260 1087 7 1741 1957 1332 1110 
1535 1023 344 1535 318 1535 660 318 660 318 
582 541 1291 605 2248 268 2248 1498 1913 554 
2482 1833 3202 6 2 6 2 6 93 6 
752 390 1468 390 1518 571 322 407 322 1593 
2228 1952 858 1952 1619 82 305 82 1952 1102 
2305 831 888 831 888 831 888 831 888 831 
766 1672 936 1672 936 1672 936 1672 936 1672 
149 2296 1274 2296 1541 2217 445 1782 445 1541 
2056 257 2056 1333 2056 368 257 374 257 374 
3202 6 578 2 6 2 6 2 6 2 
1780 581 1433 932 701 1232 921 1232 102 1823 
1367 2064 275 2064 275 2064 275 2064 275 2064 
2822 1186 754 1186 1654 1186 1654 1186 1654 1186 
253 252 253 252 253 252 253 252 253 252 
2187 1102 1746 1311 1908 1353 1210 2083 1908 1013 
395 2646 511 400 16 511 470 511 470 511 
2323 1761 1020 76 1020 76 1020 371 1020 371 
3163 63 314 322 1593 322 407 328 571 1518 
715 676 2273 715 2273 715 2273 715 2273 715 
1543 925 1878 925 1319 1672 1518 328 571 1518 
231 742 1440 1915 1882 1915 2198 1789 1013 1721 
1709 664 229 2591 2527 663 814 229 336 813 
364 902 339 388 264 370 1506 264 370 1506 
2416 583 1105 1331 836 1331 1444 1331 573 838 
655 835 1744 605 1913 554 1913 554 1233 1913 
992 2489 814 229 347 152 788 152 347 152 
1109 864 2410 2150 592 2050 224 864 2150 2269 
2828 357 426 291 1244 426 291 426 291 426 
3019 829 1508 829 1509 829 1509 829 1509 829 
386 223 386 404 381 404 381 404 39 381 
337 353 337 443 364 902 339 784 544 388 
2655 1110 1983 2057 1369 128 536 919 825 919 
42 34 52 246 53 52 53 246 31 103 
2290 1186 1599 1186 754 932 701 1232 102 1232 
2152 82 1578 1311 2213 1009 2213 1009 2213 161 
1056 73 1860 73 1824 2064 623 2251 2252 2251 
1749 407 2358 407 1749 407 328 322 1794 571 
980 1700 2415 260 2054 2057 2054 2061 2054 2057 
2889 1224 2062 1149 2062 2192 572 2106 262 1959 
924 2060 2051 2059 2060 2059 2060 2059 2060 2059 
2974 1433 514 512 514 513 514 512 514 513 
714 707 714 707 713 462 902 364 902 851 
2966 829 835 829 835 829 1509 829 1508 829 
2356 605 1744 605 1744 1263 342 363 1263 363 
1083 1789 1889 1721 2198 1789 1721 1013 1372 1013 
274 2323 2446 1 452 1 1046 1 68 1 
697 2050 1985 234 235 234 235 234 235 234 
2750 1668 2028 2051 2911 1873 857 2051 1812 2059 
1540 328 3293 1667 613 1667 613 1667 613 1667 
2040 1873 1319 1873 1128 2051 1862 571 2052 789 
682 1817 558 1817 682 896 442 441 675 1777 
1673 1914 1673 1914 1673 1914 363 1744 1263 342 
1268 1179 558 741 1179 741 278 1179 278 1179 
184 44 1299 1733 1116 1630 2308 831 2831 1160 
2160 2050 1431 1707 1431 1001 1707 1431 1001 1707 
482 615 2711 990 1243 2273 715 2273 715 2273 
2744 500 502 500 502 500 502 500 502 500 
66 241 236 309 236 35 66 241 236 386 
2958 1433 932 1433 932 1433 932 701 932 1433 
2752 6 2150 1860 2050 2959 2 93 6 105 
1250 392 734 373 255 373 255 258 916 373 
1708 1102 1982 894 1952 1115 82 2314 1952 859 
3086 407 1006 1781 1412 1958 2756 1958 2722 2051 
3146 2053 674 1 2006 1 68 1 68 1 
1466 1668 2103 1668 2103 1668 2103 1668 2103 1668 
782 780 782 780 782 780 782 780 782 780 
1896 1268 441 442 441 680 442 441 442 441 
1691 73 2392 2251 2451 2251 2404 1985 235 234 
1854 1512 2139 1512 1391 1512 1999 1512 454 330 
915 1252 915 1252 153 58 533 207 533 142 
3225 1481 1484 2776 1481 1484 1481 1484 1481 1484 
793 572 2192 572 2413 9 2126 941 1520 1104 
849 2065 2011 1982 1102 892 82 1489 159 132 
1156 2 83 2 83 2 6 93 6 93 
858 1102 1982 742 1982 742 1982 742 1982 742 
3236 1148 7 1446 1957 1443 1957 1741 1957 1446 
3077 17 48 368 257 2056 1333 257 368 374 
1646 224 1441 234 235 234 235 234 235 234 
351 36 239 36 239 380 36 239 36 239 
2434 1 68 1 68 1 67 1 67 1 
