2025-12-03 18:23:49,500 RW - vertex 2801. Time : 0.0s
2025-12-03 18:23:49,500 RW - vertex 2243. Time : 0.0s
2025-12-03 18:23:49,500 RW - vertex 3241. Time : 0.0s
2025-12-03 18:23:49,500 RW - vertex 2758. Time : 0.0s
2025-12-03 18:23:49,500 RW - vertex 2696. Time : 0.0s
2025-12-03 18:23:49,501 RW - vertex 1431. Time : 0.0009975433349609375s
2025-12-03 18:23:49,501 RW - vertex 1334. Time : 0.0s
2025-12-03 18:23:49,501 RW - vertex 1246. Time : 0.0s
2025-12-03 18:23:49,501 RW - vertex 2742. Time : 0.0s
2025-12-03 18:23:49,501 RW - vertex 249. Time : 0.0s
2025-12-03 18:23:49,501 RW - vertex 2253. Time : 0.0s
2025-12-03 182025-12-03 18:23:49,815 Iteration 0 executed.
2025-12-03 18:23:49,903 RWs created. Time: 0.02924368381500244m
2025-12-03 18:23:49,903 Saving Random Walks on disk...
49,501 RW - vertex 1689. Time : 0.0s
2025-12-03 18:23:49,501 RW - vertex 233. Time : 0.0s
2025-12-03 18:23:49,501 RW - vertex 27. Time : 0.0s
2025-12-03 18:23:49,502 RW - vertex 396. Time : 0.0s
2025-12-03 18:23:49,502 RW - vertex 669. Time : 0.0s
2025-12-03 18:23:49,502 RW - vertex 491. Time : 0.0s
2025-12-03 18:23:49,502 RW - vertex 2385. Time : 0.0s
2025-12-03 18:23:49,502 RW - vertex 985. Time : 0.0s
2025-12-03 18:23:49,502 RW - vertex 369. Time : 0.0s
2025-12-03 18:23:49,502 RW - vertex 1791. Tim2025-12-03 18:23:50,004 Initializing creation of the representations...
2025-12-03 18:23:50,005 collecting all words and their counts
2025-12-03 18:23:50,005 {'uri': 'random_walks.txt', 'mode': 'rb', 'buffering': -1, 'encoding': None, 'errors': None, 'newline': None, 'closefd': True, 'opener': None, 'ignore_ext': False, 'compression': None, 'transport_params': None}
2025-12-03 18:23:50,018 PROGRESS: at sentence #0, processed 0 words, keeping 0 word types
2025-12-03 18:23:50,028 collected 3314 word types from a corpus of 33140 raw words and 3314 sentences
2025-12-03 18:23:50,028 Creating a fresh vocabulary
2025-12-03 18:23:50,095 starting a new internal lifecycle event log for Word2Vec
2025-12-03 18:23:50,095 Word2Vec lifecycle event {'msg': 'effective_min_count=0 retains 3314 unique words (100.00% of original 3314, drops 0)', 'datetime': '2025-12-03T18:23:50.037673', 'gensim': '4.4.0', 'python': '3.12.4 | packaged by Anaconda, Inc. | (main, Jun 18 2024, 15:03:56) [MSC v.1929 64 bit (AMD64)]', 'platform': 'Windows-11-10.0.26200-SP0', 'event': 'prepare_vocab'}
2025-12-03 18:23:50,095 Word2Vec lifecycle event {'msg': 'effective_min_count=0 leaves 33140 word corpus (100.00% of original 33140, drops 0)', 'datetime': '2025-12-03T18:23:50.095132', 'gensim': '4.4.0', 'python': '3.12.4 | packaged by Anaconda, Inc. | (main, Jun 18 2024, 15:03:56) [MSC v.1929 64 bit (AMD64)]', 'platform': 'Windows-11-10.0.26200-SP0', 'event': 'prepare_vocab'}
2025-12-03 18:23:50,107 deleting the raw counts dictionary of 3314 items
2025-12-03 18:23:50,107 sample=0.001 downsamples 73 most-common words
2025-12-03 18:23:50,107 Word2Vec lifecycle event {'msg': 'downsampling leaves estimated 29547.941767733526 word corpus (89.2%% of prior 33140)', 'datetime': '2025-12-03T18:23:50.107129', 'gensim': '4.4.0', 'python': '3.12.4 | packaged by Anaconda, Inc. | (main, Jun 18 2024, 15:03:56) [MSC v.1929 64 bit (AMD64)]', 'platform': 'Windows-11-10.0.26200-SP0', 'event': 'prepare_vocab'}
2025-12-03 18:23:50,108 constructing a huffman tree from 3314 words
2025-12-03 18:23:50,180 built huffman tree with maximum node depth 15
2025-12-03 18:23:50,199 estimated required memory for 3314 words and 16 dimensions: 2956088 bytes
2025-12-03 18:23:50,199 resetting layer weights
2025-12-03 18:23:50,200 Word2Vec lifecycle event {'update': False, 'trim_rule': 'None', 'datetime': '2025-12-03T18:23:50.200131', 'gensim': '4.4.0', 'python': '3.12.4 | packaged by Anaconda, Inc. | (main, Jun 18 2024, 15:03:56) [MSC v.1929 64 bit (AMD64)]', 'platform': 'Windows-11-10.0.26200-SP0', 'event': 'build_vocab'}
2025-12-03 18:23:50,200 Both hierarchical softmax and negative sampling are activated. This is probably a mistake. You should set either 'hs=0' or 'negative=0' to disable one of them. 
2025-12-03 18:23:50,200 Word2Vec lifecycle event {'msg': 'training model with 4 workers on 3314 vocabulary and 16 features, using sg=1 hs=1 sample=0.001 negative=5 window=3 shrink_windows=True', 'datetime': '2025-12-03T18:23:50.200131', 'gensim': '4.4.0', 'python': '3.12.4 | packaged by Anaconda, Inc. | (main, Jun 18 2024, 15:03:56) [MSC v.1929 64 bit (AMD64)]', 'platform': 'Windows-11-10.0.26200-SP0', 'event': 'train'}
2025-12-03 18:23:50,201 {'uri': 'random_walks.txt', 'mode': 'rb', 'buffering': -1, 'encoding': None, 'errors': None, 'newline': None, 'closefd': True, 'opener': None, 'ignore_ext': False, 'compression': None, 'transport_params': None}
2025-12-03 18:23:50,214 job loop exiting, total 4 jobs
2025-12-03 18:23:50,232 worker exiting, processed 1 jobs
2025-12-03 18:23:50,232 worker thread finished; awaiting finish of 3 more threads
2025-12-03 18:23:50,245 worker exiting, processed 1 jobs
2025-12-03 18:23:50,246 worker thread finished; awaiting finish of 2 more threads
2025-12-03 18:23:50,252 worker exiting, processed 1 jobs
2025-12-03 18:23:50,252 worker thread finished; awaiting finish of 1 more threads
2025-12-03 18:23:50,255 worker exiting, processed 1 jobs
2025-12-03 18:23:50,255 worker thread finished; awaiting finish of 0 more threads
2025-12-03 18:23:50,255 EPOCH 0: training on 33140 raw words (29535 effective words) took 0.1s, 548147 effective words/s
2025-12-03 18:23:50,257 {'uri': 'random_walks.txt', 'mode': 'rb', 'buffering': -1, 'encoding': None, 'errors': None, 'newline': None, 'closefd': True, 'opener': None, 'ignore_ext': False, 'compression': None, 'transport_params': None}
2025-12-03 18:23:50,267 job loop exiting, total 4 jobs
2025-12-03 18:23:50,286 worker exiting, processed 1 jobs
2025-12-03 18:23:50,286 worker thread finished; awaiting finish of 3 more threads
2025-12-03 18:23:50,303 worker exiting, processed 1 jobs
2025-12-03 18:23:50,304 worker thread finished; awaiting finish of 2 more threads
2025-12-03 18:23:50,312 worker exiting, processed 1 jobs
2025-12-03 18:23:50,312 worker thread finished; awaiting finish of 1 more threads
2025-12-03 18:23:50,313 worker exiting, processed 1 jobs
2025-12-03 18:23:50,313 worker thread finished; awaiting finish of 0 more threads
2025-12-03 18:23:50,313 EPOCH 1: training on 33140 raw words (29607 effective words) took 0.1s, 528502 effective words/s
2025-12-03 18:23:50,313 Word2Vec lifecycle event {'msg': 'training on 66280 raw words (59142 effective words) took 0.1s, 521815 effective words/s', 'datetime': '2025-12-03T18:23:50.313131', 'gensim': '4.4.0', 'python': '3.12.4 | packaged by Anaconda, Inc. | (main, Jun 18 2024, 15:03:56) [MSC v.1929 64 bit (AMD64)]', 'platform': 'Windows-11-10.0.26200-SP0', 'event': 'train'}
2025-12-03 18:23:50,313 Word2Vec lifecycle event {'params': 'Word2Vec<vocab=3314, vector_size=16, alpha=0.025>', 'datetime': '2025-12-03T18:23:50.313131', 'gensim': '4.4.0', 'python': '3.12.4 | packaged by Anaconda, Inc. | (main, Jun 18 2024, 15:03:56) [MSC v.1929 64 bit (AMD64)]', 'platform': 'Windows-11-10.0.26200-SP0', 'event': 'created'}
2025-12-03 18:23:50,315 storing 3314x16 projection weights into data/embedding.emb
2025-12-03 18:23:50,315 {'uri': 'data/embedding.emb', 'mode': 'wb', 'buffering': -1, 'encoding': None, 'errors': None, 'newline': None, 'closefd': True, 'opener': None, 'ignore_ext': False, 'compression': None, 'transport_params': None}
2025-12-03 18:23:50,347 Representations created.
18:23:49,512 RW - vertex 2301. Time : 0.0s
2025-12-03 18:23:49,512 RW - vertex 1732. Time : 0.0s
2025-12-03 18:23:49,512 RW - vertex 2415. Time : 0.0s
2025-12-03 18:23:49,512 RW - vertex 1479. Time : 0.0s
2025-12-03 18:23:49,512 RW - vertex 902. Time : 0.0s
2025-12-03 18:23:49,512 RW - vertex 2677. Time : 0.0s
2025-12-03 18:23:49,512 RW - vertex 67. Time : 0.0s
2025-12-03 18:23:49,513 RW - vertex 1562. Time : 0.0s
2025-12-03 18:23:49,513 RW - vertex 576. Time : 0.0s
2025-12-03 18:23:49,513 RW - vertex 498. Time : 0.0s
2025-12-03 18:23:49,513 RW - vertex 2282. Time : 0.0s
2025-12-03 18:23:49,513 RW - vertex 1983. Time : 0.0s
2025-12-03 18:23:49,513 RW - vertex 1219. Time : 0.0s
2025-12-03 18:23:49,513 RW - vertex 2605. Time : 0.0s
2025-12-03 18:23:49,513 RW - vertex 897. Time : 0.0s
2025-12-03 18:23:49,513 RW - vertex 357. Time : 0.0s
2025-12-03 18:23:49,513 RW - vertex 2620. Time : 0.0s
2025-12-03 18:23:49,513 RW - vertex 142. Time : 0.0s
2025-12-03 18:23:49,514 RW - vertex 1586. Time : 0.0010001659393310547s
2025-12-03 18:23:49,514 RW - vertex 3230. Time : 0.0s
2025-12-03 18:23:49,514 RW - vertex 3176. Time : 0.0s
2025-12-03 18:23:49,514 RW - vertex 1240. Time : 0.0s
2025-12-03 18:23:49,514 RW - vertex 616. Time : 0.0s
2025-12-03 18:23:49,514 RW - vertex 921. Time : 0.0s
2025-12-03 18:23:49,514 RW - vertex 2512. Time : 0.0s
2025-12-03 18:23:49,514 RW - vertex 2027. Time : 0.0s
2025-12-03 18:23:49,514 RW - vertex 2036. Time : 0.0s
2025-12-03 18:23:49,514 RW - vertex 659. Time : 0.0s
2025-12-03 18:23:49,514 RW - vertex 157. Time : 0.0s
2025-12-03 18:23:49,514 RW - vertex 2879. Time : 0.0s
2025-12-03 18:23:49,515 RW - vertex 530. Time : 0.0s
2025-12-03 18:23:49,515 RW - vertex 2880. Time : 0.0s
2025-12-03 18:23:49,515 RW - vertex 3028. Time : 0.0s
2025-12-03 18:23:49,515 RW - vertex 158. Time : 0.0s
2025-12-03 18:23:49,515 RW - vertex 2650. Time : 0.0s
2025-12-03 18:23:49,515 RW - vertex 2804. Time : 0.0s
2025-12-03 18:23:49,515 RW - vertex 2979. Time : 0.0s
2025-12-03 18:23:49,515 RW - vertex 2754. Time : 0.0s
2025-12-03 18:23:49,515 RW - vertex 2636. Time : 0.0s
2025-12-03 18:23:49,515 RW - vertex 3281. Time : 0.0s
2025-12-03 18:23:49,515 RW - vertex 2980. Time : 0.0s
2025-12-03 18:23:49,516 RW - vertex 438. Time : 0.0009999275207519531s
2025-12-03 18:23:49,516 RW - vertex 2803. Time : 0.0s
2025-12-03 18:23:49,516 RW - vertex 2864. Time : 0.0s
2025-12-03 18:23:49,516 RW - vertex 374. Time : 0.0s
2025-12-03 18:23:49,516 RW - vertex 1220. Time : 0.0s
2025-12-03 18:23:49,516 RW - vertex 2922. Time : 0.0s
2025-12-03 18:23:49,516 RW - vertex 1174. Time : 0.0s
2025-12-03 18:23:49,516 RW - vertex 2116. Time : 0.0s
2025-12-03 18:23:49,516 RW - vertex 2061. Time : 0.0s
2025-12-03 18:23:49,516 RW - vertex 359. Time : 0.0s
2025-12-03 18:23:49,516 RW - vertex 2737. Time : 0.0s
2025-12-03 18:23:49,516 RW - vertex 823. Time : 0.0s
2025-12-03 18:23:49,517 RW - vertex 2112. Time : 0.0009999275207519531s
2025-12-03 18:23:49,517 RW - vertex 175. Time : 0.0s
2025-12-03 18:23:49,517 RW - vertex 2777. Time : 0.0s
2025-12-03 18:23:49,517 RW - vertex 1692. Time : 0.0s
2025-12-03 18:23:49,517 RW - vertex 1738. Time : 0.0s
2025-12-03 18:23:49,517 RW - vertex 2441. Time : 0.0s
2025-12-03 18:23:49,517 RW - vertex 553. Time : 0.0s
2025-12-03 18:23:49,517 RW - vertex 1146. Time : 0.0s
2025-12-03 18:23:49,517 RW - vertex 146. Time : 0.0s
2025-12-03 18:23:49,517 RW - vertex 1120. Time : 0.0s
2025-12-03 18:23:49,517 RW - vertex 2180. Time : 0.0s
2025-12-03 18:23:49,517 RW - vertex 1354. Time : 0.0s
2025-12-03 18:23:49,518 RW - vertex 457. Time : 0.0s
2025-12-03 18:23:49,518 RW - vertex 1335. Time : 0.0s
2025-12-03 18:23:49,518 RW - vertex 1770. Time : 0.0s
2025-12-03 18:23:49,518 RW - vertex 1726. Time : 0.0s
2025-12-03 18:23:49,518 RW - vertex 656. Time : 0.0s
2025-12-03 18:23:49,518 RW - vertex 2339. Time : 0.0s
2025-12-03 18:23:49,518 RW - vertex 34. Time : 0.0s
2025-12-03 18:23:49,518 RW - vertex 1264. Time : 0.0s
2025-12-03 18:23:49,518 RW - vertex 2349. Time : 0.0s
2025-12-03 18:23:49,518 RW - vertex 3160. Time : 0.0s
2025-12-03 18:23:49,518 RW - vertex 3290. Time : 0.0s
2025-12-03 18:23:49,518 RW - vertex 2550. Time : 0.0s
2025-12-03 18:23:49,519 RW - vertex 1273. Time : 0.0s
2025-12-03 18:23:49,519 RW - vertex 1608. Time : 0.0s
2025-12-03 18:23:49,519 RW - vertex 1507. Time : 0.0s
2025-12-03 18:23:49,519 RW - vertex 1350. Time : 0.0s
2025-12-03 18:23:49,519 RW - vertex 2891. Time : 0.0s
2025-12-03 18:23:49,519 RW - vertex 2861. Time : 0.0s
2025-12-03 18:23:49,519 RW - vertex 371. Time : 0.0s
2025-12-03 18:23:49,519 RW - vertex 1113. Time : 0.0s
2025-12-03 18:23:49,519 RW - vertex 1271. Time : 0.0s
2025-12-03 18:23:49,519 RW - vertex 360. Time : 0.0s
2025-12-03 18:23:49,519 RW - vertex 1533. Time : 0.0s
2025-12-03 18:23:49,520 RW - vertex 1822. Time : 0.0010001659393310547s
2025-12-03 18:23:49,520 RW - vertex 3211. Time : 0.0s
2025-12-03 18:23:49,520 RW - vertex 2089. Time : 0.0s
2025-12-03 18:23:49,520 RW - vertex 1874. Time : 0.0s
2025-12-03 18:23:49,520 RW - vertex 211. Time : 0.0s
2025-12-03 18:23:49,520 RW - vertex 764. Time : 0.0s
2025-12-03 18:23:49,520 RW - vertex 3224. Time : 0.0s
2025-12-03 18:23:49,520 RW - vertex 1778. Time : 0.0s
2025-12-03 18:23:49,520 RW - vertex 441. Time : 0.0s
2025-12-03 18:23:49,520 RW - vertex 2868. Time : 0.0s
2025-12-03 18:23:49,520 RW - vertex 2592. Time : 0.0s
2025-12-03 18:23:49,520 RW - vertex 1037. Time : 0.0s
2025-12-03 18:23:49,521 RW - vertex 222. Time : 0.0010001659393310547s
2025-12-03 18:23:49,521 RW - vertex 1014. Time : 0.0s
2025-12-03 18:23:49,521 RW - vertex 2204. Time : 0.0s
2025-12-03 18:23:49,521 RW - vertex 1518. Time : 0.0s
2025-12-03 18:23:49,521 RW - vertex 1636. Time : 0.0s
2025-12-03 18:23:49,521 RW - vertex 2406. Time : 0.0s
2025-12-03 18:23:49,521 RW - vertex 1319. Time : 0.0s
2025-12-03 18:23:49,521 RW - vertex 2020. Time : 0.0s
2025-12-03 18:23:49,521 RW - vertex 2967. Time : 0.0s
2025-12-03 18:23:49,521 RW - vertex 1743. Time : 0.0s
2025-12-03 18:23:49,521 RW - vertex 1841. Time : 0.0s
2025-12-03 18:23:49,521 RW - vertex 2099. Time : 0.0s
2025-12-03 18:23:49,522 RW - vertex 3088. Time : 0.0010004043579101562s
2025-12-03 18:23:49,522 RW - vertex 2626. Time : 0.0s
2025-12-03 18:23:49,522 RW - vertex 3300. Time : 0.0s
2025-12-03 18:23:49,522 RW - vertex 3145. Time : 0.0s
2025-12-03 18:23:49,522 RW - vertex 652. Time : 0.0s
2025-12-03 18:23:49,522 RW - vertex 2463. Time : 0.0s
2025-12-03 18:23:49,522 RW - vertex 1894. Time : 0.0s
2025-12-03 18:23:49,522 RW - vertex 381. Time : 0.0s
2025-12-03 18:23:49,522 RW - vertex 1528. Time : 0.0s
2025-12-03 18:23:49,522 RW - vertex 610. Time : 0.0s
2025-12-03 18:23:49,522 RW - vertex 1138. Time : 0.0s
2025-12-03 18:23:49,522 RW - vertex 1194. Time : 0.0s
2025-12-03 18:23:49,523 RW - vertex 2135. Time : 0.0009996891021728516s
2025-12-03 18:23:49,523 RW - vertex 1920. Time : 0.0s
2025-12-03 18:23:49,523 RW - vertex 2563. Time : 0.0s
2025-12-03 18:23:49,523 RW - vertex 1315. Time : 0.0s
2025-12-03 18:23:49,523 RW - vertex 1057. Time : 0.0s
2025-12-03 18:23:49,523 RW - vertex 790. Time : 0.0s
2025-12-03 18:23:49,523 RW - vertex 2639. Time : 0.0s
2025-12-03 18:23:49,523 RW - vertex 88. Time : 0.0s
2025-12-03 18:23:49,523 RW - vertex 1477. Time : 0.0s
2025-12-03 18:23:49,523 RW - vertex 2276. Time : 0.0s
2025-12-03 18:23:49,523 RW - vertex 1010. Time : 0.0s
2025-12-03 18:23:49,523 RW - vertex 2360. Time : 0.0s
2025-12-03 18:23:49,524 RW - vertex 2818. Time : 0.0010001659393310547s
2025-12-03 18:23:49,524 RW - vertex 3137. Time : 0.0s
2025-12-03 18:23:49,524 RW - vertex 2545. Time : 0.0s
2025-12-03 18:23:49,524 RW - vertex 3096. Time : 0.0s
2025-12-03 18:23:49,524 RW - vertex 1089. Time : 0.0s
2025-12-03 18:23:49,524 RW - vertex 1948. Time : 0.0s
2025-12-03 18:23:49,524 RW - vertex 1281. Time : 0.0s
2025-12-03 18:23:49,524 RW - vertex 785. Time : 0.0s
2025-12-03 18:23:49,524 RW - vertex 296. Time : 0.0s
2025-12-03 18:23:49,524 RW - vertex 13. Time : 0.0s
2025-12-03 18:23:49,524 RW - vertex 485. Time : 0.0s
2025-12-03 18:23:49,524 RW - vertex 2452. Time : 0.0s
2025-12-03 18:23:49,525 RW - vertex 816. Time : 0.0009996891021728516s
2025-12-03 18:23:49,525 RW - vertex 1912. Time : 0.0s
2025-12-03 18:23:49,525 RW - vertex 1180. Time : 0.0s
2025-12-03 18:23:49,525 RW - vertex 1301. Time : 0.0s
2025-12-03 18:23:49,525 RW - vertex 309. Time : 0.0s
2025-12-03 18:23:49,525 RW - vertex 691. Time : 0.0s
2025-12-03 18:23:49,525 RW - vertex 2114. Time : 0.0s
2025-12-03 18:23:49,525 RW - vertex 807. Time : 0.0s
2025-12-03 18:23:49,525 RW - vertex 926. Time : 0.0s
2025-12-03 18:23:49,525 RW - vertex 794. Time : 0.0s
2025-12-03 18:23:49,526 RW - vertex 1224. Time : 0.0s
2025-12-03 18:23:49,526 RW - vertex 101. Time : 0.0s
2025-12-03 18:23:49,526 RW - vertex 2739. Time : 0.0s
2025-12-03 18:23:49,526 RW - vertex 1075. Time : 0.0s
2025-12-03 18:23:49,526 RW - vertex 307. Time : 0.0s
2025-12-03 18:23:49,526 RW - vertex 528. Time : 0.0s
2025-12-03 18:23:49,526 RW - vertex 2008. Time : 0.0s
2025-12-03 18:23:49,526 RW - vertex 1681. Time : 0.0s
2025-12-03 18:23:49,526 RW - vertex 2683. Time : 0.0s
2025-12-03 18:23:49,526 RW - vertex 2553. Time : 0.0s
2025-12-03 18:23:49,526 RW - vertex 2735. Time : 0.0s
2025-12-03 18:23:49,527 RW - vertex 2534. Time : 0.0009999275207519531s
2025-12-03 18:23:49,527 RW - vertex 2052. Time : 0.0s
2025-12-03 18:23:49,527 RW - vertex 2469. Time : 0.0s
2025-12-03 18:23:49,527 RW - vertex 2464. Time : 0.0s
2025-12-03 18:23:49,527 RW - vertex 1494. Time : 0.0s
2025-12-03 18:23:49,527 RW - vertex 1635. Time : 0.0s
2025-12-03 18:23:49,527 RW - vertex 828. Time : 0.0s
2025-12-03 18:23:49,527 RW - vertex 1407. Time : 0.0s
2025-12-03 18:23:49,527 RW - vertex 1209. Time : 0.0s
2025-12-03 18:23:49,527 RW - vertex 2764. Time : 0.0s
2025-12-03 18:23:49,527 RW - vertex 2338. Time : 0.0s
2025-12-03 18:23:49,527 RW - vertex 1861. Time : 0.0s
2025-12-03 18:23:49,528 RW - vertex 1796. Time : 0.0s
2025-12-03 18:23:49,528 RW - vertex 2866. Time : 0.0s
2025-12-03 18:23:49,528 RW - vertex 210. Time : 0.0s
2025-12-03 18:23:49,528 RW - vertex 480. Time : 0.0s
2025-12-03 18:23:49,528 RW - vertex 1208. Time : 0.0s
2025-12-03 18:23:49,528 RW - vertex 2897. Time : 0.0s
2025-12-03 18:23:49,528 RW - vertex 3200. Time : 0.0s
2025-12-03 18:23:49,528 RW - vertex 3196. Time : 0.0s
2025-12-03 18:23:49,528 RW - vertex 148. Time : 0.0s
2025-12-03 18:23:49,528 RW - vertex 54. Time : 0.0s
2025-12-03 18:23:49,529 RW - vertex 1927. Time : 0.0s
2025-12-03 18:23:49,529 RW - vertex 2835. Time : 0.0s
2025-12-03 18:23:49,529 RW - vertex 788. Time : 0.0s
2025-12-03 18:23:49,529 RW - vertex 3182. Time : 0.0s
2025-12-03 18:23:49,529 RW - vertex 362. Time : 0.0s
2025-12-03 18:23:49,529 RW - vertex 1436. Time : 0.0s
2025-12-03 18:23:49,529 RW - vertex 1604. Time : 0.0s
2025-12-03 18:23:49,529 RW - vertex 409. Time : 0.0s
2025-12-03 18:23:49,529 RW - vertex 932. Time : 0.0s
2025-12-03 18:23:49,529 RW - vertex 1504. Time : 0.0s
2025-12-03 18:23:49,529 RW - vertex 1237. Time : 0.0s
2025-12-03 18:23:49,529 RW - vertex 862. Time : 0.0s
2025-12-03 18:23:49,530 RW - vertex 2674. Time : 0.0009999275207519531s
2025-12-03 18:23:49,530 RW - vertex 2019. Time : 0.0s
2025-12-03 18:23:49,530 RW - vertex 120. Time : 0.0s
2025-12-03 18:23:49,530 RW - vertex 1278. Time : 0.0s
2025-12-03 18:23:49,530 RW - vertex 1245. Time : 0.0s
2025-12-03 18:23:49,530 RW - vertex 3031. Time : 0.0s
2025-12-03 18:23:49,530 RW - vertex 260. Time : 0.0s
2025-12-03 18:23:49,530 RW - vertex 2646. Time : 0.0s
2025-12-03 18:23:49,530 RW - vertex 948. Time : 0.0s
2025-12-03 18:23:49,530 RW - vertex 887. Time : 0.0s
2025-12-03 18:23:49,530 RW - vertex 2444. Time : 0.0s
2025-12-03 18:23:49,530 RW - vertex 456. Time : 0.0s
2025-12-03 18:23:49,531 RW - vertex 256. Time : 0.0s
2025-12-03 18:23:49,531 RW - vertex 2436. Time : 0.0s
2025-12-03 18:23:49,531 RW - vertex 242. Time : 0.0s
2025-12-03 18:23:49,531 RW - vertex 658. Time : 0.0s
2025-12-03 18:23:49,531 RW - vertex 3199. Time : 0.0s
2025-12-03 18:23:49,531 RW - vertex 635. Time : 0.0s
2025-12-03 18:23:49,531 RW - vertex 719. Time : 0.0s
2025-12-03 18:23:49,531 RW - vertex 1187. Time : 0.0s
2025-12-03 18:23:49,531 RW - vertex 407. Time : 0.0s
2025-12-03 18:23:49,531 RW - vertex 2948. Time : 0.0s
2025-12-03 18:23:49,531 RW - vertex 1739. Time : 0.0s
2025-12-03 18:23:49,531 RW - vertex 2303. Time : 0.0s
2025-12-03 18:23:49,532 RW - vertex 2150. Time : 0.0s
2025-12-03 18:23:49,532 RW - vertex 1210. Time : 0.0s
2025-12-03 18:23:49,532 RW - vertex 2472. Time : 0.0s
2025-12-03 18:23:49,532 RW - vertex 2130. Time : 0.0s
2025-12-03 18:23:49,532 RW - vertex 901. Time : 0.0s
2025-12-03 18:23:49,532 RW - vertex 378. Time : 0.0s
2025-12-03 18:23:49,532 RW - vertex 1152. Time : 0.0s
2025-12-03 18:23:49,532 RW - vertex 1935. Time : 0.0s
2025-12-03 18:23:49,532 RW - vertex 1412. Time : 0.0s
2025-12-03 18:23:49,532 RW - vertex 1103. Time : 0.0s
2025-12-03 18:23:49,532 RW - vertex 3111. Time : 0.0s
2025-12-03 18:23:49,533 RW - vertex 26. Time : 0.0009999275207519531s
2025-12-03 18:23:49,533 RW - vertex 2304. Time : 0.0s
2025-12-03 18:23:49,533 RW - vertex 1379. Time : 0.0s
2025-12-03 18:23:49,533 RW - vertex 79. Time : 0.0s
2025-12-03 18:23:49,533 RW - vertex 3210. Time : 0.0s
2025-12-03 18:23:49,533 RW - vertex 1383. Time : 0.0s
2025-12-03 18:23:49,533 RW - vertex 336. Time : 0.0s
2025-12-03 18:23:49,533 RW - vertex 3186. Time : 0.0s
2025-12-03 18:23:49,533 RW - vertex 854. Time : 0.0s
2025-12-03 18:23:49,533 RW - vertex 2578. Time : 0.0s
2025-12-03 18:23:49,533 RW - vertex 413. Time : 0.0s
2025-12-03 18:23:49,533 RW - vertex 2320. Time : 0.0s
2025-12-03 18:23:49,534 RW - vertex 904. Time : 0.0s
2025-12-03 18:23:49,534 RW - vertex 2266. Time : 0.0s
2025-12-03 18:23:49,534 RW - vertex 2013. Time : 0.0s
2025-12-03 18:23:49,534 RW - vertex 1374. Time : 0.0s
2025-12-03 18:23:49,534 RW - vertex 2361. Time : 0.0s
2025-12-03 18:23:49,534 RW - vertex 1371. Time : 0.0s
2025-12-03 18:23:49,534 RW - vertex 1420. Time : 0.0s
2025-12-03 18:23:49,534 RW - vertex 1331. Time : 0.0s
2025-12-03 18:23:49,534 RW - vertex 1934. Time : 0.0s
2025-12-03 18:23:49,534 RW - vertex 850. Time : 0.0s
2025-12-03 18:23:49,534 RW - vertex 316. Time : 0.0s
2025-12-03 18:23:49,534 RW - vertex 3091. Time : 0.0s
2025-12-03 18:23:49,535 RW - vertex 1829. Time : 0.0s
2025-12-03 18:23:49,535 RW - vertex 2456. Time : 0.0s
2025-12-03 18:23:49,535 RW - vertex 2445. Time : 0.0s
2025-12-03 18:23:49,535 RW - vertex 1231. Time : 0.0s
2025-12-03 18:23:49,535 RW - vertex 536. Time : 0.0s
2025-12-03 18:23:49,535 RW - vertex 3023. Time : 0.0s
2025-12-03 18:23:49,535 RW - vertex 2686. Time : 0.0s
2025-12-03 18:23:49,535 RW - vertex 1660. Time : 0.0s
2025-12-03 18:23:49,535 RW - vertex 174. Time : 0.0s
2025-12-03 18:23:49,535 RW - vertex 931. Time : 0.0s
2025-12-03 18:23:49,535 RW - vertex 2326. Time : 0.0s
2025-12-03 18:23:49,535 RW - vertex 2985. Time : 0.0s
2025-12-03 18:23:49,536 RW - vertex 853. Time : 0.0010001659393310547s
2025-12-03 18:23:49,536 RW - vertex 25. Time : 0.0s
2025-12-03 18:23:49,536 RW - vertex 988. Time : 0.0s
2025-12-03 18:23:49,536 RW - vertex 730. Time : 0.0s
2025-12-03 18:23:49,536 RW - vertex 831. Time : 0.0s
2025-12-03 18:23:49,536 RW - vertex 670. Time : 0.0s
2025-12-03 18:23:49,536 RW - vertex 2199. Time : 0.0s
2025-12-03 18:23:49,536 RW - vertex 836. Time : 0.0s
2025-12-03 18:23:49,536 RW - vertex 1001. Time : 0.0s
2025-12-03 18:23:49,536 RW - vertex 751. Time : 0.0s
2025-12-03 18:23:49,536 RW - vertex 12. Time : 0.0s
2025-12-03 18:23:49,536 RW - vertex 3093. Time : 0.0s
2025-12-03 18:23:49,537 RW - vertex 975. Time : 0.0009999275207519531s
2025-12-03 18:23:49,537 RW - vertex 2213. Time : 0.0s
2025-12-03 18:23:49,537 RW - vertex 2766. Time : 0.0s
2025-12-03 18:23:49,537 RW - vertex 2314. Time : 0.0s
2025-12-03 18:23:49,537 RW - vertex 908. Time : 0.0s
2025-12-03 18:23:49,537 RW - vertex 2619. Time : 0.0s
2025-12-03 18:23:49,537 RW - vertex 698. Time : 0.0s
2025-12-03 18:23:49,537 RW - vertex 2938. Time : 0.0s
2025-12-03 18:23:49,537 RW - vertex 195. Time : 0.0s
2025-12-03 18:23:49,537 RW - vertex 1936. Time : 0.0s
2025-12-03 18:23:49,537 RW - vertex 57. Time : 0.0s
2025-12-03 18:23:49,537 RW - vertex 1191. Time : 0.0s
2025-12-03 18:23:49,538 RW - vertex 1641. Time : 0.0010001659393310547s
2025-12-03 18:23:49,538 RW - vertex 967. Time : 0.0s
2025-12-03 18:23:49,538 RW - vertex 1384. Time : 0.0s
2025-12-03 18:23:49,538 RW - vertex 3279. Time : 0.0s
2025-12-03 18:23:49,538 RW - vertex 895. Time : 0.0s
2025-12-03 18:23:49,538 RW - vertex 2721. Time : 0.0s
2025-12-03 18:23:49,538 RW - vertex 2300. Time : 0.0s
2025-12-03 18:23:49,538 RW - vertex 489. Time : 0.0s
2025-12-03 18:23:49,538 RW - vertex 131. Time : 0.0s
2025-12-03 18:23:49,538 RW - vertex 1029. Time : 0.0s
2025-12-03 18:23:49,538 RW - vertex 2048. Time : 0.0s
2025-12-03 18:23:49,538 RW - vertex 1688. Time : 0.0s
2025-12-03 18:23:49,539 RW - vertex 843. Time : 0.0s
2025-12-03 18:23:49,539 RW - vertex 2970. Time : 0.0s
2025-12-03 18:23:49,539 RW - vertex 1465. Time : 0.0s
2025-12-03 18:23:49,539 RW - vertex 3252. Time : 0.0s
2025-12-03 18:23:49,539 RW - vertex 1640. Time : 0.0s
2025-12-03 18:23:49,539 RW - vertex 2394. Time : 0.0s
2025-12-03 18:23:49,539 RW - vertex 1110. Time : 0.0s
2025-12-03 18:23:49,539 RW - vertex 1517. Time : 0.0s
2025-12-03 18:23:49,539 RW - vertex 2576. Time : 0.0s
2025-12-03 18:23:49,539 RW - vertex 3192. Time : 0.0s
2025-12-03 18:23:49,539 RW - vertex 1792. Time : 0.0s
2025-12-03 18:23:49,539 RW - vertex 215. Time : 0.0s
2025-12-03 18:23:49,540 RW - vertex 2833. Time : 0.0s
2025-12-03 18:23:49,540 RW - vertex 1402. Time : 0.0s
2025-12-03 18:23:49,540 RW - vertex 3204. Time : 0.0s
2025-12-03 18:23:49,540 RW - vertex 1795. Time : 0.0s
2025-12-03 18:23:49,540 RW - vertex 1458. Time : 0.0s
2025-12-03 18:23:49,540 RW - vertex 2194. Time : 0.0s
2025-12-03 18:23:49,540 RW - vertex 2002. Time : 0.0s
2025-12-03 18:23:49,540 RW - vertex 1131. Time : 0.0s
2025-12-03 18:23:49,540 RW - vertex 1101. Time : 0.0s
2025-12-03 18:23:49,540 RW - vertex 2432. Time : 0.0s
2025-12-03 18:23:49,541 RW - vertex 880. Time : 0.0010001659393310547s
2025-12-03 18:23:49,541 RW - vertex 912. Time : 0.0s
2025-12-03 18:23:49,541 RW - vertex 1228. Time : 0.0s
2025-12-03 18:23:49,541 RW - vertex 2373. Time : 0.0s
2025-12-03 18:23:49,541 RW - vertex 1291. Time : 0.0s
2025-12-03 18:23:49,541 RW - vertex 458. Time : 0.0s
2025-12-03 18:23:49,541 RW - vertex 472. Time : 0.0s
2025-12-03 18:23:49,541 RW - vertex 2627. Time : 0.0s
2025-12-03 18:23:49,541 RW - vertex 1834. Time : 0.0s
2025-12-03 18:23:49,541 RW - vertex 787. Time : 0.0s
2025-12-03 18:23:49,541 RW - vertex 918. Time : 0.0s
2025-12-03 18:23:49,541 RW - vertex 1361. Time : 0.0s
2025-12-03 18:23:49,542 RW - vertex 124. Time : 0.0009999275207519531s
2025-12-03 18:23:49,542 RW - vertex 484. Time : 0.0s
2025-12-03 18:23:49,542 RW - vertex 60. Time : 0.0s
2025-12-03 18:23:49,542 RW - vertex 2555. Time : 0.0s
2025-12-03 18:23:49,542 RW - vertex 701. Time : 0.0s
2025-12-03 18:23:49,542 RW - vertex 3189. Time : 0.0s
2025-12-03 18:23:49,542 RW - vertex 426. Time : 0.0s
2025-12-03 18:23:49,542 RW - vertex 2242. Time : 0.0s
2025-12-03 18:23:49,542 RW - vertex 2273. Time : 0.0s
2025-12-03 18:23:49,542 RW - vertex 2543. Time : 0.0s
2025-12-03 18:23:49,542 RW - vertex 1460. Time : 0.0s
2025-12-03 18:23:49,542 RW - vertex 1496. Time : 0.0s
2025-12-03 18:23:49,543 RW - vertex 3289. Time : 0.0009999275207519531s
2025-12-03 18:23:49,543 RW - vertex 3292. Time : 0.0s
2025-12-03 18:23:49,543 RW - vertex 2092. Time : 0.0s
2025-12-03 18:23:49,543 RW - vertex 502. Time : 0.0s
2025-12-03 18:23:49,543 RW - vertex 2232. Time : 0.0s
2025-12-03 18:23:49,543 RW - vertex 1382. Time : 0.0s
2025-12-03 18:23:49,543 RW - vertex 2757. Time : 0.0s
2025-12-03 18:23:49,543 RW - vertex 1226. Time : 0.0s
2025-12-03 18:23:49,543 RW - vertex 935. Time : 0.0s
2025-12-03 18:23:49,543 RW - vertex 615. Time : 0.0s
2025-12-03 18:23:49,543 RW - vertex 1549. Time : 0.0s
2025-12-03 18:23:49,543 RW - vertex 570. Time : 0.0s
2025-12-03 18:23:49,544 RW - vertex 2166. Time : 0.0s
2025-12-03 18:23:49,544 RW - vertex 803. Time : 0.0s
2025-12-03 18:23:49,544 RW - vertex 3149. Time : 0.0s
2025-12-03 18:23:49,544 RW - vertex 2947. Time : 0.0s
2025-12-03 18:23:49,544 RW - vertex 2422. Time : 0.0s
2025-12-03 18:23:49,544 RW - vertex 1234. Time : 0.0s
2025-12-03 18:23:49,544 RW - vertex 1491. Time : 0.0s
2025-12-03 18:23:49,544 RW - vertex 2068. Time : 0.0s
2025-12-03 18:23:49,544 RW - vertex 1759. Time : 0.0s
2025-12-03 18:23:49,544 RW - vertex 3312. Time : 0.0s
2025-12-03 18:23:49,544 RW - vertex 981. Time : 0.0s
2025-12-03 18:23:49,545 RW - vertex 1722. Time : 0.0s
2025-12-03 18:23:49,545 RW - vertex 2016. Time : 0.0s
2025-12-03 18:23:49,545 RW - vertex 3258. Time : 0.0s
2025-12-03 18:23:49,545 RW - vertex 1956. Time : 0.0s
2025-12-03 18:23:49,545 RW - vertex 2802. Time : 0.0s
2025-12-03 18:23:49,545 RW - vertex 285. Time : 0.0s
2025-12-03 18:23:49,545 RW - vertex 2996. Time : 0.0s
2025-12-03 18:23:49,545 RW - vertex 2207. Time : 0.0s
2025-12-03 18:23:49,545 RW - vertex 735. Time : 0.0s
2025-12-03 18:23:49,545 RW - vertex 2395. Time : 0.0s
2025-12-03 18:23:49,545 RW - vertex 152. Time : 0.0s
2025-12-03 18:23:49,545 RW - vertex 331. Time : 0.0s
2025-12-03 18:23:49,546 RW - vertex 632. Time : 0.0010001659393310547s
2025-12-03 18:23:49,546 RW - vertex 1669. Time : 0.0s
2025-12-03 18:23:49,546 RW - vertex 1364. Time : 0.0s
2025-12-03 18:23:49,546 RW - vertex 2753. Time : 0.0s
2025-12-03 18:23:49,546 RW - vertex 1978. Time : 0.0s
2025-12-03 18:23:49,546 RW - vertex 2400. Time : 0.0s
2025-12-03 18:23:49,546 RW - vertex 2986. Time : 0.0s
2025-12-03 18:23:49,546 RW - vertex 2501. Time : 0.0s
2025-12-03 18:23:49,546 RW - vertex 3165. Time : 0.0s
2025-12-03 18:23:49,546 RW - vertex 3094. Time : 0.0s
2025-12-03 18:23:49,546 RW - vertex 292. Time : 0.0s
2025-12-03 18:23:49,546 RW - vertex 789. Time : 0.0s
2025-12-03 18:23:49,547 RW - vertex 1269. Time : 0.0s
2025-12-03 18:23:49,547 RW - vertex 1425. Time : 0.0s
2025-12-03 18:23:49,547 RW - vertex 495. Time : 0.0s
2025-12-03 18:23:49,547 RW - vertex 1423. Time : 0.0s
2025-12-03 18:23:49,547 RW - vertex 2389. Time : 0.0s
2025-12-03 18:23:49,547 RW - vertex 2823. Time : 0.0s
2025-12-03 18:23:49,547 RW - vertex 314. Time : 0.0s
2025-12-03 18:23:49,547 RW - vertex 1285. Time : 0.0s
2025-12-03 18:23:49,547 RW - vertex 1159. Time : 0.0s
2025-12-03 18:23:49,547 RW - vertex 1052. Time : 0.0s
2025-12-03 18:23:49,547 RW - vertex 737. Time : 0.0s
2025-12-03 18:23:49,548 RW - vertex 503. Time : 0.0009996891021728516s
2025-12-03 18:23:49,548 RW - vertex 614. Time : 0.0s
2025-12-03 18:23:49,548 RW - vertex 772. Time : 0.0s
2025-12-03 18:23:49,548 RW - vertex 2333. Time : 0.0s
2025-12-03 18:23:49,548 RW - vertex 1712. Time : 0.0s
2025-12-03 18:23:49,548 RW - vertex 1244. Time : 0.0s
2025-12-03 18:23:49,548 RW - vertex 3020. Time : 0.0s
2025-12-03 18:23:49,548 RW - vertex 898. Time : 0.0s
2025-12-03 18:23:49,548 RW - vertex 2724. Time : 0.0s
2025-12-03 18:23:49,548 RW - vertex 1960. Time : 0.0s
2025-12-03 18:23:49,548 RW - vertex 92. Time : 0.0s
2025-12-03 18:23:49,548 RW - vertex 1553. Time : 0.0s
2025-12-03 18:23:49,549 RW - vertex 1718. Time : 0.0s
2025-12-03 18:23:49,549 RW - vertex 3156. Time : 0.0s
2025-12-03 18:23:49,549 RW - vertex 1380. Time : 0.0s
2025-12-03 18:23:49,549 RW - vertex 2599. Time : 0.0s
2025-12-03 18:23:49,549 RW - vertex 504. Time : 0.0s
2025-12-03 18:23:49,549 RW - vertex 380. Time : 0.0s
2025-12-03 18:23:49,549 RW - vertex 3078. Time : 0.0s
2025-12-03 18:23:49,549 RW - vertex 1130. Time : 0.0s
2025-12-03 18:23:49,549 RW - vertex 2128. Time : 0.0s
2025-12-03 18:23:49,549 RW - vertex 2506. Time : 0.0s
2025-12-03 18:23:49,549 RW - vertex 2053. Time : 0.0s
2025-12-03 18:23:49,549 RW - vertex 2262. Time : 0.0s
2025-12-03 18:23:49,550 RW - vertex 2081. Time : 0.0010001659393310547s
2025-12-03 18:23:49,550 RW - vertex 2090. Time : 0.0s
2025-12-03 18:23:49,550 RW - vertex 2324. Time : 0.0s
2025-12-03 18:23:49,550 RW - vertex 522. Time : 0.0s
2025-12-03 18:23:49,550 RW - vertex 593. Time : 0.0s
2025-12-03 18:23:49,550 RW - vertex 367. Time : 0.0s
2025-12-03 18:23:49,550 RW - vertex 1789. Time : 0.0s
2025-12-03 18:23:49,550 RW - vertex 870. Time : 0.0s
2025-12-03 18:23:49,550 RW - vertex 1377. Time : 0.0s
2025-12-03 18:23:49,550 RW - vertex 370. Time : 0.0s
2025-12-03 18:23:49,550 RW - vertex 3197. Time : 0.0s
2025-12-03 18:23:49,550 RW - vertex 2845. Time : 0.0s
2025-12-03 18:23:49,551 RW - vertex 1394. Time : 0.0s
2025-12-03 18:23:49,551 RW - vertex 761. Time : 0.0s
2025-12-03 18:23:49,551 RW - vertex 3064. Time : 0.0s
2025-12-03 18:23:49,551 RW - vertex 2740. Time : 0.0s
2025-12-03 18:23:49,551 RW - vertex 2732. Time : 0.0s
2025-12-03 18:23:49,551 RW - vertex 1984. Time : 0.0s
2025-12-03 18:23:49,551 RW - vertex 815. Time : 0.0s
2025-12-03 18:23:49,551 RW - vertex 1469. Time : 0.0s
2025-12-03 18:23:49,551 RW - vertex 2955. Time : 0.0s
2025-12-03 18:23:49,551 RW - vertex 1721. Time : 0.0s
2025-12-03 18:23:49,551 RW - vertex 2231. Time : 0.0s
2025-12-03 18:23:49,552 RW - vertex 2976. Time : 0.0s
2025-12-03 18:23:49,552 RW - vertex 3103. Time : 0.0s
2025-12-03 18:23:49,552 RW - vertex 3187. Time : 0.0s
2025-12-03 18:23:49,552 RW - vertex 2778. Time : 0.0s
2025-12-03 18:23:49,552 RW - vertex 1560. Time : 0.0s
2025-12-03 18:23:49,552 RW - vertex 603. Time : 0.0s
2025-12-03 18:23:49,552 RW - vertex 1157. Time : 0.0s
2025-12-03 18:23:49,552 RW - vertex 2909. Time : 0.0s
2025-12-03 18:23:49,552 RW - vertex 3272. Time : 0.0s
2025-12-03 18:23:49,552 RW - vertex 2873. Time : 0.0s
2025-12-03 18:23:49,552 RW - vertex 1992. Time : 0.0s
2025-12-03 18:23:49,553 RW - vertex 311. Time : 0.0s
2025-12-03 18:23:49,553 RW - vertex 2854. Time : 0.0s
2025-12-03 18:23:49,553 RW - vertex 2809. Time : 0.0s
2025-12-03 18:23:49,553 RW - vertex 1007. Time : 0.0s
2025-12-03 18:23:49,553 RW - vertex 2340. Time : 0.0s
2025-12-03 18:23:49,553 RW - vertex 1734. Time : 0.0s
2025-12-03 18:23:49,553 RW - vertex 1013. Time : 0.0s
2025-12-03 18:23:49,553 RW - vertex 298. Time : 0.0s
2025-12-03 18:23:49,553 RW - vertex 1898. Time : 0.0s
2025-12-03 18:23:49,553 RW - vertex 1707. Time : 0.0s
2025-12-03 18:23:49,553 RW - vertex 1040. Time : 0.0s
2025-12-03 18:23:49,553 RW - vertex 723. Time : 0.0s
2025-12-03 18:23:49,553 RW - vertex 2057. Time : 0.0s
2025-12-03 18:23:49,554 RW - vertex 1018. Time : 0.0s
2025-12-03 18:23:49,554 RW - vertex 150. Time : 0.0s
2025-12-03 18:23:49,554 RW - vertex 2075. Time : 0.0s
2025-12-03 18:23:49,554 RW - vertex 3286. Time : 0.0s
2025-12-03 18:23:49,554 RW - vertex 1200. Time : 0.0s
2025-12-03 18:23:49,554 RW - vertex 2708. Time : 0.0s
2025-12-03 18:23:49,554 RW - vertex 927. Time : 0.0s
2025-12-03 18:23:49,554 RW - vertex 1870. Time : 0.0s
2025-12-03 18:23:49,554 RW - vertex 1715. Time : 0.0s
2025-12-03 18:23:49,554 RW - vertex 847. Time : 0.0s
2025-12-03 18:23:49,554 RW - vertex 2496. Time : 0.0s
2025-12-03 18:23:49,554 RW - vertex 1893. Time : 0.0s
2025-12-03 18:23:49,555 RW - vertex 226. Time : 0.0s
2025-12-03 18:23:49,555 RW - vertex 3132. Time : 0.0s
2025-12-03 18:23:49,555 RW - vertex 1647. Time : 0.0s
2025-12-03 18:23:49,555 RW - vertex 2021. Time : 0.0s
2025-12-03 18:23:49,555 RW - vertex 2254. Time : 0.0s
2025-12-03 18:23:49,555 RW - vertex 2404. Time : 0.0s
2025-12-03 18:23:49,555 RW - vertex 297. Time : 0.0s
2025-12-03 18:23:49,555 RW - vertex 1594. Time : 0.0s
2025-12-03 18:23:49,555 RW - vertex 1455. Time : 0.0s
2025-12-03 18:23:49,555 RW - vertex 435. Time : 0.0s
2025-12-03 18:23:49,555 RW - vertex 1030. Time : 0.0s
2025-12-03 18:23:49,556 RW - vertex 2915. Time : 0.0009999275207519531s
2025-12-03 18:23:49,556 RW - vertex 402. Time : 0.0s
2025-12-03 18:23:49,556 RW - vertex 1662. Time : 0.0s
2025-12-03 18:23:49,556 RW - vertex 2745. Time : 0.0s
2025-12-03 18:23:49,556 RW - vertex 2637. Time : 0.0s
2025-12-03 18:23:49,556 RW - vertex 1523. Time : 0.0s
2025-12-03 18:23:49,556 RW - vertex 2366. Time : 0.0s
2025-12-03 18:23:49,556 RW - vertex 2841. Time : 0.0s
2025-12-03 18:23:49,556 RW - vertex 1326. Time : 0.0s
2025-12-03 18:23:49,556 RW - vertex 516. Time : 0.0s
2025-12-03 18:23:49,556 RW - vertex 2493. Time : 0.0s
2025-12-03 18:23:49,557 RW - vertex 3130. Time : 0.0s
2025-12-03 18:23:49,557 RW - vertex 2215. Time : 0.0s
2025-12-03 18:23:49,557 RW - vertex 1140. Time : 0.0s
2025-12-03 18:23:49,557 RW - vertex 1161. Time : 0.0s
2025-12-03 18:23:49,557 RW - vertex 3099. Time : 0.0s
2025-12-03 18:23:49,557 RW - vertex 2951. Time : 0.0s
2025-12-03 18:23:49,557 RW - vertex 2111. Time : 0.0s
2025-12-03 18:23:49,557 RW - vertex 153. Time : 0.0s
2025-12-03 18:23:49,557 RW - vertex 1255. Time : 0.0s
2025-12-03 18:23:49,557 RW - vertex 3122. Time : 0.0s
2025-12-03 18:23:49,557 RW - vertex 834. Time : 0.0s
2025-12-03 18:23:49,557 RW - vertex 3052. Time : 0.0s
2025-12-03 18:23:49,558 RW - vertex 1593. Time : 0.0s
2025-12-03 18:23:49,558 RW - vertex 2346. Time : 0.0s
2025-12-03 18:23:49,558 RW - vertex 2279. Time : 0.0s
2025-12-03 18:23:49,558 RW - vertex 40. Time : 0.0s
2025-12-03 18:23:49,558 RW - vertex 2251. Time : 0.0s
2025-12-03 18:23:49,558 RW - vertex 2684. Time : 0.0s
2025-12-03 18:23:49,558 RW - vertex 2734. Time : 0.0s
2025-12-03 18:23:49,558 RW - vertex 739. Time : 0.0s
2025-12-03 18:23:49,558 RW - vertex 3314. Time : 0.0s
2025-12-03 18:23:49,558 RW - vertex 3280. Time : 0.0s
2025-12-03 18:23:49,558 RW - vertex 2413. Time : 0.0s
2025-12-03 18:23:49,558 RW - vertex 3051. Time : 0.0s
2025-12-03 18:23:49,559 RW - vertex 2890. Time : 0.00099945068359375s
2025-12-03 18:23:49,559 RW - vertex 3308. Time : 0.0s
2025-12-03 18:23:49,559 RW - vertex 3142. Time : 0.0s
2025-12-03 18:23:49,559 RW - vertex 2018. Time : 0.0s
2025-12-03 18:23:49,559 RW - vertex 102. Time : 0.0s
2025-12-03 18:23:49,559 RW - vertex 1554. Time : 0.0s
2025-12-03 18:23:49,559 RW - vertex 377. Time : 0.0s
2025-12-03 18:23:49,559 RW - vertex 1171. Time : 0.0s
2025-12-03 18:23:49,559 RW - vertex 2972. Time : 0.0s
2025-12-03 18:23:49,559 RW - vertex 2913. Time : 0.0s
2025-12-03 18:23:49,560 RW - vertex 3136. Time : 0.0s
2025-12-03 18:23:49,560 RW - vertex 1279. Time : 0.0s
2025-12-03 18:23:49,560 RW - vertex 745. Time : 0.0s
2025-12-03 18:23:49,560 RW - vertex 2508. Time : 0.0s
2025-12-03 18:23:49,560 RW - vertex 3081. Time : 0.0s
2025-12-03 18:23:49,560 RW - vertex 956. Time : 0.0s
2025-12-03 18:23:49,560 RW - vertex 2923. Time : 0.0s
2025-12-03 18:23:49,560 RW - vertex 2028. Time : 0.0s
2025-12-03 18:23:49,560 RW - vertex 117. Time : 0.0s
2025-12-03 18:23:49,560 RW - vertex 2509. Time : 0.0s
2025-12-03 18:23:49,560 RW - vertex 2904. Time : 0.0s
2025-12-03 18:23:49,560 RW - vertex 767. Time : 0.0s
2025-12-03 18:23:49,561 RW - vertex 991. Time : 0.0s
2025-12-03 18:23:49,561 RW - vertex 550. Time : 0.0s
2025-12-03 18:23:49,561 RW - vertex 2419. Time : 0.0s
2025-12-03 18:23:49,561 RW - vertex 2110. Time : 0.0s
2025-12-03 18:23:49,561 RW - vertex 1434. Time : 0.0s
2025-12-03 18:23:49,561 RW - vertex 2322. Time : 0.0s
2025-12-03 18:23:49,561 RW - vertex 1916. Time : 0.0s
2025-12-03 18:23:49,561 RW - vertex 1529. Time : 0.0s
2025-12-03 18:23:49,561 RW - vertex 334. Time : 0.0s
2025-12-03 18:23:49,561 RW - vertex 1619. Time : 0.0s
2025-12-03 18:23:49,561 RW - vertex 2408. Time : 0.0s
2025-12-03 18:23:49,561 RW - vertex 2604. Time : 0.0s
2025-12-03 18:23:49,562 RW - vertex 1478. Time : 0.0s
2025-12-03 18:23:49,562 RW - vertex 2601. Time : 0.0s
2025-12-03 18:23:49,562 RW - vertex 493. Time : 0.0s
2025-12-03 18:23:49,562 RW - vertex 119. Time : 0.0s
2025-12-03 18:23:49,562 RW - vertex 100. Time : 0.0s
2025-12-03 18:23:49,562 RW - vertex 1341. Time : 0.0s
2025-12-03 18:23:49,562 RW - vertex 1497. Time : 0.0s
2025-12-03 18:23:49,562 RW - vertex 1332. Time : 0.0s
2025-12-03 18:23:49,562 RW - vertex 3018. Time : 0.0s
2025-12-03 18:23:49,562 RW - vertex 2343. Time : 0.0s
2025-12-03 18:23:49,562 RW - vertex 1408. Time : 0.0s
2025-12-03 18:23:49,562 RW - vertex 507. Time : 0.0s
2025-12-03 18:23:49,563 RW - vertex 1441. Time : 0.0010013580322265625s
2025-12-03 18:23:49,563 RW - vertex 630. Time : 0.0s
2025-12-03 18:23:49,563 RW - vertex 969. Time : 0.0s
2025-12-03 18:23:49,563 RW - vertex 1570. Time : 0.0s
2025-12-03 18:23:49,563 RW - vertex 1925. Time : 0.0s
2025-12-03 18:23:49,563 RW - vertex 1177. Time : 0.0s
2025-12-03 18:23:49,563 RW - vertex 271. Time : 0.0s
2025-12-03 18:23:49,563 RW - vertex 2941. Time : 0.0s
2025-12-03 18:23:49,563 RW - vertex 2968. Time : 0.0s
2025-12-03 18:23:49,563 RW - vertex 1552. Time : 0.0s
2025-12-03 18:23:49,563 RW - vertex 1310. Time : 0.0s
2025-12-03 18:23:49,563 RW - vertex 1524. Time : 0.0s
2025-12-03 18:23:49,564 RW - vertex 133. Time : 0.0009989738464355469s
2025-12-03 18:23:49,564 RW - vertex 2220. Time : 0.0s
2025-12-03 18:23:49,564 RW - vertex 1808. Time : 0.0s
2025-12-03 18:23:49,564 RW - vertex 3121. Time : 0.0s
2025-12-03 18:23:49,564 RW - vertex 2623. Time : 0.0s
2025-12-03 18:23:49,564 RW - vertex 3212. Time : 0.0s
2025-12-03 18:23:49,564 RW - vertex 741. Time : 0.0s
2025-12-03 18:23:49,564 RW - vertex 2759. Time : 0.0s
2025-12-03 18:23:49,564 RW - vertex 223. Time : 0.0s
2025-12-03 18:23:49,564 RW - vertex 192. Time : 0.0s
2025-12-03 18:23:49,564 RW - vertex 98. Time : 0.0s
2025-12-03 18:23:49,564 RW - vertex 1363. Time : 0.0s
2025-12-03 18:23:49,565 RW - vertex 2888. Time : 0.0s
2025-12-03 18:23:49,565 RW - vertex 43. Time : 0.0s
2025-12-03 18:23:49,565 RW - vertex 3015. Time : 0.0s
2025-12-03 18:23:49,565 RW - vertex 189. Time : 0.0s
2025-12-03 18:23:49,565 RW - vertex 2723. Time : 0.0s
2025-12-03 18:23:49,565 RW - vertex 3107. Time : 0.0s
2025-12-03 18:23:49,565 RW - vertex 611. Time : 0.0s
2025-12-03 18:23:49,565 RW - vertex 127. Time : 0.0s
2025-12-03 18:23:49,565 RW - vertex 1649. Time : 0.0s
2025-12-03 18:23:49,565 RW - vertex 3144. Time : 0.0s
2025-12-03 18:23:49,565 RW - vertex 373. Time : 0.0s
2025-12-03 18:23:49,565 RW - vertex 2760. Time : 0.0s
2025-12-03 18:23:49,566 RW - vertex 1644. Time : 0.0s
2025-12-03 18:23:49,566 RW - vertex 2850. Time : 0.0s
2025-12-03 18:23:49,566 RW - vertex 2692. Time : 0.0s
2025-12-03 18:23:49,566 RW - vertex 461. Time : 0.0s
2025-12-03 18:23:49,566 RW - vertex 2362. Time : 0.0s
2025-12-03 18:23:49,566 RW - vertex 2975. Time : 0.0s
2025-12-03 18:23:49,566 RW - vertex 1166. Time : 0.0s
2025-12-03 18:23:49,566 RW - vertex 2088. Time : 0.0s
2025-12-03 18:23:49,566 RW - vertex 2935. Time : 0.0s
2025-12-03 18:23:49,566 RW - vertex 391. Time : 0.0s
2025-12-03 18:23:49,566 RW - vertex 382. Time : 0.0s
2025-12-03 18:23:49,566 RW - vertex 2551. Time : 0.0s
2025-12-03 18:23:49,567 RW - vertex 705. Time : 0.0s
2025-12-03 18:23:49,567 RW - vertex 1680. Time : 0.0s
2025-12-03 18:23:49,567 RW - vertex 2192. Time : 0.0s
2025-12-03 18:23:49,567 RW - vertex 2940. Time : 0.0s
2025-12-03 18:23:49,567 RW - vertex 1773. Time : 0.0s
2025-12-03 18:23:49,567 RW - vertex 3141. Time : 0.0s
2025-12-03 18:23:49,567 RW - vertex 1259. Time : 0.0s
2025-12-03 18:23:49,567 RW - vertex 1292. Time : 0.0s
2025-12-03 18:23:49,567 RW - vertex 2491. Time : 0.0s
2025-12-03 18:23:49,567 RW - vertex 2486. Time : 0.0s
2025-12-03 18:23:49,567 RW - vertex 1729. Time : 0.0s
2025-12-03 18:23:49,567 RW - vertex 1928. Time : 0.0s
2025-12-03 18:23:49,568 RW - vertex 1652. Time : 0.0s
2025-12-03 18:23:49,568 RW - vertex 2668. Time : 0.0s
2025-12-03 18:23:49,568 RW - vertex 2004. Time : 0.0s
2025-12-03 18:23:49,568 RW - vertex 170. Time : 0.0s
2025-12-03 18:23:49,568 RW - vertex 1618. Time : 0.0s
2025-12-03 18:23:49,568 RW - vertex 1716. Time : 0.0s
2025-12-03 18:23:49,568 RW - vertex 1111. Time : 0.0s
2025-12-03 18:23:49,568 RW - vertex 1476. Time : 0.0s
2025-12-03 18:23:49,568 RW - vertex 147. Time : 0.0s
2025-12-03 18:23:49,568 RW - vertex 792. Time : 0.0s
2025-12-03 18:23:49,568 RW - vertex 1730. Time : 0.0s
2025-12-03 18:23:49,568 RW - vertex 405. Time : 0.0s
2025-12-03 18:23:49,568 RW - vertex 3106. Time : 0.0s
2025-12-03 18:23:49,569 RW - vertex 3010. Time : 0.0009996891021728516s
2025-12-03 18:23:49,569 RW - vertex 16. Time : 0.0s
2025-12-03 18:23:49,569 RW - vertex 3157. Time : 0.0s
2025-12-03 18:23:49,569 RW - vertex 70. Time : 0.0s
2025-12-03 18:23:49,569 RW - vertex 2106. Time : 0.0s
2025-12-03 18:23:49,569 RW - vertex 2082. Time : 0.0s
2025-12-03 18:23:49,569 RW - vertex 2101. Time : 0.0s
2025-12-03 18:23:49,569 RW - vertex 1251. Time : 0.0s
2025-12-03 18:23:49,569 RW - vertex 1671. Time : 0.0s
2025-12-03 18:23:49,569 RW - vertex 3150. Time : 0.0s
2025-12-03 18:23:49,569 RW - vertex 681. Time : 0.0s
2025-12-03 18:23:49,569 RW - vertex 2091. Time : 0.0s
2025-12-03 18:23:49,569 RW - vertex 2147. Time : 0.0s
2025-12-03 18:23:49,570 RW - vertex 1585. Time : 0.0010027885437011719s
2025-12-03 18:23:49,570 RW - vertex 36. Time : 0.0s
2025-12-03 18:23:49,570 RW - vertex 660. Time : 0.0s
2025-12-03 18:23:49,570 RW - vertex 2930. Time : 0.0s
2025-12-03 18:23:49,570 RW - vertex 1449. Time : 0.0s
2025-12-03 18:23:49,570 RW - vertex 845. Time : 0.0s
2025-12-03 18:23:49,570 RW - vertex 1621. Time : 0.0s
2025-12-03 18:23:49,570 RW - vertex 2638. Time : 0.0s
2025-12-03 18:23:49,570 RW - vertex 797. Time : 0.0s
2025-12-03 18:23:49,570 RW - vertex 1758. Time : 0.0s
2025-12-03 18:23:49,570 RW - vertex 2893. Time : 0.0s
2025-12-03 18:23:49,570 RW - vertex 1413. Time : 0.0s
2025-12-03 18:23:49,570 RW - vertex 1019. Time : 0.0s
2025-12-03 18:23:49,571 RW - vertex 677. Time : 0.0s
2025-12-03 18:23:49,571 RW - vertex 1694. Time : 0.0s
2025-12-03 18:23:49,571 RW - vertex 1072. Time : 0.0s
2025-12-03 18:23:49,571 RW - vertex 2706. Time : 0.0s
2025-12-03 18:23:49,571 RW - vertex 121. Time : 0.0s
2025-12-03 18:23:49,571 RW - vertex 2883. Time : 0.0s
2025-12-03 18:23:49,571 RW - vertex 1304. Time : 0.0s
2025-12-03 18:23:49,571 RW - vertex 1630. Time : 0.0s
2025-12-03 18:23:49,571 RW - vertex 864. Time : 0.0s
2025-12-03 18:23:49,571 RW - vertex 2330. Time : 0.0s
2025-12-03 18:23:49,571 RW - vertex 187. Time : 0.0s
2025-12-03 18:23:49,572 RW - vertex 204. Time : 0.0s
2025-12-03 18:23:49,572 RW - vertex 2806. Time : 0.0s
2025-12-03 18:23:49,572 RW - vertex 3067. Time : 0.0s
2025-12-03 18:23:49,572 RW - vertex 945. Time : 0.0s
2025-12-03 18:23:49,572 RW - vertex 1023. Time : 0.0s
2025-12-03 18:23:49,572 RW - vertex 1085. Time : 0.0s
2025-12-03 18:23:49,572 RW - vertex 3296. Time : 0.0s
2025-12-03 18:23:49,572 RW - vertex 1207. Time : 0.0s
2025-12-03 18:23:49,572 RW - vertex 1944. Time : 0.0s
2025-12-03 18:23:49,572 RW - vertex 628. Time : 0.0s
2025-12-03 18:23:49,572 RW - vertex 1775. Time : 0.0s
2025-12-03 18:23:49,572 RW - vertex 1555. Time : 0.0s
2025-12-03 18:23:49,573 RW - vertex 2556. Time : 0.0010311603546142578s
2025-12-03 18:23:49,573 RW - vertex 421. Time : 0.0s
2025-12-03 18:23:49,573 RW - vertex 510. Time : 0.0s
2025-12-03 18:23:49,573 RW - vertex 1954. Time : 0.0s
2025-12-03 18:23:49,573 RW - vertex 1574. Time : 0.0s
2025-12-03 18:23:49,573 RW - vertex 3177. Time : 0.0s
2025-12-03 18:23:49,573 RW - vertex 2073. Time : 0.0s
2025-12-03 18:23:49,573 RW - vertex 1482. Time : 0.0s
2025-12-03 18:23:49,573 RW - vertex 974. Time : 0.0s
2025-12-03 18:23:49,573 RW - vertex 500. Time : 0.0s
2025-12-03 18:23:49,573 RW - vertex 2906. Time : 0.0s
2025-12-03 18:23:49,573 RW - vertex 2012. Time : 0.0s
2025-12-03 18:23:49,574 RW - vertex 2085. Time : 0.0009682178497314453s
2025-12-03 18:23:49,574 RW - vertex 3237. Time : 0.0s
2025-12-03 18:23:49,574 RW - vertex 2318. Time : 0.0s
2025-12-03 18:23:49,574 RW - vertex 2860. Time : 0.0s
2025-12-03 18:23:49,574 RW - vertex 1175. Time : 0.0s
2025-12-03 18:23:49,574 RW - vertex 2401. Time : 0.0s
2025-12-03 18:23:49,574 RW - vertex 3034. Time : 0.0s
2025-12-03 18:23:49,574 RW - vertex 2905. Time : 0.0s
2025-12-03 18:23:49,574 RW - vertex 566. Time : 0.0s
2025-12-03 18:23:49,574 RW - vertex 1026. Time : 0.0s
2025-12-03 18:23:49,574 RW - vertex 2165. Time : 0.0s
2025-12-03 18:23:49,575 RW - vertex 1094. Time : 0.0009703636169433594s
2025-12-03 18:23:49,575 RW - vertex 1561. Time : 0.0s
2025-12-03 18:23:49,575 RW - vertex 638. Time : 0.0s
2025-12-03 18:23:49,575 RW - vertex 3217. Time : 0.0s
2025-12-03 18:23:49,575 RW - vertex 700. Time : 0.0s
2025-12-03 18:23:49,575 RW - vertex 1481. Time : 0.0s
2025-12-03 18:23:49,575 RW - vertex 1945. Time : 0.0s
2025-12-03 18:23:49,575 RW - vertex 2577. Time : 0.0s
2025-12-03 18:23:49,575 RW - vertex 1632. Time : 0.0s
2025-12-03 18:23:49,575 RW - vertex 1. Time : 0.0s
2025-12-03 18:23:49,575 RW - vertex 2277. Time : 0.0s
2025-12-03 18:23:49,576 RW - vertex 3250. Time : 0.001024007797241211s
2025-12-03 18:23:49,576 RW - vertex 1067. Time : 0.0s
2025-12-03 18:23:49,576 RW - vertex 2630. Time : 0.0s
2025-12-03 18:23:49,576 RW - vertex 232. Time : 0.0s
2025-12-03 18:23:49,576 RW - vertex 2198. Time : 0.0s
2025-12-03 18:23:49,576 RW - vertex 2044. Time : 0.0s
2025-12-03 18:23:49,576 RW - vertex 3014. Time : 0.0s
2025-12-03 18:23:49,576 RW - vertex 1090. Time : 0.0s
2025-12-03 18:23:49,576 RW - vertex 3143. Time : 0.0s
2025-12-03 18:23:49,576 RW - vertex 85. Time : 0.0s
2025-12-03 18:23:49,576 RW - vertex 1126. Time : 0.0s
2025-12-03 18:23:49,577 RW - vertex 1153. Time : 0.0s
2025-12-03 18:23:49,577 RW - vertex 1516. Time : 0.0s
2025-12-03 18:23:49,577 RW - vertex 2840. Time : 0.0s
2025-12-03 18:23:49,577 RW - vertex 2072. Time : 0.0s
2025-12-03 18:23:49,577 RW - vertex 1123. Time : 0.0s
2025-12-03 18:23:49,577 RW - vertex 469. Time : 0.0s
2025-12-03 18:23:49,577 RW - vertex 1633. Time : 0.0s
2025-12-03 18:23:49,577 RW - vertex 1931. Time : 0.0s
2025-12-03 18:23:49,577 RW - vertex 2918. Time : 0.0s
2025-12-03 18:23:49,577 RW - vertex 1723. Time : 0.0s
2025-12-03 18:23:49,577 RW - vertex 2589. Time : 0.0s
2025-12-03 18:23:49,577 RW - vertex 1357. Time : 0.0s
2025-12-03 18:23:49,577 RW - vertex 982. Time : 0.0s
2025-12-03 18:23:49,578 RW - vertex 1096. Time : 0.001001119613647461s
2025-12-03 18:23:49,578 RW - vertex 3042. Time : 0.0s
2025-12-03 18:23:49,578 RW - vertex 1172. Time : 0.0s
2025-12-03 18:23:49,578 RW - vertex 2448. Time : 0.0s
2025-12-03 18:23:49,578 RW - vertex 1807. Time : 0.0s
2025-12-03 18:23:49,578 RW - vertex 1755. Time : 0.0s
2025-12-03 18:23:49,578 RW - vertex 1706. Time : 0.0s
2025-12-03 18:23:49,578 RW - vertex 2477. Time : 0.0s
2025-12-03 18:23:49,578 RW - vertex 2054. Time : 0.0s
2025-12-03 18:23:49,578 RW - vertex 2442. Time : 0.0s
2025-12-03 18:23:49,578 RW - vertex 166. Time : 0.0s
2025-12-03 18:23:49,578 RW - vertex 2666. Time : 0.0s
2025-12-03 18:23:49,578 RW - vertex 2709. Time : 0.0s
2025-12-03 18:23:49,579 RW - vertex 161. Time : 0.0010023117065429688s
2025-12-03 18:23:49,579 RW - vertex 3245. Time : 0.0s
2025-12-03 18:23:49,579 RW - vertex 2679. Time : 0.0s
2025-12-03 18:23:49,579 RW - vertex 2780. Time : 0.0s
2025-12-03 18:23:49,579 RW - vertex 2026. Time : 0.0s
2025-12-03 18:23:49,579 RW - vertex 699. Time : 0.0s
2025-12-03 18:23:49,579 RW - vertex 1059. Time : 0.0s
2025-12-03 18:23:49,579 RW - vertex 2246. Time : 0.0s
2025-12-03 18:23:49,579 RW - vertex 301. Time : 0.0s
2025-12-03 18:23:49,579 RW - vertex 1774. Time : 0.0s
2025-12-03 18:23:49,579 RW - vertex 2514. Time : 0.0s
2025-12-03 18:23:49,579 RW - vertex 1961. Time : 0.0s
2025-12-03 18:23:49,580 RW - vertex 1027. Time : 0.0s
2025-12-03 18:23:49,580 RW - vertex 1243. Time : 0.0s
2025-12-03 18:23:49,580 RW - vertex 1551. Time : 0.0s
2025-12-03 18:23:49,580 RW - vertex 329. Time : 0.0s
2025-12-03 18:23:49,580 RW - vertex 1325. Time : 0.0s
2025-12-03 18:23:49,580 RW - vertex 1985. Time : 0.0s
2025-12-03 18:23:49,580 RW - vertex 15. Time : 0.0s
2025-12-03 18:23:49,580 RW - vertex 1405. Time : 0.0s
2025-12-03 18:23:49,580 RW - vertex 116. Time : 0.0s
2025-12-03 18:23:49,580 RW - vertex 3264. Time : 0.0s
2025-12-03 18:23:49,580 RW - vertex 1447. Time : 0.0s
2025-12-03 18:23:49,580 RW - vertex 2377. Time : 0.0s
2025-12-03 18:23:49,580 RW - vertex 1986. Time : 0.0s
2025-12-03 18:23:49,581 RW - vertex 2244. Time : 0.0009984970092773438s
2025-12-03 18:23:49,581 RW - vertex 1868. Time : 0.0s
2025-12-03 18:23:49,581 RW - vertex 577. Time : 0.0s
2025-12-03 18:23:49,581 RW - vertex 3100. Time : 0.0s
2025-12-03 18:23:49,581 RW - vertex 3207. Time : 0.0s
2025-12-03 18:23:49,581 RW - vertex 1212. Time : 0.0s
2025-12-03 18:23:49,581 RW - vertex 2710. Time : 0.0s
2025-12-03 18:23:49,581 RW - vertex 958. Time : 0.0s
2025-12-03 18:23:49,581 RW - vertex 920. Time : 0.0s
2025-12-03 18:23:49,581 RW - vertex 588. Time : 0.0s
2025-12-03 18:23:49,581 RW - vertex 1116. Time : 0.0s
2025-12-03 18:23:49,581 RW - vertex 1198. Time : 0.0s
2025-12-03 18:23:49,581 RW - vertex 1843. Time : 0.0s
2025-12-03 18:23:49,582 RW - vertex 777. Time : 0.0s
2025-12-03 18:23:49,582 RW - vertex 2221. Time : 0.0s
2025-12-03 18:23:49,582 RW - vertex 494. Time : 0.0s
2025-12-03 18:23:49,582 RW - vertex 2462. Time : 0.0s
2025-12-03 18:23:49,582 RW - vertex 826. Time : 0.0s
2025-12-03 18:23:49,582 RW - vertex 2610. Time : 0.0s
2025-12-03 18:23:49,582 RW - vertex 543. Time : 0.0s
2025-12-03 18:23:49,582 RW - vertex 929. Time : 0.0s
2025-12-03 18:23:49,582 RW - vertex 1782. Time : 0.0s
2025-12-03 18:23:49,582 RW - vertex 478. Time : 0.0s
2025-12-03 18:23:49,582 RW - vertex 1204. Time : 0.0s
2025-12-03 18:23:49,582 RW - vertex 2731. Time : 0.0s
2025-12-03 18:23:49,582 RW - vertex 796. Time : 0.0s
2025-12-03 18:23:49,583 RW - vertex 750. Time : 0.0s
2025-12-03 18:23:49,583 RW - vertex 393. Time : 0.0s
2025-12-03 18:23:49,583 RW - vertex 2669. Time : 0.0s
2025-12-03 18:23:49,583 RW - vertex 2942. Time : 0.0s
2025-12-03 18:23:49,583 RW - vertex 2953. Time : 0.0s
2025-12-03 18:23:49,583 RW - vertex 2345. Time : 0.0s
2025-12-03 18:23:49,583 RW - vertex 2763. Time : 0.0s
2025-12-03 18:23:49,583 RW - vertex 1848. Time : 0.0s
2025-12-03 18:23:49,583 RW - vertex 2264. Time : 0.0s
2025-12-03 18:23:49,583 RW - vertex 3219. Time : 0.0s
2025-12-03 18:23:49,583 RW - vertex 312. Time : 0.0s
2025-12-03 18:23:49,583 RW - vertex 227. Time : 0.0s
2025-12-03 18:23:49,584 RW - vertex 1321. Time : 0.0010063648223876953s
2025-12-03 18:23:49,584 RW - vertex 1817. Time : 0.0s
2025-12-03 18:23:49,584 RW - vertex 1940. Time : 0.0s
2025-12-03 18:23:49,584 RW - vertex 506. Time : 0.0s
2025-12-03 18:23:49,584 RW - vertex 3171. Time : 0.0s
2025-12-03 18:23:49,584 RW - vertex 1077. Time : 0.0s
2025-12-03 18:23:49,584 RW - vertex 129. Time : 0.0s
2025-12-03 18:23:49,584 RW - vertex 3151. Time : 0.0s
2025-12-03 18:23:49,584 RW - vertex 1668. Time : 0.0s
2025-12-03 18:23:49,584 RW - vertex 1623. Time : 0.0s
2025-12-03 18:23:49,584 RW - vertex 2772. Time : 0.0s
2025-12-03 18:23:49,584 RW - vertex 2882. Time : 0.0s
2025-12-03 18:23:49,584 RW - vertex 2681. Time : 0.0s
2025-12-03 18:23:49,585 RW - vertex 3227. Time : 0.0s
2025-12-03 18:23:49,585 RW - vertex 804. Time : 0.0s
2025-12-03 18:23:49,585 RW - vertex 1051. Time : 0.0s
2025-12-03 18:23:49,585 RW - vertex 2424. Time : 0.0s
2025-12-03 18:23:49,585 RW - vertex 1602. Time : 0.0s
2025-12-03 18:23:49,585 RW - vertex 2042. Time : 0.0s
2025-12-03 18:23:49,585 RW - vertex 2733. Time : 0.0s
2025-12-03 18:23:49,585 RW - vertex 2035. Time : 0.0s
2025-12-03 18:23:49,585 RW - vertex 1124. Time : 0.0s
2025-12-03 18:23:49,585 RW - vertex 1149. Time : 0.0s
2025-12-03 18:23:49,585 RW - vertex 2208. Time : 0.0s
2025-12-03 18:23:49,585 RW - vertex 947. Time : 0.0s
2025-12-03 18:23:49,586 RW - vertex 2720. Time : 0.0s
2025-12-03 18:23:49,586 RW - vertex 2613. Time : 0.0s
2025-12-03 18:23:49,586 RW - vertex 1963. Time : 0.0s
2025-12-03 18:23:49,586 RW - vertex 743. Time : 0.0s
2025-12-03 18:23:49,586 RW - vertex 2867. Time : 0.0s
2025-12-03 18:23:49,586 RW - vertex 2263. Time : 0.0s
2025-12-03 18:23:49,586 RW - vertex 3123. Time : 0.0s
2025-12-03 18:23:49,586 RW - vertex 1223. Time : 0.0s
2025-12-03 18:23:49,586 RW - vertex 2794. Time : 0.0s
2025-12-03 18:23:49,586 RW - vertex 791. Time : 0.0s
2025-12-03 18:23:49,586 RW - vertex 957. Time : 0.0s
2025-12-03 18:23:49,586 RW - vertex 2541. Time : 0.0s
2025-12-03 18:23:49,586 RW - vertex 959. Time : 0.0s
2025-12-03 18:23:49,587 RW - vertex 2885. Time : 0.000997304916381836s
2025-12-03 18:23:49,587 RW - vertex 2167. Time : 0.0s
2025-12-03 18:23:49,587 RW - vertex 856. Time : 0.0s
2025-12-03 18:23:49,587 RW - vertex 1531. Time : 0.0s
2025-12-03 18:23:49,587 RW - vertex 2214. Time : 0.0s
2025-12-03 18:23:49,587 RW - vertex 1910. Time : 0.0s
2025-12-03 18:23:49,587 RW - vertex 1952. Time : 0.0s
2025-12-03 18:23:49,587 RW - vertex 1265. Time : 0.0s
2025-12-03 18:23:49,587 RW - vertex 2265. Time : 0.0s
2025-12-03 18:23:49,587 RW - vertex 3201. Time : 0.0s
2025-12-03 18:23:49,587 RW - vertex 202. Time : 0.0s
2025-12-03 18:23:49,587 RW - vertex 1938. Time : 0.0s
2025-12-03 18:23:49,588 RW - vertex 1158. Time : 0.0s
2025-12-03 18:23:49,588 RW - vertex 1605. Time : 0.0s
2025-12-03 18:23:49,588 RW - vertex 114. Time : 0.0s
2025-12-03 18:23:49,588 RW - vertex 1508. Time : 0.0s
2025-12-03 18:23:49,588 RW - vertex 1611. Time : 0.0s
2025-12-03 18:23:49,588 RW - vertex 1687. Time : 0.0s
2025-12-03 18:23:49,588 RW - vertex 1754. Time : 0.0s
2025-12-03 18:23:49,588 RW - vertex 2311. Time : 0.0s
2025-12-03 18:23:49,588 RW - vertex 1468. Time : 0.0s
2025-12-03 18:23:49,588 RW - vertex 1400. Time : 0.0s
2025-12-03 18:23:49,588 RW - vertex 3299. Time : 0.0s
2025-12-03 18:23:49,588 RW - vertex 3267. Time : 0.0s
2025-12-03 18:23:49,589 RW - vertex 1862. Time : 0.0010001659393310547s
2025-12-03 18:23:49,589 RW - vertex 2533. Time : 0.0s
2025-12-03 18:23:49,589 RW - vertex 56. Time : 0.0s
2025-12-03 18:23:49,589 RW - vertex 771. Time : 0.0s
2025-12-03 18:23:49,589 RW - vertex 1888. Time : 0.0s
2025-12-03 18:23:49,589 RW - vertex 427. Time : 0.0s
2025-12-03 18:23:49,589 RW - vertex 995. Time : 0.0s
2025-12-03 18:23:49,589 RW - vertex 3287. Time : 0.0s
2025-12-03 18:23:49,589 RW - vertex 1624. Time : 0.0s
2025-12-03 18:23:49,589 RW - vertex 239. Time : 0.0s
2025-12-03 18:23:49,589 RW - vertex 224. Time : 0.0s
2025-12-03 18:23:49,589 RW - vertex 2634. Time : 0.0s
2025-12-03 18:23:49,589 RW - vertex 2351. Time : 0.0s
2025-12-03 18:23:49,590 RW - vertex 2680. Time : 0.0s
2025-12-03 18:23:49,590 RW - vertex 2846. Time : 0.0s
2025-12-03 18:23:49,590 RW - vertex 496. Time : 0.0s
2025-12-03 18:23:49,590 RW - vertex 3058. Time : 0.0s
2025-12-03 18:23:49,590 RW - vertex 212. Time : 0.0s
2025-12-03 18:23:49,590 RW - vertex 580. Time : 0.0s
2025-12-03 18:23:49,590 RW - vertex 46. Time : 0.0s
2025-12-03 18:23:49,590 RW - vertex 623. Time : 0.0s
2025-12-03 18:23:49,590 RW - vertex 2817. Time : 0.0s
2025-12-03 18:23:49,590 RW - vertex 1012. Time : 0.0s
2025-12-03 18:23:49,590 RW - vertex 1081. Time : 0.0s
2025-12-03 18:23:49,590 RW - vertex 286. Time : 0.0s
2025-12-03 18:23:49,591 RW - vertex 1578. Time : 0.0s
2025-12-03 18:23:49,591 RW - vertex 1197. Time : 0.0s
2025-12-03 18:23:49,591 RW - vertex 1835. Time : 0.0s
2025-12-03 18:23:49,591 RW - vertex 1661. Time : 0.0s
2025-12-03 18:23:49,591 RW - vertex 561. Time : 0.0s
2025-12-03 18:23:49,591 RW - vertex 201. Time : 0.0s
2025-12-03 18:23:49,591 RW - vertex 228. Time : 0.0s
2025-12-03 18:23:49,591 RW - vertex 476. Time : 0.0s
2025-12-03 18:23:49,591 RW - vertex 687. Time : 0.0s
2025-12-03 18:23:49,591 RW - vertex 1544. Time : 0.0s
2025-12-03 18:23:49,591 RW - vertex 2671. Time : 0.0s
2025-12-03 18:23:49,591 RW - vertex 3183. Time : 0.0s
2025-12-03 18:23:49,591 RW - vertex 564. Time : 0.0s
2025-12-03 18:23:49,592 RW - vertex 2411. Time : 0.0009975433349609375s
2025-12-03 18:23:49,592 RW - vertex 1428. Time : 0.0s
2025-12-03 18:23:49,592 RW - vertex 1846. Time : 0.0s
2025-12-03 18:23:49,592 RW - vertex 173. Time : 0.0s
2025-12-03 18:23:49,592 RW - vertex 2853. Time : 0.0s
2025-12-03 18:23:49,592 RW - vertex 1406. Time : 0.0s
2025-12-03 18:23:49,592 RW - vertex 3037. Time : 0.0s
2025-12-03 18:23:49,592 RW - vertex 2824. Time : 0.0s
2025-12-03 18:23:49,592 RW - vertex 2337. Time : 0.0s
2025-12-03 18:23:49,592 RW - vertex 2526. Time : 0.0s
2025-12-03 18:23:49,592 RW - vertex 1298. Time : 0.0s
2025-12-03 18:23:49,592 RW - vertex 2755. Time : 0.0s
2025-12-03 18:23:49,592 RW - vertex 1600. Time : 0.0s
2025-12-03 18:23:49,593 RW - vertex 707. Time : 0.0s
2025-12-03 18:23:49,593 RW - vertex 330. Time : 0.0s
2025-12-03 18:23:49,593 RW - vertex 1211. Time : 0.0s
2025-12-03 18:23:49,593 RW - vertex 2762. Time : 0.0s
2025-12-03 18:23:49,593 RW - vertex 3229. Time : 0.0s
2025-12-03 18:23:49,593 RW - vertex 886. Time : 0.0s
2025-12-03 18:23:49,593 RW - vertex 1866. Time : 0.0s
2025-12-03 18:23:49,593 RW - vertex 1700. Time : 0.0s
2025-12-03 18:23:49,593 RW - vertex 2887. Time : 0.0s
2025-12-03 18:23:49,593 RW - vertex 269. Time : 0.0s
2025-12-03 18:23:49,593 RW - vertex 3148. Time : 0.0s
2025-12-03 18:23:49,593 RW - vertex 1426. Time : 0.0s
2025-12-03 18:23:49,594 RW - vertex 3054. Time : 0.0010020732879638672s
2025-12-03 18:23:49,594 RW - vertex 325. Time : 0.0s
2025-12-03 18:23:49,594 RW - vertex 2427. Time : 0.0s
2025-12-03 18:23:49,594 RW - vertex 2259. Time : 0.0s
2025-12-03 18:23:49,594 RW - vertex 2561. Time : 0.0s
2025-12-03 18:23:49,594 RW - vertex 2080. Time : 0.0s
2025-12-03 18:23:49,594 RW - vertex 842. Time : 0.0s
2025-12-03 18:23:49,594 RW - vertex 509. Time : 0.0s
2025-12-03 18:23:49,594 RW - vertex 125. Time : 0.0s
2025-12-03 18:23:49,594 RW - vertex 2435. Time : 0.0s
2025-12-03 18:23:49,594 RW - vertex 237. Time : 0.0s
2025-12-03 18:23:49,594 RW - vertex 2. Time : 0.0s
2025-12-03 18:23:49,594 RW - vertex 1982. Time : 0.0s
2025-12-03 18:23:49,595 RW - vertex 1745. Time : 0.0010004043579101562s
2025-12-03 18:23:49,595 RW - vertex 1678. Time : 0.0s
2025-12-03 18:23:49,595 RW - vertex 2914. Time : 0.0s
2025-12-03 18:23:49,595 RW - vertex 327. Time : 0.0s
2025-12-03 18:23:49,595 RW - vertex 481. Time : 0.0s
2025-12-03 18:23:49,595 RW - vertex 1337. Time : 0.0s
2025-12-03 18:23:49,595 RW - vertex 821. Time : 0.0s
2025-12-03 18:23:49,595 RW - vertex 3170. Time : 0.0s
2025-12-03 18:23:49,595 RW - vertex 1115. Time : 0.0s
2025-12-03 18:23:49,595 RW - vertex 3215. Time : 0.0s
2025-12-03 18:23:49,595 RW - vertex 882. Time : 0.0s
2025-12-03 18:23:49,595 RW - vertex 1659. Time : 0.0s
2025-12-03 18:23:49,595 RW - vertex 1682. Time : 0.0s
2025-12-03 18:23:49,596 RW - vertex 3022. Time : 0.0010004043579101562s
2025-12-03 18:23:49,596 RW - vertex 2070. Time : 0.0s
2025-12-03 18:23:49,596 RW - vertex 2295. Time : 0.0s
2025-12-03 18:23:49,596 RW - vertex 483. Time : 0.0s
2025-12-03 18:23:49,596 RW - vertex 1293. Time : 0.0s
2025-12-03 18:23:49,596 RW - vertex 2567. Time : 0.0s
2025-12-03 18:23:49,596 RW - vertex 3153. Time : 0.0s
2025-12-03 18:23:49,596 RW - vertex 3128. Time : 0.0s
2025-12-03 18:23:49,596 RW - vertex 827. Time : 0.0s
2025-12-03 18:23:49,596 RW - vertex 1625. Time : 0.0s
2025-12-03 18:23:49,596 RW - vertex 3004. Time : 0.0s
2025-12-03 18:23:49,596 RW - vertex 207. Time : 0.0s
2025-12-03 18:23:49,596 RW - vertex 1787. Time : 0.0s
2025-12-03 18:23:49,597 RW - vertex 2587. Time : 0.0s
2025-12-03 18:23:49,597 RW - vertex 2210. Time : 0.0s
2025-12-03 18:23:49,597 RW - vertex 455. Time : 0.0s
2025-12-03 18:23:49,597 RW - vertex 180. Time : 0.0s
2025-12-03 18:23:49,597 RW - vertex 3114. Time : 0.0s
2025-12-03 18:23:49,597 RW - vertex 3255. Time : 0.0s
2025-12-03 18:23:49,597 RW - vertex 1442. Time : 0.0s
2025-12-03 18:23:49,597 RW - vertex 3306. Time : 0.0s
2025-12-03 18:23:49,597 RW - vertex 2370. Time : 0.0s
2025-12-03 18:23:49,597 RW - vertex 1086. Time : 0.0s
2025-12-03 18:23:49,597 RW - vertex 8. Time : 0.0s
2025-12-03 18:23:49,597 RW - vertex 2810. Time : 0.0s
2025-12-03 18:23:49,597 RW - vertex 1340. Time : 0.0s
2025-12-03 18:23:49,598 RW - vertex 348. Time : 0.0010008811950683594s
2025-12-03 18:23:49,598 RW - vertex 1105. Time : 0.0s
2025-12-03 18:23:49,598 RW - vertex 1252. Time : 0.0s
2025-12-03 18:23:49,598 RW - vertex 1091. Time : 0.0s
2025-12-03 18:23:49,598 RW - vertex 2014. Time : 0.0s
2025-12-03 18:23:49,598 RW - vertex 3127. Time : 0.0s
2025-12-03 18:23:49,598 RW - vertex 59. Time : 0.0s
2025-12-03 18:23:49,598 RW - vertex 1484. Time : 0.0s
2025-12-03 18:23:49,598 RW - vertex 2701. Time : 0.0s
2025-12-03 18:23:49,598 RW - vertex 2838. Time : 0.0s
2025-12-03 18:23:49,598 RW - vertex 18. Time : 0.0s
2025-12-03 18:23:49,598 RW - vertex 1697. Time : 0.0s
2025-12-03 18:23:49,598 RW - vertex 508. Time : 0.0s
2025-12-03 18:23:49,599 RW - vertex 216. Time : 0.0s
2025-12-03 18:23:49,599 RW - vertex 1456. Time : 0.0s
2025-12-03 18:23:49,599 RW - vertex 2957. Time : 0.0s
2025-12-03 18:23:49,599 RW - vertex 3291. Time : 0.0s
2025-12-03 18:23:49,599 RW - vertex 188. Time : 0.0s
2025-12-03 18:23:49,599 RW - vertex 2393. Time : 0.0s
2025-12-03 18:23:49,599 RW - vertex 2640. Time : 0.0s
2025-12-03 18:23:49,599 RW - vertex 1004. Time : 0.0s
2025-12-03 18:23:49,599 RW - vertex 1737. Time : 0.0s
2025-12-03 18:23:49,599 RW - vertex 2773. Time : 0.0s
2025-12-03 18:23:49,599 RW - vertex 80. Time : 0.0s
2025-12-03 18:23:49,599 RW - vertex 1020. Time : 0.0s
2025-12-03 18:23:49,600 RW - vertex 1851. Time : 0.0s
2025-12-03 18:23:49,600 RW - vertex 1890. Time : 0.0s
2025-12-03 18:23:49,600 RW - vertex 1038. Time : 0.0s
2025-12-03 18:23:49,600 RW - vertex 1397. Time : 0.0s
2025-12-03 18:23:49,600 RW - vertex 1076. Time : 0.0s
2025-12-03 18:23:49,600 RW - vertex 716. Time : 0.0s
2025-12-03 18:23:49,600 RW - vertex 326. Time : 0.0s
2025-12-03 18:23:49,600 RW - vertex 1771. Time : 0.0s
2025-12-03 18:23:49,600 RW - vertex 2950. Time : 0.0s
2025-12-03 18:23:49,600 RW - vertex 1314. Time : 0.0s
2025-12-03 18:23:49,600 RW - vertex 3205. Time : 0.0s
2025-12-03 18:23:49,600 RW - vertex 1581. Time : 0.0s
2025-12-03 18:23:49,601 RW - vertex 1856. Time : 0.0s
2025-12-03 18:23:49,601 RW - vertex 1178. Time : 0.0s
2025-12-03 18:23:49,601 RW - vertex 1515. Time : 0.0s
2025-12-03 18:23:49,601 RW - vertex 1008. Time : 0.0s
2025-12-03 18:23:49,601 RW - vertex 2487. Time : 0.0s
2025-12-03 18:23:49,601 RW - vertex 156. Time : 0.0s
2025-12-03 18:23:49,601 RW - vertex 2069. Time : 0.0s
2025-12-03 18:23:49,601 RW - vertex 835. Time : 0.0s
2025-12-03 18:23:49,601 RW - vertex 1879. Time : 0.0s
2025-12-03 18:23:49,601 RW - vertex 747. Time : 0.0s
2025-12-03 18:23:49,601 RW - vertex 1396. Time : 0.0s
2025-12-03 18:23:49,601 RW - vertex 1923. Time : 0.0s
2025-12-03 18:23:49,601 RW - vertex 996. Time : 0.0s
2025-12-03 18:23:49,602 RW - vertex 1967. Time : 0.0010004043579101562s
2025-12-03 18:23:49,602 RW - vertex 1144. Time : 0.0s
2025-12-03 18:23:49,602 RW - vertex 2391. Time : 0.0s
2025-12-03 18:23:49,602 RW - vertex 349. Time : 0.0s
2025-12-03 18:23:49,602 RW - vertex 3232. Time : 0.0s
2025-12-03 18:23:49,602 RW - vertex 2067. Time : 0.0s
2025-12-03 18:23:49,602 RW - vertex 35. Time : 0.0s
2025-12-03 18:23:49,602 RW - vertex 267. Time : 0.0s
2025-12-03 18:23:49,602 RW - vertex 725. Time : 0.0s
2025-12-03 18:23:49,602 RW - vertex 1006. Time : 0.0s
2025-12-03 18:23:49,602 RW - vertex 254. Time : 0.0s
2025-12-03 18:23:49,602 RW - vertex 3315. Time : 0.0s
2025-12-03 18:23:49,602 RW - vertex 2379. Time : 0.0s
2025-12-03 18:23:49,603 RW - vertex 2895. Time : 0.0s
2025-12-03 18:23:49,603 RW - vertex 2296. Time : 0.0s
2025-12-03 18:23:49,603 RW - vertex 3214. Time : 0.0s
2025-12-03 18:23:49,603 RW - vertex 2307. Time : 0.0s
2025-12-03 18:23:49,603 RW - vertex 949. Time : 0.0s
2025-12-03 18:23:49,603 RW - vertex 1501. Time : 0.0s
2025-12-03 18:23:49,603 RW - vertex 1486. Time : 0.0s
2025-12-03 18:23:49,603 RW - vertex 1453. Time : 0.0s
2025-12-03 18:23:49,603 RW - vertex 568. Time : 0.0s
2025-12-03 18:23:49,603 RW - vertex 2059. Time : 0.0s
2025-12-03 18:23:49,604 RW - vertex 2071. Time : 0.0009694099426269531s
2025-12-03 18:23:49,604 RW - vertex 997. Time : 0.0s
2025-12-03 18:23:49,604 RW - vertex 2236. Time : 0.0s
2025-12-03 18:23:49,604 RW - vertex 1297. Time : 0.0s
2025-12-03 18:23:49,604 RW - vertex 2693. Time : 0.0s
2025-12-03 18:23:49,604 RW - vertex 1050. Time : 0.0s
2025-12-03 18:23:49,604 RW - vertex 1385. Time : 0.0s
2025-12-03 18:23:49,604 RW - vertex 2645. Time : 0.0s
2025-12-03 18:23:49,604 RW - vertex 263. Time : 0.0s
2025-12-03 18:23:49,604 RW - vertex 365. Time : 0.0s
2025-12-03 18:23:49,604 RW - vertex 1349. Time : 0.0s
2025-12-03 18:23:49,604 RW - vertex 1550. Time : 0.0s
2025-12-03 18:23:49,605 RW - vertex 2699. Time : 0.0s
2025-12-03 18:23:49,605 RW - vertex 2368. Time : 0.0s
2025-12-03 18:23:49,605 RW - vertex 1765. Time : 0.0s
2025-12-03 18:23:49,605 RW - vertex 1534. Time : 0.0s
2025-12-03 18:23:49,605 RW - vertex 2317. Time : 0.0s
2025-12-03 18:23:49,605 RW - vertex 245. Time : 0.0s
2025-12-03 18:23:49,605 RW - vertex 1063. Time : 0.0s
2025-12-03 18:23:49,605 RW - vertex 1061. Time : 0.0s
2025-12-03 18:23:49,605 RW - vertex 3140. Time : 0.0s
2025-12-03 18:23:49,605 RW - vertex 2134. Time : 0.0s
2025-12-03 18:23:49,605 RW - vertex 1617. Time : 0.0s
2025-12-03 18:23:49,605 RW - vertex 756. Time : 0.0s
2025-12-03 18:23:49,605 RW - vertex 3124. Time : 0.0s
2025-12-03 18:23:49,606 RW - vertex 417. Time : 0.0009999275207519531s
2025-12-03 18:23:49,606 RW - vertex 200. Time : 0.0s
2025-12-03 18:23:49,606 RW - vertex 3295. Time : 0.0s
2025-12-03 18:23:49,606 RW - vertex 445. Time : 0.0s
2025-12-03 18:23:49,606 RW - vertex 404. Time : 0.0s
2025-12-03 18:23:49,606 RW - vertex 2500. Time : 0.0s
2025-12-03 18:23:49,606 RW - vertex 355. Time : 0.0s
2025-12-03 18:23:49,606 RW - vertex 2727. Time : 0.0s
2025-12-03 18:23:49,606 RW - vertex 937. Time : 0.0s
2025-12-03 18:23:49,606 RW - vertex 1976. Time : 0.0s
2025-12-03 18:23:49,606 RW - vertex 2725. Time : 0.0s
2025-12-03 18:23:49,606 RW - vertex 2781. Time : 0.0s
2025-12-03 18:23:49,607 RW - vertex 1772. Time : 0.0009999275207519531s
2025-12-03 18:23:49,607 RW - vertex 2310. Time : 0.0s
2025-12-03 18:23:49,607 RW - vertex 2439. Time : 0.0s
2025-12-03 18:23:49,607 RW - vertex 1464. Time : 0.0s
2025-12-03 18:23:49,607 RW - vertex 2863. Time : 0.0s
2025-12-03 18:23:49,607 RW - vertex 2141. Time : 0.0s
2025-12-03 18:23:49,607 RW - vertex 2978. Time : 0.0s
2025-12-03 18:23:49,607 RW - vertex 1527. Time : 0.0s
2025-12-03 18:23:49,607 RW - vertex 999. Time : 0.0s
2025-12-03 18:23:49,607 RW - vertex 71. Time : 0.0s
2025-12-03 18:23:49,607 RW - vertex 3070. Time : 0.0s
2025-12-03 18:23:49,607 RW - vertex 2465. Time : 0.0s
2025-12-03 18:23:49,607 RW - vertex 668. Time : 0.0s
2025-12-03 18:23:49,608 RW - vertex 3266. Time : 0.0s
2025-12-03 18:23:49,608 RW - vertex 2132. Time : 0.0s
2025-12-03 18:23:49,608 RW - vertex 1747. Time : 0.0s
2025-12-03 18:23:49,608 RW - vertex 965. Time : 0.0s
2025-12-03 18:23:49,608 RW - vertex 2792. Time : 0.0s
2025-12-03 18:23:49,608 RW - vertex 1216. Time : 0.0s
2025-12-03 18:23:49,608 RW - vertex 1526. Time : 0.0s
2025-12-03 18:23:49,608 RW - vertex 2055. Time : 0.0s
2025-12-03 18:23:49,608 RW - vertex 2223. Time : 0.0s
2025-12-03 18:23:49,608 RW - vertex 2325. Time : 0.0s
2025-12-03 18:23:49,608 RW - vertex 1735. Time : 0.0s
2025-12-03 18:23:49,608 RW - vertex 1450. Time : 0.0s
2025-12-03 18:23:49,609 RW - vertex 2017. Time : 0.0009999275207519531s
2025-12-03 18:23:49,609 RW - vertex 1403. Time : 0.0s
2025-12-03 18:23:49,609 RW - vertex 2364. Time : 0.0s
2025-12-03 18:23:49,609 RW - vertex 2157. Time : 0.0s
2025-12-03 18:23:49,609 RW - vertex 2993. Time : 0.0s
2025-12-03 18:23:49,609 RW - vertex 1828. Time : 0.0s
2025-12-03 18:23:49,609 RW - vertex 1577. Time : 0.0s
2025-12-03 18:23:49,609 RW - vertex 2615. Time : 0.0s
2025-12-03 18:23:49,609 RW - vertex 808. Time : 0.0s
2025-12-03 18:23:49,609 RW - vertex 2169. Time : 0.0s
2025-12-03 18:23:49,609 RW - vertex 429. Time : 0.0s
2025-12-03 18:23:49,609 RW - vertex 1034. Time : 0.0s
2025-12-03 18:23:49,610 RW - vertex 2257. Time : 0.0010001659393310547s
2025-12-03 18:23:49,610 RW - vertex 155. Time : 0.0s
2025-12-03 18:23:49,610 RW - vertex 1186. Time : 0.0s
2025-12-03 18:23:49,610 RW - vertex 1800. Time : 0.0s
2025-12-03 18:23:49,610 RW - vertex 2497. Time : 0.0s
2025-12-03 18:23:49,610 RW - vertex 1328. Time : 0.0s
2025-12-03 18:23:49,610 RW - vertex 2358. Time : 0.0s
2025-12-03 18:23:49,610 RW - vertex 822. Time : 0.0s
2025-12-03 18:23:49,610 RW - vertex 19. Time : 0.0s
2025-12-03 18:23:49,610 RW - vertex 2076. Time : 0.0s
2025-12-03 18:23:49,610 RW - vertex 4. Time : 0.0s
2025-12-03 18:23:49,610 RW - vertex 310. Time : 0.0s
2025-12-03 18:23:49,610 RW - vertex 2821. Time : 0.0s
2025-12-03 18:23:49,611 RW - vertex 94. Time : 0.0s
2025-12-03 18:23:49,611 RW - vertex 3056. Time : 0.0s
2025-12-03 18:23:49,611 RW - vertex 590. Time : 0.0s
2025-12-03 18:23:49,611 RW - vertex 1784. Time : 0.0s
2025-12-03 18:23:49,611 RW - vertex 2931. Time : 0.0s
2025-12-03 18:23:49,611 RW - vertex 3193. Time : 0.0s
2025-12-03 18:23:49,611 RW - vertex 2011. Time : 0.0s
2025-12-03 18:23:49,611 RW - vertex 384. Time : 0.0s
2025-12-03 18:23:49,611 RW - vertex 1125. Time : 0.0s
2025-12-03 18:23:49,611 RW - vertex 3035. Time : 0.0s
2025-12-03 18:23:49,611 RW - vertex 1947. Time : 0.0s
2025-12-03 18:23:49,611 RW - vertex 597. Time : 0.0s
2025-12-03 18:23:49,612 RW - vertex 2749. Time : 0.0010001659393310547s
2025-12-03 18:23:49,612 RW - vertex 3179. Time : 0.0s
2025-12-03 18:23:49,612 RW - vertex 464. Time : 0.0s
2025-12-03 18:23:49,612 RW - vertex 347. Time : 0.0s
2025-12-03 18:23:49,612 RW - vertex 1957. Time : 0.0s
2025-12-03 18:23:49,612 RW - vertex 877. Time : 0.0s
2025-12-03 18:23:49,612 RW - vertex 1664. Time : 0.0s
2025-12-03 18:23:49,612 RW - vertex 1742. Time : 0.0s
2025-12-03 18:23:49,612 RW - vertex 3046. Time : 0.0s
2025-12-03 18:23:49,612 RW - vertex 1567. Time : 0.0s
2025-12-03 18:23:49,612 RW - vertex 2498. Time : 0.0s
2025-12-03 18:23:49,612 RW - vertex 2365. Time : 0.0s
2025-12-03 18:23:49,613 RW - vertex 1767. Time : 0.0009999275207519531s
2025-12-03 18:23:49,613 RW - vertex 2200. Time : 0.0s
2025-12-03 18:23:49,613 RW - vertex 2144. Time : 0.0s
2025-12-03 18:23:49,613 RW - vertex 2468. Time : 0.0s
2025-12-03 18:23:49,613 RW - vertex 1493. Time : 0.0s
2025-12-03 18:23:49,613 RW - vertex 468. Time : 0.0s
2025-12-03 18:23:49,613 RW - vertex 2490. Time : 0.0s
2025-12-03 18:23:49,613 RW - vertex 2875. Time : 0.0s
2025-12-03 18:23:49,613 RW - vertex 2355. Time : 0.0s
2025-12-03 18:23:49,613 RW - vertex 221. Time : 0.0s
2025-12-03 18:23:49,613 RW - vertex 1505. Time : 0.0s
2025-12-03 18:23:49,613 RW - vertex 182. Time : 0.0s
2025-12-03 18:23:49,613 RW - vertex 2481. Time : 0.0s
2025-12-03 18:23:49,614 RW - vertex 1933. Time : 0.0s
2025-12-03 18:23:49,614 RW - vertex 3049. Time : 0.0s
2025-12-03 18:23:49,614 RW - vertex 1631. Time : 0.0s
2025-12-03 18:23:49,614 RW - vertex 925. Time : 0.0s
2025-12-03 18:23:49,614 RW - vertex 1370. Time : 0.0s
2025-12-03 18:23:49,614 RW - vertex 1924. Time : 0.0s
2025-12-03 18:23:49,614 RW - vertex 3129. Time : 0.0s
2025-12-03 18:23:49,614 RW - vertex 1566. Time : 0.0s
2025-12-03 18:23:49,614 RW - vertex 2648. Time : 0.0s
2025-12-03 18:23:49,614 RW - vertex 2718. Time : 0.0s
2025-12-03 18:23:49,614 RW - vertex 830. Time : 0.0s
2025-12-03 18:23:49,614 RW - vertex 315. Time : 0.0s
2025-12-03 18:23:49,615 RW - vertex 3080. Time : 0.0010001659393310547s
2025-12-03 18:23:49,615 RW - vertex 418. Time : 0.0s
2025-12-03 18:23:49,615 RW - vertex 2084. Time : 0.0s
2025-12-03 18:23:49,615 RW - vertex 1238. Time : 0.0s
2025-12-03 18:23:49,615 RW - vertex 3105. Time : 0.0s
2025-12-03 18:23:49,615 RW - vertex 2560. Time : 0.0s
2025-12-03 18:23:49,615 RW - vertex 134. Time : 0.0s
2025-12-03 18:23:49,615 RW - vertex 1092. Time : 0.0s
2025-12-03 18:23:49,615 RW - vertex 1946. Time : 0.0s
2025-12-03 18:23:49,615 RW - vertex 513. Time : 0.0s
2025-12-03 18:23:49,615 RW - vertex 3045. Time : 0.0s
2025-12-03 18:23:49,616 RW - vertex 151. Time : 0.0s
2025-12-03 18:23:49,616 RW - vertex 1629. Time : 0.0s
2025-12-03 18:23:49,616 RW - vertex 2272. Time : 0.0s
2025-12-03 18:23:49,616 RW - vertex 2998. Time : 0.0s
2025-12-03 18:23:49,616 RW - vertex 1733. Time : 0.0s
2025-12-03 18:23:49,616 RW - vertex 424. Time : 0.0s
2025-12-03 18:23:49,616 RW - vertex 415. Time : 0.0s
2025-12-03 18:23:49,616 RW - vertex 1596. Time : 0.0s
2025-12-03 18:23:49,616 RW - vertex 2131. Time : 0.0s
2025-12-03 18:23:49,616 RW - vertex 1763. Time : 0.0s
2025-12-03 18:23:49,616 RW - vertex 1322. Time : 0.0s
2025-12-03 18:23:49,616 RW - vertex 531. Time : 0.0s
2025-12-03 18:23:49,617 RW - vertex 2819. Time : 0.0010001659393310547s
2025-12-03 18:23:49,617 RW - vertex 774. Time : 0.0s
2025-12-03 18:23:49,617 RW - vertex 1838. Time : 0.0s
2025-12-03 18:23:49,617 RW - vertex 585. Time : 0.0s
2025-12-03 18:23:49,617 RW - vertex 1941. Time : 0.0s
2025-12-03 18:23:49,617 RW - vertex 524. Time : 0.0s
2025-12-03 18:23:49,617 RW - vertex 2670. Time : 0.0s
2025-12-03 18:23:49,617 RW - vertex 3243. Time : 0.0s
2025-12-03 18:23:49,617 RW - vertex 1917. Time : 0.0s
2025-12-03 18:23:49,617 RW - vertex 2945. Time : 0.0s
2025-12-03 18:23:49,617 RW - vertex 643. Time : 0.0s
2025-12-03 18:23:49,617 RW - vertex 964. Time : 0.0s
2025-12-03 18:23:49,617 RW - vertex 3231. Time : 0.0s
2025-12-03 18:23:49,618 RW - vertex 3090. Time : 0.0s
2025-12-03 18:23:49,618 RW - vertex 1676. Time : 0.0s
2025-12-03 18:23:49,618 RW - vertex 3313. Time : 0.0s
2025-12-03 18:23:49,618 RW - vertex 2260. Time : 0.0s
2025-12-03 18:23:49,618 RW - vertex 800. Time : 0.0s
2025-12-03 18:23:49,618 RW - vertex 10. Time : 0.0s
2025-12-03 18:23:49,618 RW - vertex 2402. Time : 0.0s
2025-12-03 18:23:49,618 RW - vertex 3118. Time : 0.0s
2025-12-03 18:23:49,618 RW - vertex 1798. Time : 0.0s
2025-12-03 18:23:49,618 RW - vertex 328. Time : 0.0s
2025-12-03 18:23:49,618 RW - vertex 3139. Time : 0.0s
2025-12-03 18:23:49,619 RW - vertex 523. Time : 0.0010001659393310547s
2025-12-03 18:23:49,619 RW - vertex 754. Time : 0.0s
2025-12-03 18:23:49,619 RW - vertex 28. Time : 0.0s
2025-12-03 18:23:49,619 RW - vertex 497. Time : 0.0s
2025-12-03 18:23:49,619 RW - vertex 2421. Time : 0.0s
2025-12-03 18:23:49,619 RW - vertex 3113. Time : 0.0s
2025-12-03 18:23:49,619 RW - vertex 305. Time : 0.0s
2025-12-03 18:23:49,619 RW - vertex 375. Time : 0.0s
2025-12-03 18:23:49,619 RW - vertex 2227. Time : 0.0s
2025-12-03 18:23:49,619 RW - vertex 1306. Time : 0.0s
2025-12-03 18:23:49,619 RW - vertex 3303. Time : 0.0s
2025-12-03 18:23:49,620 RW - vertex 1142. Time : 0.0010306835174560547s
2025-12-03 18:23:49,620 RW - vertex 372. Time : 0.0s
2025-12-03 18:23:49,620 RW - vertex 540. Time : 0.0s
2025-12-03 18:23:49,620 RW - vertex 2248. Time : 0.0s
2025-12-03 18:23:49,620 RW - vertex 594. Time : 0.0s
2025-12-03 18:23:49,620 RW - vertex 2255. Time : 0.0s
2025-12-03 18:23:49,620 RW - vertex 2476. Time : 0.0s
2025-12-03 18:23:49,620 RW - vertex 294. Time : 0.0s
2025-12-03 18:23:49,620 RW - vertex 710. Time : 0.0s
2025-12-03 18:23:49,620 RW - vertex 2982. Time : 0.0s
2025-12-03 18:23:49,620 RW - vertex 265. Time : 0.0s
2025-12-03 18:23:49,620 RW - vertex 1719. Time : 0.0s
2025-12-03 18:23:49,620 RW - vertex 527. Time : 0.0s
2025-12-03 18:23:49,621 RW - vertex 3158. Time : 0.0009999275207519531s
2025-12-03 18:23:49,621 RW - vertex 68. Time : 0.0s
2025-12-03 18:23:49,621 RW - vertex 2105. Time : 0.0s
2025-12-03 18:23:49,621 RW - vertex 2483. Time : 0.0s
2025-12-03 18:23:49,621 RW - vertex 2123. Time : 0.0s
2025-12-03 18:23:49,621 RW - vertex 1203. Time : 0.0s
2025-12-03 18:23:49,621 RW - vertex 909. Time : 0.0s
2025-12-03 18:23:49,621 RW - vertex 2294. Time : 0.0s
2025-12-03 18:23:49,621 RW - vertex 2713. Time : 0.0s
2025-12-03 18:23:49,621 RW - vertex 462. Time : 0.0s
2025-12-03 18:23:49,621 RW - vertex 2407. Time : 0.0s
2025-12-03 18:23:49,621 RW - vertex 962. Time : 0.0s
2025-12-03 18:23:49,621 RW - vertex 2216. Time : 0.0s
2025-12-03 18:23:49,622 RW - vertex 1642. Time : 0.0s
2025-12-03 18:23:49,622 RW - vertex 589. Time : 0.0s
2025-12-03 18:23:49,622 RW - vertex 1489. Time : 0.0s
2025-12-03 18:23:49,622 RW - vertex 194. Time : 0.0s
2025-12-03 18:23:49,622 RW - vertex 2428. Time : 0.0s
2025-12-03 18:23:49,622 RW - vertex 81. Time : 0.0s
2025-12-03 18:23:49,622 RW - vertex 2565. Time : 0.0s
2025-12-03 18:23:49,622 RW - vertex 62. Time : 0.0s
2025-12-03 18:23:49,622 RW - vertex 2015. Time : 0.0s
2025-12-03 18:23:49,622 RW - vertex 1088. Time : 0.0s
2025-12-03 18:23:49,622 RW - vertex 3262. Time : 0.0s
2025-12-03 18:23:49,622 RW - vertex 3048. Time : 0.0s
2025-12-03 18:23:49,623 RW - vertex 1626. Time : 0.0009992122650146484s
2025-12-03 18:23:49,623 RW - vertex 2796. Time : 0.0s
2025-12-03 18:23:49,623 RW - vertex 3039. Time : 0.0s
2025-12-03 18:23:49,623 RW - vertex 2765. Time : 0.0s
2025-12-03 18:23:49,623 RW - vertex 1794. Time : 0.0s
2025-12-03 18:23:49,623 RW - vertex 2357. Time : 0.0s
2025-12-03 18:23:49,623 RW - vertex 1427. Time : 0.0s
2025-12-03 18:23:49,623 RW - vertex 734. Time : 0.0s
2025-12-03 18:23:49,623 RW - vertex 96. Time : 0.0s
2025-12-03 18:23:49,623 RW - vertex 2354. Time : 0.0s
2025-12-03 18:23:49,623 RW - vertex 727. Time : 0.0s
2025-12-03 18:23:49,623 RW - vertex 1805. Time : 0.0s
2025-12-03 18:23:49,623 RW - vertex 2787. Time : 0.0s
2025-12-03 18:23:49,624 RW - vertex 313. Time : 0.0010001659393310547s
2025-12-03 18:23:49,624 RW - vertex 205. Time : 0.0s
2025-12-03 18:23:49,624 RW - vertex 2083. Time : 0.0s
2025-12-03 18:23:49,624 RW - vertex 1728. Time : 0.0s
2025-12-03 18:23:49,624 RW - vertex 1968. Time : 0.0s
2025-12-03 18:23:49,624 RW - vertex 240. Time : 0.0s
2025-12-03 18:23:49,624 RW - vertex 2471. Time : 0.0s
2025-12-03 18:23:49,624 RW - vertex 209. Time : 0.0s
2025-12-03 18:23:49,624 RW - vertex 3190. Time : 0.0s
2025-12-03 18:23:49,624 RW - vertex 1147. Time : 0.0s
2025-12-03 18:23:49,624 RW - vertex 2621. Time : 0.0s
2025-12-03 18:23:49,624 RW - vertex 3085. Time : 0.0s
2025-12-03 18:23:49,625 RW - vertex 2064. Time : 0.0009999275207519531s
2025-12-03 18:23:49,625 RW - vertex 1865. Time : 0.0s
2025-12-03 18:23:49,625 RW - vertex 2309. Time : 0.0s
2025-12-03 18:23:49,625 RW - vertex 2700. Time : 0.0s
2025-12-03 18:23:49,625 RW - vertex 1128. Time : 0.0s
2025-12-03 18:23:49,625 RW - vertex 2098. Time : 0.0s
2025-12-03 18:23:49,625 RW - vertex 572. Time : 0.0s
2025-12-03 18:23:49,625 RW - vertex 3298. Time : 0.0s
2025-12-03 18:23:49,625 RW - vertex 984. Time : 0.0s
2025-12-03 18:23:49,625 RW - vertex 3203. Time : 0.0s
2025-12-03 18:23:49,625 RW - vertex 1154. Time : 0.0s
2025-12-03 18:23:49,625 RW - vertex 1162. Time : 0.0s
2025-12-03 18:23:49,625 RW - vertex 3228. Time : 0.0s
2025-12-03 18:23:49,626 RW - vertex 390. Time : 0.0s
2025-12-03 18:23:49,626 RW - vertex 1416. Time : 0.0s
2025-12-03 18:23:49,626 RW - vertex 339. Time : 0.0s
2025-12-03 18:23:49,626 RW - vertex 1429. Time : 0.0s
2025-12-03 18:23:49,626 RW - vertex 411. Time : 0.0s
2025-12-03 18:23:49,626 RW - vertex 1645. Time : 0.0s
2025-12-03 18:23:49,626 RW - vertex 2916. Time : 0.0s
2025-12-03 18:23:49,626 RW - vertex 1657. Time : 0.0s
2025-12-03 18:23:49,626 RW - vertex 2832. Time : 0.0s
2025-12-03 18:23:49,626 RW - vertex 868. Time : 0.0s
2025-12-03 18:23:49,626 RW - vertex 2907. Time : 0.0s
2025-12-03 18:23:49,626 RW - vertex 1330. Time : 0.0s
2025-12-03 18:23:49,626 RW - vertex 2437. Time : 0.0s
2025-12-03 18:23:49,627 RW - vertex 2163. Time : 0.0s
2025-12-03 18:23:49,627 RW - vertex 1606. Time : 0.0s
2025-12-03 18:23:49,627 RW - vertex 3301. Time : 0.0s
2025-12-03 18:23:49,627 RW - vertex 2530. Time : 0.0s
2025-12-03 18:23:49,627 RW - vertex 2139. Time : 0.0s
2025-12-03 18:23:49,627 RW - vertex 2800. Time : 0.0s
2025-12-03 18:23:49,627 RW - vertex 452. Time : 0.0s
2025-12-03 18:23:49,627 RW - vertex 1472. Time : 0.0s
2025-12-03 18:23:49,627 RW - vertex 3072. Time : 0.0s
2025-12-03 18:23:49,627 RW - vertex 1025. Time : 0.0s
2025-12-03 18:23:49,627 RW - vertex 2446. Time : 0.0s
2025-12-03 18:23:49,627 RW - vertex 2969. Time : 0.0s
2025-12-03 18:23:49,627 RW - vertex 2830. Time : 0.0s
2025-12-03 18:23:49,628 RW - vertex 1024. Time : 0.0s
2025-12-03 18:23:49,628 RW - vertex 333. Time : 0.0s
2025-12-03 18:23:49,628 RW - vertex 512. Time : 0.0s
2025-12-03 18:23:49,628 RW - vertex 1812. Time : 0.0s
2025-12-03 18:23:49,628 RW - vertex 3038. Time : 0.0s
2025-12-03 18:23:49,628 RW - vertex 3053. Time : 0.0s
2025-12-03 18:23:49,628 RW - vertex 430. Time : 0.0s
2025-12-03 18:23:49,628 RW - vertex 208. Time : 0.0s
2025-12-03 18:23:49,628 RW - vertex 3073. Time : 0.0s
2025-12-03 18:23:49,628 RW - vertex 3240. Time : 0.0s
2025-12-03 18:23:49,628 RW - vertex 2043. Time : 0.0s
2025-12-03 18:23:49,628 RW - vertex 1895. Time : 0.0s
2025-12-03 18:23:49,629 RW - vertex 2870. Time : 0.0s
2025-12-03 18:23:49,629 RW - vertex 2430. Time : 0.0s
2025-12-03 18:23:49,629 RW - vertex 1892. Time : 0.0s
2025-12-03 18:23:49,629 RW - vertex 2583. Time : 0.0s
2025-12-03 18:23:49,629 RW - vertex 2451. Time : 0.0s
2025-12-03 18:23:49,629 RW - vertex 2929. Time : 0.0s
2025-12-03 18:23:49,629 RW - vertex 2952. Time : 0.0s
2025-12-03 18:23:49,629 RW - vertex 2965. Time : 0.0s
2025-12-03 18:23:49,629 RW - vertex 1046. Time : 0.0s
2025-12-03 18:23:49,629 RW - vertex 627. Time : 0.0s
2025-12-03 18:23:49,629 RW - vertex 30. Time : 0.0s
2025-12-03 18:23:49,629 RW - vertex 533. Time : 0.0s
2025-12-03 18:23:49,629 RW - vertex 2547. Time : 0.0s
2025-12-03 18:23:49,630 RW - vertex 2956. Time : 0.0s
2025-12-03 18:23:49,630 RW - vertex 89. Time : 0.0s
2025-12-03 18:23:49,630 RW - vertex 1054. Time : 0.0s
2025-12-03 18:23:49,630 RW - vertex 63. Time : 0.0s
2025-12-03 18:23:49,630 RW - vertex 164. Time : 0.0s
2025-12-03 18:23:49,630 RW - vertex 976. Time : 0.0s
2025-12-03 18:23:49,630 RW - vertex 3008. Time : 0.0s
2025-12-03 18:23:49,630 RW - vertex 1168. Time : 0.0s
2025-12-03 18:23:49,630 RW - vertex 2109. Time : 0.0s
2025-12-03 18:23:49,630 RW - vertex 2546. Time : 0.0s
2025-12-03 18:23:49,630 RW - vertex 1922. Time : 0.0s
2025-12-03 18:23:49,630 RW - vertex 3168. Time : 0.0s
2025-12-03 18:23:49,630 RW - vertex 2159. Time : 0.0s
2025-12-03 18:23:49,631 RW - vertex 2813. Time : 0.0s
2025-12-03 18:23:49,631 RW - vertex 3226. Time : 0.0s
2025-12-03 18:23:49,631 RW - vertex 987. Time : 0.0s
2025-12-03 18:23:49,631 RW - vertex 3283. Time : 0.0s
2025-12-03 18:23:49,631 RW - vertex 1192. Time : 0.0s
2025-12-03 18:23:49,631 RW - vertex 930. Time : 0.0s
2025-12-03 18:23:49,631 RW - vertex 3181. Time : 0.0s
2025-12-03 18:23:49,631 RW - vertex 963. Time : 0.0s
2025-12-03 18:23:49,631 RW - vertex 65. Time : 0.0s
2025-12-03 18:23:49,631 RW - vertex 1842. Time : 0.0s
2025-12-03 18:23:49,631 RW - vertex 1701. Time : 0.0s
2025-12-03 18:23:49,631 RW - vertex 2269. Time : 0.0s
2025-12-03 18:23:49,632 RW - vertex 33. Time : 0.0009996891021728516s
2025-12-03 18:23:49,632 RW - vertex 3057. Time : 0.0s
2025-12-03 18:23:49,632 RW - vertex 2488. Time : 0.0s
2025-12-03 18:23:49,632 RW - vertex 2658. Time : 0.0s
2025-12-03 18:23:49,632 RW - vertex 2397. Time : 0.0s
2025-12-03 18:23:49,632 RW - vertex 1114. Time : 0.0s
2025-12-03 18:23:49,632 RW - vertex 954. Time : 0.0s
2025-12-03 18:23:49,632 RW - vertex 2278. Time : 0.0s
2025-12-03 18:23:49,632 RW - vertex 229. Time : 0.0s
2025-12-03 18:23:49,632 RW - vertex 2774. Time : 0.0s
2025-12-03 18:23:49,632 RW - vertex 64. Time : 0.0s
2025-12-03 18:23:49,632 RW - vertex 3104. Time : 0.0s
2025-12-03 18:23:49,632 RW - vertex 1032. Time : 0.0s
2025-12-03 18:23:49,633 RW - vertex 2235. Time : 0.0s
2025-12-03 18:23:49,633 RW - vertex 1173. Time : 0.0s
2025-12-03 18:23:49,633 RW - vertex 1444. Time : 0.0s
2025-12-03 18:23:49,633 RW - vertex 3154. Time : 0.0s
2025-12-03 18:23:49,633 RW - vertex 2206. Time : 0.0s
2025-12-03 18:23:49,633 RW - vertex 1062. Time : 0.0s
2025-12-03 18:23:49,633 RW - vertex 2193. Time : 0.0s
2025-12-03 18:23:49,633 RW - vertex 625. Time : 0.0s
2025-12-03 18:23:49,633 RW - vertex 1914. Time : 0.0s
2025-12-03 18:23:49,633 RW - vertex 1095. Time : 0.0s
2025-12-03 18:23:49,633 RW - vertex 3253. Time : 0.0s
2025-12-03 18:23:49,633 RW - vertex 3278. Time : 0.0s
2025-12-03 18:23:49,634 RW - vertex 2791. Time : 0.0010204315185546875s
2025-12-03 18:23:49,634 RW - vertex 1395. Time : 0.0s
2025-12-03 18:23:49,634 RW - vertex 2522. Time : 0.0s
2025-12-03 18:23:49,634 RW - vertex 2399. Time : 0.0s
2025-12-03 18:23:49,634 RW - vertex 2087. Time : 0.0s
2025-12-03 18:23:49,634 RW - vertex 1258. Time : 0.0s
2025-12-03 18:23:49,634 RW - vertex 3276. Time : 0.0s
2025-12-03 18:23:49,635 RW - vertex 3172. Time : 0.0s
2025-12-03 18:23:49,635 RW - vertex 1356. Time : 0.0s
2025-12-03 18:23:49,635 RW - vertex 1299. Time : 0.0s
2025-12-03 18:23:49,635 RW - vertex 520. Time : 0.0s
2025-12-03 18:23:49,635 RW - vertex 1181. Time : 0.0s
2025-12-03 18:23:49,635 RW - vertex 419. Time : 0.0s
2025-12-03 18:23:49,635 RW - vertex 1556. Time : 0.0s
2025-12-03 18:23:49,635 RW - vertex 2647. Time : 0.0s
2025-12-03 18:23:49,635 RW - vertex 1195. Time : 0.0s
2025-12-03 18:23:49,635 RW - vertex 1021. Time : 0.0s
2025-12-03 18:23:49,635 RW - vertex 1283. Time : 0.0s
2025-12-03 18:23:49,636 RW - vertex 2023. Time : 0.0010182857513427734s
2025-12-03 18:23:49,636 RW - vertex 641. Time : 0.0s
2025-12-03 18:23:49,636 RW - vertex 1980. Time : 0.0s
2025-12-03 18:23:49,636 RW - vertex 2743. Time : 0.0s
2025-12-03 18:23:49,636 RW - vertex 3060. Time : 0.0s
2025-12-03 18:23:49,636 RW - vertex 289. Time : 0.0s
2025-12-03 18:23:49,636 RW - vertex 1457. Time : 0.0s
2025-12-03 18:23:49,636 RW - vertex 888. Time : 0.0s
2025-12-03 18:23:49,636 RW - vertex 1275. Time : 0.0s
2025-12-03 18:23:49,636 RW - vertex 3002. Time : 0.0s
2025-12-03 18:23:49,636 RW - vertex 713. Time : 0.0s
2025-12-03 18:23:49,637 RW - vertex 2151. Time : 0.0009808540344238281s
2025-12-03 18:23:49,637 RW - vertex 694. Time : 0.0s
2025-12-03 18:23:49,637 RW - vertex 3269. Time : 0.0s
2025-12-03 18:23:49,637 RW - vertex 2878. Time : 0.0s
2025-12-03 18:23:49,637 RW - vertex 95. Time : 0.0s
2025-12-03 18:23:49,637 RW - vertex 3065. Time : 0.0s
2025-12-03 18:23:49,637 RW - vertex 2984. Time : 0.0s
2025-12-03 18:23:49,637 RW - vertex 848. Time : 0.0s
2025-12-03 18:23:49,637 RW - vertex 3133. Time : 0.0s
2025-12-03 18:23:49,637 RW - vertex 2815. Time : 0.0s
2025-12-03 18:23:49,637 RW - vertex 2826. Time : 0.0s
2025-12-03 18:23:49,637 RW - vertex 869. Time : 0.0s
2025-12-03 18:23:49,638 RW - vertex 3161. Time : 0.0010459423065185547s
2025-12-03 18:23:49,638 RW - vertex 636. Time : 0.0s
2025-12-03 18:23:49,638 RW - vertex 1913. Time : 0.0s
2025-12-03 18:23:49,638 RW - vertex 2189. Time : 0.0s
2025-12-03 18:23:49,638 RW - vertex 2117. Time : 0.0s
2025-12-03 18:23:49,638 RW - vertex 1333. Time : 0.0s
2025-12-03 18:23:49,638 RW - vertex 647. Time : 0.0s
2025-12-03 18:23:49,638 RW - vertex 653. Time : 0.0s
2025-12-03 18:23:49,638 RW - vertex 599. Time : 0.0s
2025-12-03 18:23:49,638 RW - vertex 213. Time : 0.0s
2025-12-03 18:23:49,639 RW - vertex 2383. Time : 0.0009565353393554688s
2025-12-03 18:23:49,639 RW - vertex 2775. Time : 0.0s
2025-12-03 18:23:49,639 RW - vertex 1372. Time : 0.0s
2025-12-03 18:23:49,639 RW - vertex 2288. Time : 0.0s
2025-12-03 18:23:49,639 RW - vertex 1951. Time : 0.0s
2025-12-03 18:23:49,639 RW - vertex 2654. Time : 0.0s
2025-12-03 18:23:49,639 RW - vertex 1993. Time : 0.0s
2025-12-03 18:23:49,639 RW - vertex 193. Time : 0.0s
2025-12-03 18:23:49,639 RW - vertex 379. Time : 0.0s
2025-12-03 18:23:49,639 RW - vertex 1977. Time : 0.0s
2025-12-03 18:23:49,639 RW - vertex 58. Time : 0.0s
2025-12-03 18:23:49,639 RW - vertex 3178. Time : 0.0s
2025-12-03 18:23:49,640 RW - vertex 78. Time : 0.0s
2025-12-03 18:23:49,640 RW - vertex 2912. Time : 0.0s
2025-12-03 18:23:49,640 RW - vertex 3116. Time : 0.0s
2025-12-03 18:23:49,640 RW - vertex 736. Time : 0.0s
2025-12-03 18:23:49,640 RW - vertex 810. Time : 0.0s
2025-12-03 18:23:49,640 RW - vertex 471. Time : 0.0s
2025-12-03 18:23:49,640 RW - vertex 1576. Time : 0.0s
2025-12-03 18:23:49,640 RW - vertex 230. Time : 0.0s
2025-12-03 18:23:49,640 RW - vertex 2386. Time : 0.0s
2025-12-03 18:23:49,640 RW - vertex 3029. Time : 0.0s
2025-12-03 18:23:49,641 RW - vertex 2384. Time : 0.0009763240814208984s
2025-12-03 18:23:49,641 RW - vertex 2566. Time : 0.0s
2025-12-03 18:23:49,641 RW - vertex 514. Time : 0.0s
2025-12-03 18:23:49,641 RW - vertex 2814. Time : 0.0s
2025-12-03 18:23:49,641 RW - vertex 1571. Time : 0.0s
2025-12-03 18:23:49,641 RW - vertex 693. Time : 0.0s
2025-12-03 18:23:49,641 RW - vertex 2847. Time : 0.0s
2025-12-03 18:23:49,641 RW - vertex 2420. Time : 0.0s
2025-12-03 18:23:49,641 RW - vertex 1568. Time : 0.0s
2025-12-03 18:23:49,641 RW - vertex 2726. Time : 0.0s
2025-12-03 18:23:49,641 RW - vertex 3082. Time : 0.0s
2025-12-03 18:23:49,642 RW - vertex 2785. Time : 0.0010287761688232422s
2025-12-03 18:23:49,642 RW - vertex 1589. Time : 0.0s
2025-12-03 18:23:49,642 RW - vertex 933. Time : 0.0s
2025-12-03 18:23:49,642 RW - vertex 863. Time : 0.0s
2025-12-03 18:23:49,642 RW - vertex 2499. Time : 0.0s
2025-12-03 18:23:49,642 RW - vertex 2149. Time : 0.0s
2025-12-03 18:23:49,642 RW - vertex 107. Time : 0.0s
2025-12-03 18:23:49,642 RW - vertex 1909. Time : 0.0s
2025-12-03 18:23:49,642 RW - vertex 1612. Time : 0.0s
2025-12-03 18:23:49,642 RW - vertex 126. Time : 0.0s
2025-12-03 18:23:49,643 RW - vertex 2698. Time : 0.0010035037994384766s
2025-12-03 18:23:49,643 RW - vertex 1454. Time : 0.0s
2025-12-03 18:23:49,643 RW - vertex 1500. Time : 0.0s
2025-12-03 18:23:49,643 RW - vertex 1752. Time : 0.0s
2025-12-03 18:23:49,643 RW - vertex 2122. Time : 0.0s
2025-12-03 18:23:49,643 RW - vertex 262. Time : 0.0s
2025-12-03 18:23:49,643 RW - vertex 916. Time : 0.0s
2025-12-03 18:23:49,643 RW - vertex 3173. Time : 0.0s
2025-12-03 18:23:49,643 RW - vertex 1591. Time : 0.0s
2025-12-03 18:23:49,643 RW - vertex 2920. Time : 0.0s
2025-12-03 18:23:49,644 RW - vertex 639. Time : 0.0s
2025-12-03 18:23:49,644 RW - vertex 2779. Time : 0.0s
2025-12-03 18:23:49,644 RW - vertex 2034. Time : 0.0s
2025-12-03 18:23:49,644 RW - vertex 270. Time : 0.0s
2025-12-03 18:23:49,644 RW - vertex 1979. Time : 0.0s
2025-12-03 18:23:49,644 RW - vertex 3047. Time : 0.0s
2025-12-03 18:23:49,644 RW - vertex 3220. Time : 0.0s
2025-12-03 18:23:49,645 RW - vertex 3007. Time : 0.0s
2025-12-03 18:23:49,645 RW - vertex 2928. Time : 0.0s
2025-12-03 18:23:49,645 RW - vertex 758. Time : 0.0s
2025-12-03 18:23:49,645 RW - vertex 1599. Time : 0.0s
2025-12-03 18:23:49,645 RW - vertex 1809. Time : 0.0s
2025-12-03 18:23:49,645 RW - vertex 1943. Time : 0.0s
2025-12-03 18:23:49,646 RW - vertex 279. Time : 0.0010118484497070312s
2025-12-03 18:23:49,646 RW - vertex 1495. Time : 0.0s
2025-12-03 18:23:49,646 RW - vertex 2050. Time : 0.0s
2025-12-03 18:23:49,646 RW - vertex 1638. Time : 0.0s
2025-12-03 18:23:49,646 RW - vertex 722. Time : 0.0s
2025-12-03 18:23:49,646 RW - vertex 250. Time : 0.0s
2025-12-03 18:23:49,646 RW - vertex 1877. Time : 0.0s
2025-12-03 18:23:49,647 RW - vertex 1217. Time : 0.0009756088256835938s
2025-12-03 18:23:49,647 RW - vertex 578. Time : 0.0s
2025-12-03 18:23:49,647 RW - vertex 86. Time : 0.0s
2025-12-03 18:23:49,647 RW - vertex 2247. Time : 0.0s
2025-12-03 18:23:49,647 RW - vertex 2308. Time : 0.0s
2025-12-03 18:23:49,647 RW - vertex 1165. Time : 0.0s
2025-12-03 18:23:49,647 RW - vertex 2851. Time : 0.0s
2025-12-03 18:23:49,648 RW - vertex 368. Time : 0.0009984970092773438s
2025-12-03 18:23:49,648 RW - vertex 592. Time : 0.0s
2025-12-03 18:23:49,648 RW - vertex 272. Time : 0.0s
2025-12-03 18:23:49,648 RW - vertex 1185. Time : 0.0s
2025-12-03 18:23:49,648 RW - vertex 1832. Time : 0.0s
2025-12-03 18:23:49,648 RW - vertex 876. Time : 0.0s
2025-12-03 18:23:49,649 RW - vertex 813. Time : 0.0010101795196533203s
2025-12-03 18:23:49,649 RW - vertex 2799. Time : 0.0s
2025-12-03 18:23:49,649 RW - vertex 1415. Time : 0.0s
2025-12-03 18:23:49,649 RW - vertex 2250. Time : 0.0s
2025-12-03 18:23:49,649 RW - vertex 75. Time : 0.0s
2025-12-03 18:23:49,649 RW - vertex 542. Time : 0.0s
2025-12-03 18:23:49,650 RW - vertex 167. Time : 0.0s
2025-12-03 18:23:49,650 RW - vertex 742. Time : 0.0s
2025-12-03 18:23:49,650 RW - vertex 1309. Time : 0.0s
2025-12-03 18:23:49,651 RW - vertex 548. Time : 0.001010894775390625s
2025-12-03 18:23:49,651 RW - vertex 1323. Time : 0.0s
2025-12-03 18:23:49,651 RW - vertex 1287. Time : 0.0s
2025-12-03 18:23:49,651 RW - vertex 938. Time : 0.0s
2025-12-03 18:23:49,651 RW - vertex 2241. Time : 0.0s
2025-12-03 18:23:49,651 RW - vertex 444. Time : 0.0s
2025-12-03 18:23:49,651 RW - vertex 259. Time : 0.0s
2025-12-03 18:23:49,652 RW - vertex 206. Time : 0.000993490219116211s
2025-12-03 18:23:49,652 RW - vertex 770. Time : 0.0s
2025-12-03 18:23:49,652 RW - vertex 1674. Time : 0.0s
2025-12-03 18:23:49,652 RW - vertex 1041. Time : 0.0s
2025-12-03 18:23:49,652 RW - vertex 2736. Time : 0.0s
2025-12-03 18:23:49,653 RW - vertex 1419. Time : 0.0s
2025-12-03 18:23:49,653 RW - vertex 317. Time : 0.0s
2025-12-03 18:23:49,653 RW - vertex 2992. Time : 0.0s
2025-12-03 18:23:49,653 RW - vertex 1964. Time : 0.0s
2025-12-03 18:23:49,653 RW - vertex 538. Time : 0.0s
2025-12-03 18:23:49,653 RW - vertex 2748. Time : 0.0s
2025-12-03 18:23:49,654 RW - vertex 1118. Time : 0.0s
2025-12-03 18:23:49,654 RW - vertex 768. Time : 0.0s
2025-12-03 18:23:49,654 RW - vertex 488. Time : 0.0s
2025-12-03 18:23:49,654 RW - vertex 1932. Time : 0.0s
2025-12-03 18:23:49,654 RW - vertex 680. Time : 0.0s
2025-12-03 18:23:49,654 RW - vertex 3005. Time : 0.0s
2025-12-03 18:23:49,654 RW - vertex 1366. Time : 0.0s
2025-12-03 18:23:49,654 RW - vertex 276. Time : 0.0s
2025-12-03 18:23:49,654 RW - vertex 389. Time : 0.0s
2025-12-03 18:23:49,655 RW - vertex 2107. Time : 0.0s
2025-12-03 18:23:49,655 RW - vertex 3198. Time : 0.0s
2025-12-03 18:23:49,655 RW - vertex 1471. Time : 0.0s
2025-12-03 18:23:49,655 RW - vertex 3071. Time : 0.0s
2025-12-03 18:23:49,655 RW - vertex 1218. Time : 0.0s
2025-12-03 18:23:49,655 RW - vertex 2788. Time : 0.0s
2025-12-03 18:23:49,655 RW - vertex 621. Time : 0.0s
2025-12-03 18:23:49,655 RW - vertex 1724. Time : 0.0s
2025-12-03 18:23:49,655 RW - vertex 394. Time : 0.0s
2025-12-03 18:23:49,655 RW - vertex 401. Time : 0.0s
2025-12-03 18:23:49,655 RW - vertex 1603. Time : 0.0s
2025-12-03 18:23:49,656 RW - vertex 2289. Time : 0.0s
2025-12-03 18:23:49,656 RW - vertex 1903. Time : 0.0s
2025-12-03 18:23:49,656 RW - vertex 2094. Time : 0.0s
2025-12-03 18:23:49,656 RW - vertex 1312. Time : 0.0s
2025-12-03 18:23:49,656 RW - vertex 859. Time : 0.0s
2025-12-03 18:23:49,656 RW - vertex 598. Time : 0.0s
2025-12-03 18:23:49,656 RW - vertex 1937. Time : 0.0s
2025-12-03 18:23:49,656 RW - vertex 436. Time : 0.0s
2025-12-03 18:23:49,656 RW - vertex 1859. Time : 0.0s
2025-12-03 18:23:49,656 RW - vertex 1049. Time : 0.0s
2025-12-03 18:23:49,656 RW - vertex 2511. Time : 0.0s
2025-12-03 18:23:49,657 RW - vertex 721. Time : 0.0s
2025-12-03 18:23:49,657 RW - vertex 1836. Time : 0.0s
2025-12-03 18:23:49,657 RW - vertex 1290. Time : 0.0s
2025-12-03 18:23:49,657 RW - vertex 2673. Time : 0.0s
2025-12-03 18:23:49,657 RW - vertex 1506. Time : 0.0s
2025-12-03 18:23:49,657 RW - vertex 1498. Time : 0.0s
2025-12-03 18:23:49,657 RW - vertex 1003. Time : 0.0s
2025-12-03 18:23:49,657 RW - vertex 1188. Time : 0.0s
2025-12-03 18:23:49,657 RW - vertex 122. Time : 0.0s
2025-12-03 18:23:49,658 RW - vertex 1546. Time : 0.0s
2025-12-03 18:23:49,658 RW - vertex 613. Time : 0.0s
2025-12-03 18:23:49,658 RW - vertex 1939. Time : 0.0s
2025-12-03 18:23:49,658 RW - vertex 2643. Time : 0.0s
2025-12-03 18:23:49,658 RW - vertex 1844. Time : 0.0s
2025-12-03 18:23:49,658 RW - vertex 111. Time : 0.0s
2025-12-03 18:23:49,658 RW - vertex 275. Time : 0.0s
2025-12-03 18:23:49,659 RW - vertex 993. Time : 0.0010001659393310547s
2025-12-03 18:23:49,659 RW - vertex 2523. Time : 0.0s
2025-12-03 18:23:49,659 RW - vertex 252. Time : 0.0s
2025-12-03 18:23:49,659 RW - vertex 1143. Time : 0.0s
2025-12-03 18:23:49,659 RW - vertex 2910. Time : 0.0s
2025-12-03 18:23:49,659 RW - vertex 1751. Time : 0.0s
2025-12-03 18:23:49,659 RW - vertex 3256. Time : 0.0s
2025-12-03 18:23:49,660 RW - vertex 1399. Time : 0.0s
2025-12-03 18:23:49,660 RW - vertex 806. Time : 0.0s
2025-12-03 18:23:49,660 RW - vertex 293. Time : 0.0s
2025-12-03 18:23:49,660 RW - vertex 306. Time : 0.0s
2025-12-03 18:23:49,660 RW - vertex 2291. Time : 0.0s
2025-12-03 18:23:49,660 RW - vertex 342. Time : 0.0s
2025-12-03 18:23:49,660 RW - vertex 474. Time : 0.0s
2025-12-03 18:23:49,661 RW - vertex 1727. Time : 0.000997304916381836s
2025-12-03 18:23:49,661 RW - vertex 341. Time : 0.0s
2025-12-03 18:23:49,661 RW - vertex 2178. Time : 0.0s
2025-12-03 18:23:49,661 RW - vertex 802. Time : 0.0s
2025-12-03 18:23:49,661 RW - vertex 1811. Time : 0.0s
2025-12-03 18:23:49,661 RW - vertex 1480. Time : 0.0s
2025-12-03 18:23:49,661 RW - vertex 911. Time : 0.0s
2025-12-03 18:23:49,661 RW - vertex 1974. Time : 0.0s
2025-12-03 18:23:49,661 RW - vertex 465. Time : 0.0s
2025-12-03 18:23:49,662 RW - vertex 2332. Time : 0.0s
2025-12-03 18:23:49,662 RW - vertex 860. Time : 0.0s
2025-12-03 18:23:49,662 RW - vertex 2398. Time : 0.0s
2025-12-03 18:23:49,662 RW - vertex 2143. Time : 0.0s
2025-12-03 18:23:49,662 RW - vertex 1622. Time : 0.0s
2025-12-03 18:23:49,662 RW - vertex 1387. Time : 0.0s
2025-12-03 18:23:49,662 RW - vertex 711. Time : 0.0s
2025-12-03 18:23:49,662 RW - vertex 1233. Time : 0.0s
2025-12-03 18:23:49,662 RW - vertex 1286. Time : 0.0s
2025-12-03 18:23:49,662 RW - vertex 1815. Time : 0.0s
2025-12-03 18:23:49,663 RW - vertex 2507. Time : 0.0009996891021728516s
2025-12-03 18:23:49,663 RW - vertex 2876. Time : 0.0s
2025-12-03 18:23:49,663 RW - vertex 434. Time : 0.0s
2025-12-03 18:23:49,663 RW - vertex 1587. Time : 0.0s
2025-12-03 18:23:49,663 RW - vertex 1163. Time : 0.0s
2025-12-03 18:23:49,663 RW - vertex 2596. Time : 0.0s
2025-12-03 18:23:49,663 RW - vertex 338. Time : 0.0s
2025-12-03 18:23:49,663 RW - vertex 2902. Time : 0.0s
2025-12-03 18:23:49,663 RW - vertex 3101. Time : 0.0s
2025-12-03 18:23:49,663 RW - vertex 1277. Time : 0.0s
2025-12-03 18:23:49,664 RW - vertex 1346. Time : 0.0010159015655517578s
2025-12-03 18:23:49,664 RW - vertex 1060. Time : 0.0s
2025-12-03 18:23:49,664 RW - vertex 2484. Time : 0.0s
2025-12-03 18:23:49,664 RW - vertex 2058. Time : 0.0s
2025-12-03 18:23:49,664 RW - vertex 971. Time : 0.0s
2025-12-03 18:23:49,664 RW - vertex 1547. Time : 0.0s
2025-12-03 18:23:49,664 RW - vertex 437. Time : 0.0s
2025-12-03 18:23:49,664 RW - vertex 2711. Time : 0.0s
2025-12-03 18:23:49,664 RW - vertex 501. Time : 0.0s
2025-12-03 18:23:49,664 RW - vertex 1690. Time : 0.0s
2025-12-03 18:23:49,664 RW - vertex 1995. Time : 0.0s
2025-12-03 18:23:49,665 RW - vertex 97. Time : 0.0s
2025-12-03 18:23:49,665 RW - vertex 1355. Time : 0.0s
2025-12-03 18:23:49,665 RW - vertex 2062. Time : 0.0s
2025-12-03 18:23:49,665 RW - vertex 712. Time : 0.0s
2025-12-03 18:23:49,665 RW - vertex 1639. Time : 0.0s
2025-12-03 18:23:49,665 RW - vertex 281. Time : 0.0s
2025-12-03 18:23:49,665 RW - vertex 3265. Time : 0.0s
2025-12-03 18:23:49,665 RW - vertex 1302. Time : 0.0s
2025-12-03 18:23:49,665 RW - vertex 2807. Time : 0.0s
2025-12-03 18:23:49,666 RW - vertex 2786. Time : 0.0s
2025-12-03 18:23:49,666 RW - vertex 1028. Time : 0.0s
2025-12-03 18:23:49,666 RW - vertex 403. Time : 0.0s
2025-12-03 18:23:49,666 RW - vertex 172. Time : 0.0s
2025-12-03 18:23:49,666 RW - vertex 428. Time : 0.0s
2025-12-03 18:23:49,666 RW - vertex 2667. Time : 0.0s
2025-12-03 18:23:49,666 RW - vertex 2037. Time : 0.0s
2025-12-03 18:23:49,666 RW - vertex 2041. Time : 0.0s
2025-12-03 18:23:49,666 RW - vertex 1215. Time : 0.0s
2025-12-03 18:23:49,666 RW - vertex 979. Time : 0.0s
2025-12-03 18:23:49,666 RW - vertex 2927. Time : 0.0s
2025-12-03 18:23:49,667 RW - vertex 1353. Time : 0.0s
2025-12-03 18:23:49,667 RW - vertex 1981. Time : 0.0s
2025-12-03 18:23:49,667 RW - vertex 1193. Time : 0.0s
2025-12-03 18:23:49,667 RW - vertex 132. Time : 0.0s
2025-12-03 18:23:49,667 RW - vertex 2844. Time : 0.0s
2025-12-03 18:23:49,667 RW - vertex 1613. Time : 0.0s
2025-12-03 18:23:49,667 RW - vertex 2552. Time : 0.0s
2025-12-03 18:23:49,667 RW - vertex 1189. Time : 0.0s
2025-12-03 18:23:49,667 RW - vertex 1253. Time : 0.0s
2025-12-03 18:23:49,667 RW - vertex 2148. Time : 0.0s
2025-12-03 18:23:49,668 RW - vertex 1327. Time : 0.0s
2025-12-03 18:23:49,668 RW - vertex 2211. Time : 0.0s
2025-12-03 18:23:49,668 RW - vertex 942. Time : 0.0s
2025-12-03 18:23:49,668 RW - vertex 2025. Time : 0.0s
2025-12-03 18:23:49,668 RW - vertex 2350. Time : 0.0s
2025-12-03 18:23:49,668 RW - vertex 1969. Time : 0.0s
2025-12-03 18:23:49,668 RW - vertex 1797. Time : 0.0s
2025-12-03 18:23:49,668 RW - vertex 3109. Time : 0.0s
2025-12-03 18:23:49,668 RW - vertex 575. Time : 0.0s
2025-12-03 18:23:49,668 RW - vertex 535. Time : 0.0s
2025-12-03 18:23:49,669 RW - vertex 199. Time : 0.0s
2025-12-03 18:23:49,669 RW - vertex 2119. Time : 0.0s
2025-12-03 18:23:49,669 RW - vertex 2535. Time : 0.0s
2025-12-03 18:23:49,669 RW - vertex 168. Time : 0.0s
2025-12-03 18:23:49,669 RW - vertex 2195. Time : 0.0s
2025-12-03 18:23:49,669 RW - vertex 2518. Time : 0.0s
2025-12-03 18:23:49,669 RW - vertex 2133. Time : 0.0s
2025-12-03 18:23:49,669 RW - vertex 3108. Time : 0.0s
2025-12-03 18:23:49,669 RW - vertex 44. Time : 0.0s
2025-12-03 18:23:49,670 RW - vertex 825. Time : 0.0009751319885253906s
2025-12-03 18:23:49,670 RW - vertex 1242. Time : 0.0s
2025-12-03 18:23:49,670 RW - vertex 1991. Time : 0.0s
2025-12-03 18:23:49,670 RW - vertex 1768. Time : 0.0s
2025-12-03 18:23:49,670 RW - vertex 3147. Time : 0.0s
2025-12-03 18:23:49,670 RW - vertex 3115. Time : 0.0s
2025-12-03 18:23:49,670 RW - vertex 1897. Time : 0.0s
2025-12-03 18:23:49,670 RW - vertex 1440. Time : 0.0s
2025-12-03 18:23:49,670 RW - vertex 2097. Time : 0.0s
2025-12-03 18:23:49,670 RW - vertex 308. Time : 0.0s
2025-12-03 18:23:49,670 RW - vertex 408. Time : 0.0s
2025-12-03 18:23:49,671 RW - vertex 833. Time : 0.0010287761688232422s
2025-12-03 18:23:49,671 RW - vertex 1863. Time : 0.0s
2025-12-03 18:23:49,671 RW - vertex 973. Time : 0.0s
2025-12-03 18:23:49,671 RW - vertex 3206. Time : 0.0s
2025-12-03 18:23:49,671 RW - vertex 683. Time : 0.0s
2025-12-03 18:23:49,671 RW - vertex 2964. Time : 0.0s
2025-12-03 18:23:49,671 RW - vertex 1235. Time : 0.0s
2025-12-03 18:23:49,671 RW - vertex 2933. Time : 0.0s
2025-12-03 18:23:49,671 RW - vertex 350. Time : 0.0s
2025-12-03 18:23:49,671 RW - vertex 738. Time : 0.0s
2025-12-03 18:23:49,671 RW - vertex 356. Time : 0.0s
2025-12-03 18:23:49,672 RW - vertex 2574. Time : 0.000997304916381836s
2025-12-03 18:23:49,672 RW - vertex 1654. Time : 0.0s
2025-12-03 18:23:49,672 RW - vertex 579. Time : 0.0s
2025-12-03 18:23:49,672 RW - vertex 3. Time : 0.0s
2025-12-03 18:23:49,672 RW - vertex 702. Time : 0.0s
2025-12-03 18:23:49,672 RW - vertex 1799. Time : 0.0s
2025-12-03 18:23:49,672 RW - vertex 2515. Time : 0.0s
2025-12-03 18:23:49,672 RW - vertex 2524. Time : 0.0s
2025-12-03 18:23:49,672 RW - vertex 1499. Time : 0.0s
2025-12-03 18:23:49,672 RW - vertex 1637. Time : 0.0s
2025-12-03 18:23:49,673 RW - vertex 1463. Time : 0.0009999275207519531s
2025-12-03 18:23:49,673 RW - vertex 1084. Time : 0.0s
2025-12-03 18:23:49,673 RW - vertex 1132. Time : 0.0s
2025-12-03 18:23:49,673 RW - vertex 2302. Time : 0.0s
2025-12-03 18:23:49,673 RW - vertex 2203. Time : 0.0s
2025-12-03 18:23:49,673 RW - vertex 2715. Time : 0.0s
2025-12-03 18:23:49,673 RW - vertex 1202. Time : 0.0s
2025-12-03 18:23:49,674 RW - vertex 1424. Time : 0.0s
2025-12-03 18:23:49,674 RW - vertex 724. Time : 0.0s
2025-12-03 18:23:49,674 RW - vertex 1359. Time : 0.0s
2025-12-03 18:23:49,674 RW - vertex 414. Time : 0.0s
2025-12-03 18:23:49,674 RW - vertex 1475. Time : 0.0s
2025-12-03 18:23:49,674 RW - vertex 2030. Time : 0.0s
2025-12-03 18:23:49,674 RW - vertex 1433. Time : 0.0s
2025-12-03 18:23:49,674 RW - vertex 470. Time : 0.0s
2025-12-03 18:23:49,674 RW - vertex 861. Time : 0.0s
2025-12-03 18:23:49,674 RW - vertex 2292. Time : 0.0s
2025-12-03 18:23:49,674 RW - vertex 667. Time : 0.0s
2025-12-03 18:23:49,674 RW - vertex 179. Time : 0.0s
2025-12-03 18:23:49,675 RW - vertex 2761. Time : 0.0009920597076416016s
2025-12-03 18:23:49,675 RW - vertex 319. Time : 0.0s
2025-12-03 18:23:49,675 RW - vertex 220. Time : 0.0s
2025-12-03 18:23:49,675 RW - vertex 539. Time : 0.0s
2025-12-03 18:23:49,675 RW - vertex 3239. Time : 0.0s
2025-12-03 18:23:49,675 RW - vertex 1391. Time : 0.0s
2025-12-03 18:23:49,675 RW - vertex 645. Time : 0.0s
2025-12-03 18:23:49,675 RW - vertex 1601. Time : 0.0s
2025-12-03 18:23:49,675 RW - vertex 219. Time : 0.0s
2025-12-03 18:23:49,675 RW - vertex 1753. Time : 0.0s
2025-12-03 18:23:49,675 RW - vertex 2573. Time : 0.0s
2025-12-03 18:23:49,676 RW - vertex 2776. Time : 0.0010046958923339844s
2025-12-03 18:23:49,676 RW - vertex 2520. Time : 0.0s
2025-12-03 18:23:49,676 RW - vertex 490. Time : 0.0s
2025-12-03 18:23:49,676 RW - vertex 2433. Time : 0.0s
2025-12-03 18:23:49,676 RW - vertex 2412. Time : 0.0s
2025-12-03 18:23:49,676 RW - vertex 3268. Time : 0.0s
2025-12-03 18:23:49,676 RW - vertex 2842. Time : 0.0s
2025-12-03 18:23:49,676 RW - vertex 1087. Time : 0.0s
2025-12-03 18:23:49,676 RW - vertex 873. Time : 0.0s
2025-12-03 18:23:49,676 RW - vertex 2032. Time : 0.0s
2025-12-03 18:23:49,676 RW - vertex 1971. Time : 0.0s
2025-12-03 18:23:49,676 RW - vertex 1966. Time : 0.0s
2025-12-03 18:23:49,677 RW - vertex 1254. Time : 0.0s
2025-12-03 18:23:49,677 RW - vertex 3055. Time : 0.0s
2025-12-03 18:23:49,677 RW - vertex 2369. Time : 0.0s
2025-12-03 18:23:49,677 RW - vertex 2660. Time : 0.0s
2025-12-03 18:23:49,677 RW - vertex 1955. Time : 0.0s
2025-12-03 18:23:49,677 RW - vertex 532. Time : 0.0s
2025-12-03 18:23:49,677 RW - vertex 280. Time : 0.0s
2025-12-03 18:23:49,677 RW - vertex 2517. Time : 0.0s
2025-12-03 18:23:49,677 RW - vertex 105. Time : 0.0s
2025-12-03 18:23:49,677 RW - vertex 1539. Time : 0.0s
2025-12-03 18:23:49,677 RW - vertex 361. Time : 0.0s
2025-12-03 18:23:49,678 RW - vertex 50. Time : 0.001001596450805664s
2025-12-03 18:23:49,678 RW - vertex 1656. Time : 0.0s
2025-12-03 18:23:49,678 RW - vertex 1448. Time : 0.0s
2025-12-03 18:23:49,678 RW - vertex 832. Time : 0.0s
2025-12-03 18:23:49,678 RW - vertex 2934. Time : 0.0s
2025-12-03 18:23:49,678 RW - vertex 2521. Time : 0.0s
2025-12-03 18:23:49,678 RW - vertex 1068. Time : 0.0s
2025-12-03 18:23:49,678 RW - vertex 1684. Time : 0.0s
2025-12-03 18:23:49,678 RW - vertex 2328. Time : 0.0s
2025-12-03 18:23:49,678 RW - vertex 753. Time : 0.0s
2025-12-03 18:23:49,678 RW - vertex 2387. Time : 0.0s
2025-12-03 18:23:49,679 RW - vertex 1569. Time : 0.0009992122650146484s
2025-12-03 18:23:49,679 RW - vertex 1998. Time : 0.0s
2025-12-03 18:23:49,679 RW - vertex 366. Time : 0.0s
2025-12-03 18:23:49,679 RW - vertex 14. Time : 0.0s
2025-12-03 18:23:49,679 RW - vertex 690. Time : 0.0s
2025-12-03 18:23:49,679 RW - vertex 1058. Time : 0.0s
2025-12-03 18:23:49,679 RW - vertex 2164. Time : 0.0s
2025-12-03 18:23:49,679 RW - vertex 817. Time : 0.0s
2025-12-03 18:23:49,679 RW - vertex 634. Time : 0.0s
2025-12-03 18:23:49,679 RW - vertex 1908. Time : 0.0s
2025-12-03 18:23:49,680 RW - vertex 2145. Time : 0.0009944438934326172s
2025-12-03 18:23:49,680 RW - vertex 2458. Time : 0.0s
2025-12-03 18:23:49,680 RW - vertex 2485. Time : 0.0s
2025-12-03 18:23:49,680 RW - vertex 1031. Time : 0.0s
2025-12-03 18:23:49,680 RW - vertex 466. Time : 0.0s
2025-12-03 18:23:49,680 RW - vertex 2443. Time : 0.0s
2025-12-03 18:23:49,680 RW - vertex 1513. Time : 0.0s
2025-12-03 18:23:49,680 RW - vertex 2319. Time : 0.0s
2025-12-03 18:23:49,680 RW - vertex 1222. Time : 0.0s
2025-12-03 18:23:49,680 RW - vertex 631. Time : 0.0s
2025-12-03 18:23:49,680 RW - vertex 1666. Time : 0.0s
2025-12-03 18:23:49,681 RW - vertex 2812. Time : 0.0s
2025-12-03 18:23:49,681 RW - vertex 2461. Time : 0.0s
2025-12-03 18:23:49,681 RW - vertex 1392. Time : 0.0s
2025-12-03 18:23:49,681 RW - vertex 2218. Time : 0.0s
2025-12-03 18:23:49,681 RW - vertex 2659. Time : 0.0s
2025-12-03 18:23:49,681 RW - vertex 2029. Time : 0.0s
2025-12-03 18:23:49,681 RW - vertex 619. Time : 0.0s
2025-12-03 18:23:49,681 RW - vertex 460. Time : 0.0s
2025-12-03 18:23:49,681 RW - vertex 2474. Time : 0.0s
2025-12-03 18:23:49,681 RW - vertex 3166. Time : 0.0s
2025-12-03 18:23:49,681 RW - vertex 1119. Time : 0.0s
2025-12-03 18:23:49,681 RW - vertex 2981. Time : 0.0s
2025-12-03 18:23:49,682 RW - vertex 3284. Time : 0.0009992122650146484s
2025-12-03 18:23:49,682 RW - vertex 1905. Time : 0.0s
2025-12-03 18:23:49,682 RW - vertex 1248. Time : 0.0s
2025-12-03 18:23:49,682 RW - vertex 571. Time : 0.0s
2025-12-03 18:23:49,682 RW - vertex 814. Time : 0.0s
2025-12-03 18:23:49,682 RW - vertex 600. Time : 0.0s
2025-12-03 18:23:49,682 RW - vertex 2438. Time : 0.0s
2025-12-03 18:23:49,682 RW - vertex 323. Time : 0.0s
2025-12-03 18:23:49,682 RW - vertex 1183. Time : 0.0s
2025-12-03 18:23:49,682 RW - vertex 2983. Time : 0.0s
2025-12-03 18:23:49,683 RW - vertex 3273. Time : 0.0s
2025-12-03 18:23:49,683 RW - vertex 2769. Time : 0.0s
2025-12-03 18:23:49,683 RW - vertex 363. Time : 0.0s
2025-12-03 18:23:49,683 RW - vertex 3309. Time : 0.0s
2025-12-03 18:23:49,683 RW - vertex 1827. Time : 0.0s
2025-12-03 18:23:49,683 RW - vertex 3234. Time : 0.0s
2025-12-03 18:23:49,683 RW - vertex 783. Time : 0.0s
2025-12-03 18:23:49,683 RW - vertex 353. Time : 0.0s
2025-12-03 18:23:49,683 RW - vertex 2694. Time : 0.0s
2025-12-03 18:23:49,683 RW - vertex 1461. Time : 0.0s
2025-12-03 18:23:49,683 RW - vertex 2642. Time : 0.0s
2025-12-03 18:23:49,684 RW - vertex 2239. Time : 0.0s
2025-12-03 18:23:49,684 RW - vertex 936. Time : 0.0s
2025-12-03 18:23:49,684 RW - vertex 781. Time : 0.0s
2025-12-03 18:23:49,684 RW - vertex 3274. Time : 0.0s
2025-12-03 18:23:49,684 RW - vertex 3084. Time : 0.0s
2025-12-03 18:23:49,684 RW - vertex 3305. Time : 0.0s
2025-12-03 18:23:49,684 RW - vertex 569. Time : 0.0s
2025-12-03 18:23:49,684 RW - vertex 2525. Time : 0.0s
2025-12-03 18:23:49,684 RW - vertex 549. Time : 0.0s
2025-12-03 18:23:49,684 RW - vertex 2313. Time : 0.0s
2025-12-03 18:23:49,685 RW - vertex 2209. Time : 0.0s
2025-12-03 18:23:49,685 RW - vertex 1942. Time : 0.0s
2025-12-03 18:23:49,685 RW - vertex 1881. Time : 0.0s
2025-12-03 18:23:49,685 RW - vertex 2900. Time : 0.0s
2025-12-03 18:23:49,685 RW - vertex 2542. Time : 0.0s
2025-12-03 18:23:49,685 RW - vertex 2961. Time : 0.0s
2025-12-03 18:23:49,685 RW - vertex 1583. Time : 0.0s
2025-12-03 18:23:49,685 RW - vertex 2962. Time : 0.0s
2025-12-03 18:23:49,685 RW - vertex 383. Time : 0.0s
2025-12-03 18:23:49,685 RW - vertex 218. Time : 0.0s
2025-12-03 18:23:49,685 RW - vertex 1369. Time : 0.0s
2025-12-03 18:23:49,686 RW - vertex 765. Time : 0.0009999275207519531s
2025-12-03 18:23:49,686 RW - vertex 1070. Time : 0.0s
2025-12-03 18:23:49,686 RW - vertex 2989. Time : 0.0s
2025-12-03 18:23:49,686 RW - vertex 1884. Time : 0.0s
2025-12-03 18:23:49,686 RW - vertex 1615. Time : 0.0s
2025-12-03 18:23:49,686 RW - vertex 1627. Time : 0.0s
2025-12-03 18:23:49,686 RW - vertex 883. Time : 0.0s
2025-12-03 18:23:49,686 RW - vertex 299. Time : 0.0s
2025-12-03 18:23:49,686 RW - vertex 3003. Time : 0.0s
2025-12-03 18:23:49,686 RW - vertex 663. Time : 0.0s
2025-12-03 18:23:49,686 RW - vertex 2569. Time : 0.0s
2025-12-03 18:23:49,686 RW - vertex 2335. Time : 0.0s
2025-12-03 18:23:49,687 RW - vertex 1247. Time : 0.0009965896606445312s
2025-12-03 18:23:49,687 RW - vertex 2571. Time : 0.0s
2025-12-03 18:23:49,687 RW - vertex 2372. Time : 0.0s
2025-12-03 18:23:49,687 RW - vertex 910. Time : 0.0s
2025-12-03 18:23:49,687 RW - vertex 2751. Time : 0.0s
2025-12-03 18:23:49,687 RW - vertex 2156. Time : 0.0s
2025-12-03 18:23:49,687 RW - vertex 2331. Time : 0.0s
2025-12-03 18:23:49,687 RW - vertex 3293. Time : 0.0s
2025-12-03 18:23:49,687 RW - vertex 2894. Time : 0.0s
2025-12-03 18:23:49,687 RW - vertex 1488. Time : 0.0s
2025-12-03 18:23:49,687 RW - vertex 261. Time : 0.0s
2025-12-03 18:23:49,687 RW - vertex 11. Time : 0.0s
2025-12-03 18:23:49,688 RW - vertex 112. Time : 0.0010302066802978516s
2025-12-03 18:23:49,688 RW - vertex 829. Time : 0.0s
2025-12-03 18:23:49,688 RW - vertex 1953. Time : 0.0s
2025-12-03 18:23:49,688 RW - vertex 2539. Time : 0.0s
2025-12-03 18:23:49,688 RW - vertex 1997. Time : 0.0s
2025-12-03 18:23:49,688 RW - vertex 2102. Time : 0.0s
2025-12-03 18:23:49,688 RW - vertex 38. Time : 0.0s
2025-12-03 18:23:49,688 RW - vertex 1781. Time : 0.0s
2025-12-03 18:23:49,688 RW - vertex 529. Time : 0.0s
2025-12-03 18:23:49,688 RW - vertex 2396. Time : 0.0s
2025-12-03 18:23:49,688 RW - vertex 3013. Time : 0.0s
2025-12-03 18:23:49,688 RW - vertex 1122. Time : 0.0s
2025-12-03 18:23:49,689 RW - vertex 998. Time : 0.001001596450805664s
2025-12-03 18:23:49,689 RW - vertex 1317. Time : 0.0s
2025-12-03 18:23:49,689 RW - vertex 545. Time : 0.0s
2025-12-03 18:23:49,689 RW - vertex 875. Time : 0.0s
2025-12-03 18:23:49,689 RW - vertex 2858. Time : 0.0s
2025-12-03 18:23:49,689 RW - vertex 1000. Time : 0.0s
2025-12-03 18:23:49,689 RW - vertex 2341. Time : 0.0s
2025-12-03 18:23:49,689 RW - vertex 1470. Time : 0.0s
2025-12-03 18:23:49,689 RW - vertex 1988. Time : 0.0s
2025-12-03 18:23:49,689 RW - vertex 2478. Time : 0.0s
2025-12-03 18:23:49,689 RW - vertex 2403. Time : 0.0s
2025-12-03 18:23:49,689 RW - vertex 1595. Time : 0.0s
2025-12-03 18:23:49,690 RW - vertex 675. Time : 0.0009999275207519531s
2025-12-03 18:23:49,690 RW - vertex 688. Time : 0.0s
2025-12-03 18:23:49,690 RW - vertex 1744. Time : 0.0s
2025-12-03 18:23:49,690 RW - vertex 2219. Time : 0.0s
2025-12-03 18:23:49,690 RW - vertex 431. Time : 0.0s
2025-12-03 18:23:49,690 RW - vertex 300. Time : 0.0s
2025-12-03 18:23:49,690 RW - vertex 2527. Time : 0.0s
2025-12-03 18:23:49,690 RW - vertex 1398. Time : 0.0s
2025-12-03 18:23:49,690 RW - vertex 879. Time : 0.0s
2025-12-03 18:23:49,690 RW - vertex 2205. Time : 0.0s
2025-12-03 18:23:49,690 RW - vertex 2899. Time : 0.0s
2025-12-03 18:23:49,690 RW - vertex 178. Time : 0.0s
2025-12-03 18:23:49,691 RW - vertex 704. Time : 0.0009992122650146484s
2025-12-03 18:23:49,691 RW - vertex 486. Time : 0.0s
2025-12-03 18:23:49,691 RW - vertex 1746. Time : 0.0s
2025-12-03 18:23:49,691 RW - vertex 3294. Time : 0.0s
2025-12-03 18:23:49,691 RW - vertex 1565. Time : 0.0s
2025-12-03 18:23:49,691 RW - vertex 1133. Time : 0.0s
2025-12-03 18:23:49,691 RW - vertex 196. Time : 0.0s
2025-12-03 18:23:49,691 RW - vertex 3167. Time : 0.0s
2025-12-03 18:23:49,691 RW - vertex 775. Time : 0.0s
2025-12-03 18:23:49,691 RW - vertex 2717. Time : 0.0s
2025-12-03 18:23:49,691 RW - vertex 2702. Time : 0.0s
2025-12-03 18:23:49,691 RW - vertex 1814. Time : 0.0s
2025-12-03 18:23:49,692 RW - vertex 2003. Time : 0.0010004043579101562s
2025-12-03 18:23:49,692 RW - vertex 84. Time : 0.0s
2025-12-03 18:23:49,692 RW - vertex 672. Time : 0.0s
2025-12-03 18:23:49,692 RW - vertex 2334. Time : 0.0s
2025-12-03 18:23:49,692 RW - vertex 376. Time : 0.0s
2025-12-03 18:23:49,692 RW - vertex 1769. Time : 0.0s
2025-12-03 18:23:49,692 RW - vertex 2805. Time : 0.0s
2025-12-03 18:23:49,692 RW - vertex 2903. Time : 0.0s
2025-12-03 18:23:49,692 RW - vertex 2051. Time : 0.0s
2025-12-03 18:23:49,692 RW - vertex 238. Time : 0.0s
2025-12-03 18:23:49,692 RW - vertex 93. Time : 0.0s
2025-12-03 18:23:49,692 RW - vertex 805. Time : 0.0s
2025-12-03 18:23:49,693 RW - vertex 1999. Time : 0.0s
2025-12-03 18:23:49,693 RW - vertex 1414. Time : 0.0s
2025-12-03 18:23:49,693 RW - vertex 1802. Time : 0.0s
2025-12-03 18:23:49,693 RW - vertex 2226. Time : 0.0s
2025-12-03 18:23:49,693 RW - vertex 917. Time : 0.0s
2025-12-03 18:23:49,693 RW - vertex 2503. Time : 0.0s
2025-12-03 18:23:49,693 RW - vertex 3110. Time : 0.0s
2025-12-03 18:23:49,693 RW - vertex 2689. Time : 0.0s
2025-12-03 18:23:49,693 RW - vertex 2176. Time : 0.0s
2025-12-03 18:23:49,693 RW - vertex 1823. Time : 0.0s
2025-12-03 18:23:49,693 RW - vertex 3016. Time : 0.0s
2025-12-03 18:23:49,693 RW - vertex 1648. Time : 0.0s
2025-12-03 18:23:49,693 RW - vertex 1015. Time : 0.0s
2025-12-03 18:23:49,694 RW - vertex 1308. Time : 0.0s
2025-12-03 18:23:49,694 RW - vertex 820. Time : 0.0s
2025-12-03 18:23:49,694 RW - vertex 2644. Time : 0.0s
2025-12-03 18:23:49,694 RW - vertex 3097. Time : 0.0s
2025-12-03 18:23:49,694 RW - vertex 425. Time : 0.0s
2025-12-03 18:23:49,694 RW - vertex 235. Time : 0.0s
2025-12-03 18:23:49,694 RW - vertex 225. Time : 0.0s
2025-12-03 18:23:49,694 RW - vertex 2611. Time : 0.0s
2025-12-03 18:23:49,694 RW - vertex 2234. Time : 0.0s
2025-12-03 18:23:49,694 RW - vertex 450. Time : 0.0s
2025-12-03 18:23:49,694 RW - vertex 2504. Time : 0.0s
2025-12-03 18:23:49,694 RW - vertex 1520. Time : 0.0s
2025-12-03 18:23:49,695 RW - vertex 2790. Time : 0.0s
2025-12-03 18:23:49,695 RW - vertex 2519. Time : 0.0s
2025-12-03 18:23:49,695 RW - vertex 1459. Time : 0.0s
2025-12-03 18:23:49,695 RW - vertex 2730. Time : 0.0s
2025-12-03 18:23:49,695 RW - vertex 141. Time : 0.0s
2025-12-03 18:23:49,695 RW - vertex 1590. Time : 0.0s
2025-12-03 18:23:49,695 RW - vertex 2901. Time : 0.0s
2025-12-03 18:23:49,695 RW - vertex 1206. Time : 0.0s
2025-12-03 18:23:49,695 RW - vertex 7. Time : 0.0s
2025-12-03 18:23:49,695 RW - vertex 928. Time : 0.0s
2025-12-03 18:23:49,695 RW - vertex 130. Time : 0.0s
2025-12-03 18:23:49,695 RW - vertex 2943. Time : 0.0s
2025-12-03 18:23:49,696 RW - vertex 2682. Time : 0.0s
2025-12-03 18:23:49,696 RW - vertex 2771. Time : 0.0s
2025-12-03 18:23:49,696 RW - vertex 2479. Time : 0.0s
2025-12-03 18:23:49,696 RW - vertex 748. Time : 0.0s
2025-12-03 18:23:49,696 RW - vertex 69. Time : 0.0s
2025-12-03 18:23:49,696 RW - vertex 185. Time : 0.0s
2025-12-03 18:23:49,696 RW - vertex 1548. Time : 0.0s
2025-12-03 18:23:49,696 RW - vertex 966. Time : 0.0s
2025-12-03 18:23:49,696 RW - vertex 855. Time : 0.0s
2025-12-03 18:23:49,696 RW - vertex 1410. Time : 0.0s
2025-12-03 18:23:49,696 RW - vertex 1352. Time : 0.0s
2025-12-03 18:23:49,696 RW - vertex 138. Time : 0.0s
2025-12-03 18:23:49,697 RW - vertex 1339. Time : 0.0s
2025-12-03 18:23:49,697 RW - vertex 1365. Time : 0.0s
2025-12-03 18:23:49,697 RW - vertex 608. Time : 0.0s
2025-12-03 18:23:49,697 RW - vertex 3242. Time : 0.0s
2025-12-03 18:23:49,697 RW - vertex 841. Time : 0.0s
2025-12-03 18:23:49,697 RW - vertex 324. Time : 0.0s
2025-12-03 18:23:49,697 RW - vertex 1107. Time : 0.0s
2025-12-03 18:23:49,697 RW - vertex 2344. Time : 0.0s
2025-12-03 18:23:49,697 RW - vertex 1880. Time : 0.0s
2025-12-03 18:23:49,697 RW - vertex 2392. Time : 0.0s
2025-12-03 18:23:49,697 RW - vertex 23. Time : 0.0s
2025-12-03 18:23:49,698 RW - vertex 2380. Time : 0.0010013580322265625s
2025-12-03 18:23:49,698 RW - vertex 1725. Time : 0.0s
2025-12-03 18:23:49,698 RW - vertex 2570. Time : 0.0s
2025-12-03 18:23:49,698 RW - vertex 2597. Time : 0.0s
2025-12-03 18:23:49,698 RW - vertex 2548. Time : 0.0s
2025-12-03 18:23:49,698 RW - vertex 2022. Time : 0.0s
2025-12-03 18:23:49,698 RW - vertex 1902. Time : 0.0s
2025-12-03 18:23:49,698 RW - vertex 1422. Time : 0.0s
2025-12-03 18:23:49,698 RW - vertex 448. Time : 0.0s
2025-12-03 18:23:49,698 RW - vertex 499. Time : 0.0s
2025-12-03 18:23:49,698 RW - vertex 3027. Time : 0.0s
2025-12-03 18:23:49,699 RW - vertex 2690. Time : 0.0010006427764892578s
2025-12-03 18:23:49,699 RW - vertex 3068. Time : 0.0s
2025-12-03 18:23:49,699 RW - vertex 423. Time : 0.0s
2025-12-03 18:23:49,699 RW - vertex 1891. Time : 0.0s
2025-12-03 18:23:49,699 RW - vertex 2126. Time : 0.0s
2025-12-03 18:23:49,699 RW - vertex 2827. Time : 0.0s
2025-12-03 18:23:49,699 RW - vertex 2793. Time : 0.0s
2025-12-03 18:23:49,699 RW - vertex 3092. Time : 0.0s
2025-12-03 18:23:49,699 RW - vertex 1573. Time : 0.0s
2025-12-03 18:23:49,699 RW - vertex 2582. Time : 0.0s
2025-12-03 18:23:49,699 RW - vertex 3180. Time : 0.0s
2025-12-03 18:23:49,699 RW - vertex 1748. Time : 0.0s
2025-12-03 18:23:49,700 RW - vertex 1282. Time : 0.000997781753540039s
2025-12-03 18:23:49,700 RW - vertex 665. Time : 0.0s
2025-12-03 18:23:49,700 RW - vertex 47. Time : 0.0s
2025-12-03 18:23:49,700 RW - vertex 2162. Time : 0.0s
2025-12-03 18:23:49,700 RW - vertex 20. Time : 0.0s
2025-12-03 18:23:49,700 RW - vertex 1572. Time : 0.0s
2025-12-03 18:23:49,700 RW - vertex 1575. Time : 0.0s
2025-12-03 18:23:49,700 RW - vertex 17. Time : 0.0s
2025-12-03 18:23:49,700 RW - vertex 1536. Time : 0.0s
2025-12-03 18:23:49,700 RW - vertex 55. Time : 0.0s
2025-12-03 18:23:49,700 RW - vertex 1295. Time : 0.0s
2025-12-03 18:23:49,700 RW - vertex 109. Time : 0.0s
2025-12-03 18:23:49,701 RW - vertex 626. Time : 0.0s
2025-12-03 18:23:49,701 RW - vertex 1318. Time : 0.0s
2025-12-03 18:23:49,701 RW - vertex 591. Time : 0.0s
2025-12-03 18:23:49,701 RW - vertex 666. Time : 0.0s
2025-12-03 18:23:49,701 RW - vertex 811. Time : 0.0s
2025-12-03 18:23:49,701 RW - vertex 443. Time : 0.0s
2025-12-03 18:23:49,701 RW - vertex 1837. Time : 0.0s
2025-12-03 18:23:49,701 RW - vertex 1404. Time : 0.0s
2025-12-03 18:23:49,701 RW - vertex 906. Time : 0.0s
2025-12-03 18:23:49,701 RW - vertex 340. Time : 0.0s
2025-12-03 18:23:49,701 RW - vertex 440. Time : 0.0s
2025-12-03 18:23:49,701 RW - vertex 2425. Time : 0.0s
2025-12-03 18:23:49,701 RW - vertex 3307. Time : 0.0s
2025-12-03 18:23:49,701 RW - vertex 1022. Time : 0.0s
2025-12-03 18:23:49,701 RW - vertex 612. Time : 0.0s
2025-12-03 18:23:49,701 RW - vertex 2382. Time : 0.0s
2025-12-03 18:23:49,701 RW - vertex 1519. Time : 0.0s
2025-12-03 18:23:49,701 RW - vertex 3188. Time : 0.0s
2025-12-03 18:23:49,702 RW - vertex 463. Time : 0.0s
2025-12-03 18:23:49,702 RW - vertex 1850. Time : 0.0s
2025-12-03 18:23:49,702 RW - vertex 1324. Time : 0.0s
2025-12-03 18:23:49,702 RW - vertex 2691. Time : 0.0s
2025-12-03 18:23:49,702 RW - vertex 899. Time : 0.0s
2025-12-03 18:23:49,702 RW - vertex 640. Time : 0.0s
2025-12-03 18:23:49,702 RW - vertex 1702. Time : 0.0s
2025-12-03 18:23:49,702 RW - vertex 1069. Time : 0.0s
2025-12-03 18:23:49,702 RW - vertex 1849. Time : 0.0s
2025-12-03 18:23:49,702 RW - vertex 2121. Time : 0.0s
2025-12-03 18:23:49,702 RW - vertex 2704. Time : 0.0s
2025-12-03 18:23:49,702 RW - vertex 181. Time : 0.0s
2025-12-03 18:23:49,703 RW - vertex 2007. Time : 0.0010371208190917969s
2025-12-03 18:23:49,703 RW - vertex 1970. Time : 0.0s
2025-12-03 18:23:49,703 RW - vertex 475. Time : 0.0s
2025-12-03 18:23:49,703 RW - vertex 332. Time : 0.0s
2025-12-03 18:23:49,703 RW - vertex 2489. Time : 0.0s
2025-12-03 18:23:49,703 RW - vertex 453. Time : 0.0s
2025-12-03 18:23:49,703 RW - vertex 320. Time : 0.0s
2025-12-03 18:23:49,703 RW - vertex 2170. Time : 0.0s
2025-12-03 18:23:49,703 RW - vertex 2457. Time : 0.0s
2025-12-03 18:23:49,703 RW - vertex 2559. Time : 0.0s
2025-12-03 18:23:49,703 RW - vertex 2454. Time : 0.0s
2025-12-03 18:23:49,703 RW - vertex 541. Time : 0.0s
2025-12-03 18:23:49,704 RW - vertex 534. Time : 0.0s
2025-12-03 18:23:49,704 RW - vertex 809. Time : 0.0s
2025-12-03 18:23:49,704 RW - vertex 903. Time : 0.0s
2025-12-03 18:23:49,704 RW - vertex 799. Time : 0.0s
2025-12-03 18:23:49,704 RW - vertex 1761. Time : 0.0s
2025-12-03 18:23:49,704 RW - vertex 1741. Time : 0.0s
2025-12-03 18:23:49,704 RW - vertex 1852. Time : 0.0s
2025-12-03 18:23:49,704 RW - vertex 2274. Time : 0.0s
2025-12-03 18:23:49,704 RW - vertex 1011. Time : 0.0s
2025-12-03 18:23:49,704 RW - vertex 519. Time : 0.0s
2025-12-03 18:23:49,704 RW - vertex 3043. Time : 0.0s
2025-12-03 18:23:49,704 RW - vertex 837. Time : 0.0s
2025-12-03 18:23:49,705 RW - vertex 2586. Time : 0.0s
2025-12-03 18:23:49,705 RW - vertex 2598. Time : 0.0s
2025-12-03 18:23:49,705 RW - vertex 2657. Time : 0.0s
2025-12-03 18:23:49,705 RW - vertex 664. Time : 0.0s
2025-12-03 18:23:49,705 RW - vertex 637. Time : 0.0s
2025-12-03 18:23:49,705 RW - vertex 3285. Time : 0.0s
2025-12-03 18:23:49,705 RW - vertex 2837. Time : 0.0s
2025-12-03 18:23:49,705 RW - vertex 1270. Time : 0.0s
2025-12-03 18:23:49,705 RW - vertex 2991. Time : 0.0s
2025-12-03 18:23:49,705 RW - vertex 1102. Time : 0.0s
2025-12-03 18:23:49,705 RW - vertex 32. Time : 0.0s
2025-12-03 18:23:49,705 RW - vertex 763. Time : 0.0s
2025-12-03 18:23:49,706 RW - vertex 2865. Time : 0.0s
2025-12-03 18:23:49,706 RW - vertex 387. Time : 0.0s
2025-12-03 18:23:49,706 RW - vertex 53. Time : 0.0s
2025-12-03 18:23:49,706 RW - vertex 515. Time : 0.0s
2025-12-03 18:23:49,706 RW - vertex 2695. Time : 0.0s
2025-12-03 18:23:49,706 RW - vertex 609. Time : 0.0s
2025-12-03 18:23:49,706 RW - vertex 2705. Time : 0.0s
2025-12-03 18:23:49,706 RW - vertex 1628. Time : 0.0s
2025-12-03 18:23:49,706 RW - vertex 2104. Time : 0.0s
2025-12-03 18:23:49,706 RW - vertex 1485. Time : 0.0s
2025-12-03 18:23:49,706 RW - vertex 977. Time : 0.0s
2025-12-03 18:23:49,706 RW - vertex 650. Time : 0.0s
2025-12-03 18:23:49,707 RW - vertex 2275. Time : 0.0s
2025-12-03 18:23:49,707 RW - vertex 1793. Time : 0.0s
2025-12-03 18:23:49,707 RW - vertex 1693. Time : 0.0s
2025-12-03 18:23:49,707 RW - vertex 422. Time : 0.0s
2025-12-03 18:23:49,707 RW - vertex 241. Time : 0.0s
2025-12-03 18:23:49,707 RW - vertex 567. Time : 0.0s
2025-12-03 18:23:49,707 RW - vertex 73. Time : 0.0s
2025-12-03 18:23:49,707 RW - vertex 2342. Time : 0.0s
2025-12-03 18:23:49,707 RW - vertex 2532. Time : 0.0s
2025-12-03 18:23:49,707 RW - vertex 3208. Time : 0.0s
2025-12-03 18:23:49,707 RW - vertex 3138. Time : 0.0s
2025-12-03 18:23:49,707 RW - vertex 3310. Time : 0.0s
2025-12-03 18:23:49,708 RW - vertex 2609. Time : 0.0s
2025-12-03 18:23:49,708 RW - vertex 1129. Time : 0.0s
2025-12-03 18:23:49,708 RW - vertex 1819. Time : 0.0s
2025-12-03 18:23:49,708 RW - vertex 144. Time : 0.0s
2025-12-03 18:23:49,708 RW - vertex 1239. Time : 0.0s
2025-12-03 18:23:49,708 RW - vertex 1901. Time : 0.0s
2025-12-03 18:23:49,708 RW - vertex 2921. Time : 0.0s
2025-12-03 18:23:49,708 RW - vertex 1582. Time : 0.0s
2025-12-03 18:23:49,708 RW - vertex 1280. Time : 0.0s
2025-12-03 18:23:49,708 RW - vertex 685. Time : 0.0s
2025-12-03 18:23:49,708 RW - vertex 595. Time : 0.0s
2025-12-03 18:23:49,708 RW - vertex 1597. Time : 0.0s
2025-12-03 18:23:49,709 RW - vertex 3098. Time : 0.0009989738464355469s
2025-12-03 18:23:49,709 RW - vertex 2009. Time : 0.0s
2025-12-03 18:23:49,709 RW - vertex 3260. Time : 0.0s
2025-12-03 18:23:49,709 RW - vertex 2238. Time : 0.0s
2025-12-03 18:23:49,709 RW - vertex 2240. Time : 0.0s
2025-12-03 18:23:49,709 RW - vertex 9. Time : 0.0s
2025-12-03 18:23:49,709 RW - vertex 1045. Time : 0.0s
2025-12-03 18:23:49,709 RW - vertex 1616. Time : 0.0s
2025-12-03 18:23:49,709 RW - vertex 3087. Time : 0.0s
2025-12-03 18:23:49,709 RW - vertex 39. Time : 0.0s
2025-12-03 18:23:49,709 RW - vertex 3135. Time : 0.0s
2025-12-03 18:23:49,709 RW - vertex 1698. Time : 0.0s
2025-12-03 18:23:49,710 RW - vertex 2859. Time : 0.0s
2025-12-03 18:23:49,710 RW - vertex 562. Time : 0.0s
2025-12-03 18:23:49,710 RW - vertex 518. Time : 0.0s
2025-12-03 18:23:49,710 RW - vertex 2367. Time : 0.0s
2025-12-03 18:23:49,710 RW - vertex 679. Time : 0.0s
2025-12-03 18:23:49,710 RW - vertex 3247. Time : 0.0s
2025-12-03 18:23:49,710 RW - vertex 2184. Time : 0.0s
2025-12-03 18:23:49,710 RW - vertex 2603. Time : 0.0s
2025-12-03 18:23:49,710 RW - vertex 2129. Time : 0.0s
2025-12-03 18:23:49,710 RW - vertex 2449. Time : 0.0s
2025-12-03 18:23:49,710 RW - vertex 871. Time : 0.0s
2025-12-03 18:23:49,710 RW - vertex 2120. Time : 0.0s
2025-12-03 18:23:49,711 RW - vertex 214. Time : 0.0s
2025-12-03 18:23:49,711 RW - vertex 1610. Time : 0.0s
2025-12-03 18:23:49,711 RW - vertex 2138. Time : 0.0s
2025-12-03 18:23:49,711 RW - vertex 2881. Time : 0.0s
2025-12-03 18:23:49,711 RW - vertex 872. Time : 0.0s
2025-12-03 18:23:49,711 RW - vertex 1329. Time : 0.0s
2025-12-03 18:23:49,711 RW - vertex 3233. Time : 0.0s
2025-12-03 18:23:49,711 RW - vertex 2584. Time : 0.0s
2025-12-03 18:23:49,711 RW - vertex 321. Time : 0.0s
2025-12-03 18:23:49,711 RW - vertex 1048. Time : 0.0s
2025-12-03 18:23:49,711 RW - vertex 2871. Time : 0.0s
2025-12-03 18:23:49,711 RW - vertex 555. Time : 0.0s
2025-12-03 18:23:49,712 RW - vertex 1196. Time : 0.0s
2025-12-03 18:23:49,712 RW - vertex 2977. Time : 0.0s
2025-12-03 18:23:49,712 RW - vertex 2688. Time : 0.0s
2025-12-03 18:23:49,712 RW - vertex 2285. Time : 0.0s
2025-12-03 18:23:49,712 RW - vertex 2746. Time : 0.0s
2025-12-03 18:23:49,712 RW - vertex 1342. Time : 0.0s
2025-12-03 18:23:49,712 RW - vertex 5. Time : 0.0s
2025-12-03 18:23:49,712 RW - vertex 1241. Time : 0.0s
2025-12-03 18:23:49,712 RW - vertex 857. Time : 0.0s
2025-12-03 18:23:49,712 RW - vertex 3221. Time : 0.0s
2025-12-03 18:23:49,712 RW - vertex 2155. Time : 0.0s
2025-12-03 18:23:49,712 RW - vertex 2564. Time : 0.0s
2025-12-03 18:23:49,713 RW - vertex 2453. Time : 0.0009999275207519531s
2025-12-03 18:23:49,713 RW - vertex 1139. Time : 0.0s
2025-12-03 18:23:49,713 RW - vertex 1358. Time : 0.0s
2025-12-03 18:23:49,713 RW - vertex 2862. Time : 0.0s
2025-12-03 18:23:49,713 RW - vertex 2591. Time : 0.0s
2025-12-03 18:23:49,713 RW - vertex 49. Time : 0.0s
2025-12-03 18:23:49,713 RW - vertex 1490. Time : 0.0s
2025-12-03 18:23:49,713 RW - vertex 778. Time : 0.0s
2025-12-03 18:23:49,714 RW - vertex 3288. Time : 0.0009701251983642578s
2025-12-03 18:23:49,714 RW - vertex 1510. Time : 0.0s
2025-12-03 18:23:49,714 RW - vertex 3102. Time : 0.0s
2025-12-03 18:23:49,714 RW - vertex 3131. Time : 0.0s
2025-12-03 18:23:49,714 RW - vertex 922. Time : 0.0s
2025-12-03 18:23:49,714 RW - vertex 1236. Time : 0.0s
2025-12-03 18:23:49,714 RW - vertex 1833. Time : 0.0s
2025-12-03 18:23:49,714 RW - vertex 2784. Time : 0.0s
2025-12-03 18:23:49,714 RW - vertex 2987. Time : 0.0s
2025-12-03 18:23:49,714 RW - vertex 1860. Time : 0.0s
2025-12-03 18:23:49,715 RW - vertex 1009. Time : 0.0s
2025-12-03 18:23:49,715 RW - vertex 1790. Time : 0.0s
2025-12-03 18:23:49,715 RW - vertex 3213. Time : 0.0s
2025-12-03 18:23:49,715 RW - vertex 2146. Time : 0.0s
2025-12-03 18:23:49,715 RW - vertex 2287. Time : 0.0s
2025-12-03 18:23:49,715 RW - vertex 1803. Time : 0.0s
2025-12-03 18:23:49,715 RW - vertex 1777. Time : 0.0s
2025-12-03 18:23:49,715 RW - vertex 2614. Time : 0.0s
2025-12-03 18:23:49,715 RW - vertex 1347. Time : 0.0s
2025-12-03 18:23:49,715 RW - vertex 345. Time : 0.0s
2025-12-03 18:23:49,716 RW - vertex 1899. Time : 0.0s
2025-12-03 18:23:49,716 RW - vertex 3012. Time : 0.0s
2025-12-03 18:23:49,716 RW - vertex 2633. Time : 0.0s
2025-12-03 18:23:49,716 RW - vertex 780. Time : 0.0s
2025-12-03 18:23:49,716 RW - vertex 2233. Time : 0.0s
2025-12-03 18:23:49,716 RW - vertex 3041. Time : 0.0s
2025-12-03 18:23:49,716 RW - vertex 2585. Time : 0.0s
2025-12-03 18:23:49,716 RW - vertex 2284. Time : 0.0s
2025-12-03 18:23:49,716 RW - vertex 2353. Time : 0.0s
2025-12-03 18:23:49,716 RW - vertex 1620. Time : 0.0s
2025-12-03 18:23:49,717 RW - vertex 1598. Time : 0.000972747802734375s
2025-12-03 18:23:49,717 RW - vertex 2714. Time : 0.0s
2025-12-03 18:23:49,717 RW - vertex 2675. Time : 0.0s
2025-12-03 18:23:49,717 RW - vertex 145. Time : 0.0s
2025-12-03 18:23:49,717 RW - vertex 586. Time : 0.0s
2025-12-03 18:23:49,717 RW - vertex 2185. Time : 0.0s
2025-12-03 18:23:49,717 RW - vertex 950. Time : 0.0s
2025-12-03 18:23:49,717 RW - vertex 2825. Time : 0.0s
2025-12-03 18:23:49,717 RW - vertex 3244. Time : 0.0s
2025-12-03 18:23:49,717 RW - vertex 654. Time : 0.0s
2025-12-03 18:23:49,718 RW - vertex 190. Time : 0.0010001659393310547s
2025-12-03 18:23:49,718 RW - vertex 1907. Time : 0.0s
2025-12-03 18:23:49,718 RW - vertex 169. Time : 0.0s
2025-12-03 18:23:49,718 RW - vertex 1042. Time : 0.0s
2025-12-03 18:23:49,718 RW - vertex 556. Time : 0.0s
2025-12-03 18:23:49,718 RW - vertex 2010. Time : 0.0s
2025-12-03 18:23:49,718 RW - vertex 2618. Time : 0.0s
2025-12-03 18:23:49,718 RW - vertex 2960. Time : 0.0s
2025-12-03 18:23:49,718 RW - vertex 1230. Time : 0.0s
2025-12-03 18:23:49,718 RW - vertex 2077. Time : 0.0s
2025-12-03 18:23:49,718 RW - vertex 3159. Time : 0.0s
2025-12-03 18:23:49,719 RW - vertex 2872. Time : 0.0s
2025-12-03 18:23:49,719 RW - vertex 3297. Time : 0.0s
2025-12-03 18:23:49,719 RW - vertex 891. Time : 0.0s
2025-12-03 18:23:49,719 RW - vertex 2641. Time : 0.0s
2025-12-03 18:23:49,719 RW - vertex 939. Time : 0.0s
2025-12-03 18:23:49,719 RW - vertex 3271. Time : 0.0s
2025-12-03 18:23:49,719 RW - vertex 2495. Time : 0.0s
2025-12-03 18:23:49,719 RW - vertex 1135. Time : 0.0s
2025-12-03 18:23:49,719 RW - vertex 1871. Time : 0.0s
2025-12-03 18:23:49,720 RW - vertex 1213. Time : 0.0010039806365966797s
2025-12-03 18:23:49,720 RW - vertex 1855. Time : 0.0s
2025-12-03 18:23:49,720 RW - vertex 1900. Time : 0.0s
2025-12-03 18:23:49,720 RW - vertex 268. Time : 0.0s
2025-12-03 18:23:49,720 RW - vertex 3191. Time : 0.0s
2025-12-03 18:23:49,720 RW - vertex 762. Time : 0.0s
2025-12-03 18:23:49,720 RW - vertex 266. Time : 0.0s
2025-12-03 18:23:49,720 RW - vertex 726. Time : 0.0s
2025-12-03 18:23:49,720 RW - vertex 1362. Time : 0.0s
2025-12-03 18:23:49,721 RW - vertex 2557. Time : 0.0009999275207519531s
2025-12-03 18:23:49,721 RW - vertex 2270. Time : 0.0s
2025-12-03 18:23:49,721 RW - vertex 2045. Time : 0.0s
2025-12-03 18:23:49,721 RW - vertex 554. Time : 0.0s
2025-12-03 18:23:49,721 RW - vertex 1677. Time : 0.0s
2025-12-03 18:23:49,721 RW - vertex 2188. Time : 0.0s
2025-12-03 18:23:49,721 RW - vertex 416. Time : 0.0s
2025-12-03 18:23:49,721 RW - vertex 2001. Time : 0.0s
2025-12-03 18:23:49,722 RW - vertex 163. Time : 0.0s
2025-12-03 18:23:49,722 RW - vertex 106. Time : 0.0s
2025-12-03 18:23:49,722 RW - vertex 769. Time : 0.0s
2025-12-03 18:23:49,722 RW - vertex 824. Time : 0.0s
2025-12-03 18:23:49,722 RW - vertex 978. Time : 0.0s
2025-12-03 18:23:49,722 RW - vertex 2460. Time : 0.0s
2025-12-03 18:23:49,722 RW - vertex 392. Time : 0.0s
2025-12-03 18:23:49,722 RW - vertex 2516. Time : 0.0s
2025-12-03 18:23:49,722 RW - vertex 1757. Time : 0.0s
2025-12-03 18:23:49,723 RW - vertex 2999. Time : 0.0009965896606445312s
2025-12-03 18:23:49,723 RW - vertex 1885. Time : 0.0s
2025-12-03 18:23:49,723 RW - vertex 1650. Time : 0.0s
2025-12-03 18:23:49,723 RW - vertex 2839. Time : 0.0s
2025-12-03 18:23:49,723 RW - vertex 867. Time : 0.0s
2025-12-03 18:23:49,723 RW - vertex 1906. Time : 0.0s
2025-12-03 18:23:49,723 RW - vertex 525. Time : 0.0s
2025-12-03 18:23:49,723 RW - vertex 881. Time : 0.0s
2025-12-03 18:23:49,723 RW - vertex 154. Time : 0.0s
2025-12-03 18:23:49,724 RW - vertex 83. Time : 0.0s
2025-12-03 18:23:49,724 RW - vertex 2869. Time : 0.0s
2025-12-03 18:23:49,724 RW - vertex 604. Time : 0.0s
2025-12-03 18:23:49,724 RW - vertex 583. Time : 0.0s
2025-12-03 18:23:49,724 RW - vertex 2271. Time : 0.0s
2025-12-03 18:23:49,724 RW - vertex 2115. Time : 0.0s
2025-12-03 18:23:49,724 RW - vertex 52. Time : 0.0s
2025-12-03 18:23:49,724 RW - vertex 1839. Time : 0.0s
2025-12-03 18:23:49,724 RW - vertex 1167. Time : 0.0s
2025-12-03 18:23:49,725 RW - vertex 74. Time : 0.0010006427764892578s
2025-12-03 18:23:49,725 RW - vertex 2267. Time : 0.0s
2025-12-03 18:23:49,725 RW - vertex 41. Time : 0.0s
2025-12-03 18:23:49,725 RW - vertex 3024. Time : 0.0s
2025-12-03 18:23:49,725 RW - vertex 1145. Time : 0.0s
2025-12-03 18:23:49,725 RW - vertex 2186. Time : 0.0s
2025-12-03 18:23:49,725 RW - vertex 919. Time : 0.0s
2025-12-03 18:23:49,725 RW - vertex 2703. Time : 0.0s
2025-12-03 18:23:49,725 RW - vertex 839. Time : 0.0s
2025-12-03 18:23:49,726 RW - vertex 3112. Time : 0.0s
2025-12-03 18:23:49,726 RW - vertex 684. Time : 0.0s
2025-12-03 18:23:49,726 RW - vertex 2222. Time : 0.0s
2025-12-03 18:23:49,726 RW - vertex 2537. Time : 0.0s
2025-12-03 18:23:49,726 RW - vertex 283. Time : 0.0s
2025-12-03 18:23:49,726 RW - vertex 905. Time : 0.0s
2025-12-03 18:23:49,726 RW - vertex 1221. Time : 0.0s
2025-12-03 18:23:49,726 RW - vertex 273. Time : 0.0s
2025-12-03 18:23:49,726 RW - vertex 2316. Time : 0.0s
2025-12-03 18:23:49,726 RW - vertex 812. Time : 0.0s
2025-12-03 18:23:49,727 RW - vertex 1445. Time : 0.0s
2025-12-03 18:23:49,727 RW - vertex 76. Time : 0.0s
2025-12-03 18:23:49,727 RW - vertex 3006. Time : 0.0s
2025-12-03 18:23:49,727 RW - vertex 3270. Time : 0.0s
2025-12-03 18:23:49,727 RW - vertex 1711. Time : 0.0s
2025-12-03 18:23:49,727 RW - vertex 1804. Time : 0.0s
2025-12-03 18:23:49,727 RW - vertex 2917. Time : 0.0s
2025-12-03 18:23:49,727 RW - vertex 90. Time : 0.0s
2025-12-03 18:23:49,727 RW - vertex 1542. Time : 0.0s
2025-12-03 18:23:49,728 RW - vertex 1825. Time : 0.0s
2025-12-03 18:23:49,728 RW - vertex 165. Time : 0.0s
2025-12-03 18:23:49,728 RW - vertex 2352. Time : 0.0s
2025-12-03 18:23:49,728 RW - vertex 1199. Time : 0.0s
2025-12-03 18:23:49,728 RW - vertex 203. Time : 0.0s
2025-12-03 18:23:49,728 RW - vertex 2000. Time : 0.0s
2025-12-03 18:23:49,728 RW - vertex 400. Time : 0.0s
2025-12-03 18:23:49,728 RW - vertex 2181. Time : 0.0s
2025-12-03 18:23:49,728 RW - vertex 251. Time : 0.0s
2025-12-03 18:23:49,729 RW - vertex 852. Time : 0.0s
2025-12-03 18:23:49,729 RW - vertex 3209. Time : 0.0s
2025-12-03 18:23:49,729 RW - vertex 1930. Time : 0.0s
2025-12-03 18:23:49,729 RW - vertex 1151. Time : 0.0s
2025-12-03 18:23:49,729 RW - vertex 1962. Time : 0.0s
2025-12-03 18:23:49,729 RW - vertex 1227. Time : 0.0s
2025-12-03 18:23:49,729 RW - vertex 2767. Time : 0.0s
2025-12-03 18:23:49,729 RW - vertex 1300. Time : 0.0s
2025-12-03 18:23:49,729 RW - vertex 2390. Time : 0.0s
2025-12-03 18:23:49,729 RW - vertex 893. Time : 0.0s
2025-12-03 18:23:49,730 RW - vertex 2450. Time : 0.0s
2025-12-03 18:23:49,730 RW - vertex 661. Time : 0.0s
2025-12-03 18:23:49,730 RW - vertex 1614. Time : 0.0s
2025-12-03 18:23:49,730 RW - vertex 2197. Time : 0.0s
2025-12-03 18:23:49,730 RW - vertex 1929. Time : 0.0s
2025-12-03 18:23:49,730 RW - vertex 2575. Time : 0.0s
2025-12-03 18:23:49,730 RW - vertex 2687. Time : 0.0s
2025-12-03 18:23:49,730 RW - vertex 176. Time : 0.0s
2025-12-03 18:23:49,730 RW - vertex 2321. Time : 0.0s
2025-12-03 18:23:49,730 RW - vertex 602. Time : 0.0s
2025-12-03 18:23:49,730 RW - vertex 1532. Time : 0.0s
2025-12-03 18:23:49,731 RW - vertex 511. Time : 0.0009992122650146484s
2025-12-03 18:23:49,731 RW - vertex 2124. Time : 0.0s
2025-12-03 18:23:49,731 RW - vertex 3223. Time : 0.0s
2025-12-03 18:23:49,731 RW - vertex 2078. Time : 0.0s
2025-12-03 18:23:49,731 RW - vertex 48. Time : 0.0s
2025-12-03 18:23:49,731 RW - vertex 818. Time : 0.0s
2025-12-03 18:23:49,731 RW - vertex 3238. Time : 0.0s
2025-12-03 18:23:49,731 RW - vertex 2908. Time : 0.0s
2025-12-03 18:23:49,731 RW - vertex 2480. Time : 0.0s
2025-12-03 18:23:49,731 RW - vertex 128. Time : 0.0s
2025-12-03 18:23:49,731 RW - vertex 1097. Time : 0.0s
2025-12-03 18:23:49,731 RW - vertex 2475. Time : 0.0s
2025-12-03 18:23:49,732 RW - vertex 3095. Time : 0.0009968280792236328s
2025-12-03 18:23:49,732 RW - vertex 1229. Time : 0.0s
2025-12-03 18:23:49,732 RW - vertex 99. Time : 0.0s
2025-12-03 18:23:49,732 RW - vertex 1378. Time : 0.0s
2025-12-03 18:23:49,732 RW - vertex 2467. Time : 0.0s
2025-12-03 18:23:49,732 RW - vertex 385. Time : 0.0s
2025-12-03 18:23:49,732 RW - vertex 104. Time : 0.0s
2025-12-03 18:23:49,732 RW - vertex 236. Time : 0.0s
2025-12-03 18:23:49,732 RW - vertex 2268. Time : 0.0s
2025-12-03 18:23:49,732 RW - vertex 2154. Time : 0.0s
2025-12-03 18:23:49,732 RW - vertex 941. Time : 0.0s
2025-12-03 18:23:49,732 RW - vertex 686. Time : 0.0s
2025-12-03 18:23:49,733 RW - vertex 37. Time : 0.0s
2025-12-03 18:23:49,733 RW - vertex 1401. Time : 0.0s
2025-12-03 18:23:49,733 RW - vertex 432. Time : 0.0s
2025-12-03 18:23:49,733 RW - vertex 2628. Time : 0.0s
2025-12-03 18:23:49,733 RW - vertex 410. Time : 0.0s
2025-12-03 18:23:49,733 RW - vertex 1847. Time : 0.0s
2025-12-03 18:23:49,733 RW - vertex 2572. Time : 0.0s
2025-12-03 18:23:49,733 RW - vertex 1047. Time : 0.0s
2025-12-03 18:23:49,733 RW - vertex 1262. Time : 0.0s
2025-12-03 18:23:49,733 RW - vertex 657. Time : 0.0s
2025-12-03 18:23:49,733 RW - vertex 2624. Time : 0.0s
2025-12-03 18:23:49,734 RW - vertex 1276. Time : 0.000995635986328125s
2025-12-03 18:23:49,734 RW - vertex 3079. Time : 0.0s
2025-12-03 18:23:49,734 RW - vertex 318. Time : 0.0s
2025-12-03 18:23:49,734 RW - vertex 1409. Time : 0.0s
2025-12-03 18:23:49,734 RW - vertex 1389. Time : 0.0s
2025-12-03 18:23:49,734 RW - vertex 2896. Time : 0.0s
2025-12-03 18:23:49,734 RW - vertex 288. Time : 0.0s
2025-12-03 18:23:49,734 RW - vertex 1950. Time : 0.0s
2025-12-03 18:23:49,734 RW - vertex 1764. Time : 0.0s
2025-12-03 18:23:49,734 RW - vertex 3195. Time : 0.0s
2025-12-03 18:23:49,734 RW - vertex 3017. Time : 0.0s
2025-12-03 18:23:49,734 RW - vertex 3134. Time : 0.0s
2025-12-03 18:23:49,735 RW - vertex 2074. Time : 0.0s
2025-12-03 18:23:49,735 RW - vertex 2298. Time : 0.0s
2025-12-03 18:23:49,735 RW - vertex 137. Time : 0.0s
2025-12-03 18:23:49,735 RW - vertex 1430. Time : 0.0s
2025-12-03 18:23:49,735 RW - vertex 1785. Time : 0.0s
2025-12-03 18:23:49,735 RW - vertex 1502. Time : 0.0s
2025-12-03 18:23:49,735 RW - vertex 649. Time : 0.0s
2025-12-03 18:23:49,735 RW - vertex 2848. Time : 0.0s
2025-12-03 18:23:49,735 RW - vertex 3248. Time : 0.0s
2025-12-03 18:23:49,735 RW - vertex 874. Time : 0.0s
2025-12-03 18:23:49,735 RW - vertex 2886. Time : 0.0s
2025-12-03 18:23:49,736 RW - vertex 546. Time : 0.0009989738464355469s
2025-12-03 18:23:49,736 RW - vertex 1975. Time : 0.0s
2025-12-03 18:23:49,736 RW - vertex 2455. Time : 0.0s
2025-12-03 18:23:49,736 RW - vertex 1150. Time : 0.0s
2025-12-03 18:23:49,736 RW - vertex 1816. Time : 0.0s
2025-12-03 18:23:49,736 RW - vertex 140. Time : 0.0s
2025-12-03 18:23:49,736 RW - vertex 1714. Time : 0.0s
2025-12-03 18:23:49,736 RW - vertex 454. Time : 0.0s
2025-12-03 18:23:49,736 RW - vertex 2606. Time : 0.0s
2025-12-03 18:23:49,736 RW - vertex 1348. Time : 0.0s
2025-12-03 18:23:49,736 RW - vertex 953. Time : 0.0s
2025-12-03 18:23:49,736 RW - vertex 2580. Time : 0.0s
2025-12-03 18:23:49,737 RW - vertex 77. Time : 0.001001596450805664s
2025-12-03 18:23:49,737 RW - vertex 1316. Time : 0.0s
2025-12-03 18:23:49,737 RW - vertex 1446. Time : 0.0s
2025-12-03 18:23:49,737 RW - vertex 1564. Time : 0.0s
2025-12-03 18:23:49,737 RW - vertex 1071. Time : 0.0s
2025-12-03 18:23:49,737 RW - vertex 459. Time : 0.0s
2025-12-03 18:23:49,737 RW - vertex 1990. Time : 0.0s
2025-12-03 18:23:49,737 RW - vertex 1080. Time : 0.0s
2025-12-03 18:23:49,737 RW - vertex 439. Time : 0.0s
2025-12-03 18:23:49,737 RW - vertex 2919. Time : 0.0s
2025-12-03 18:23:49,737 RW - vertex 2202. Time : 0.0s
2025-12-03 18:23:49,737 RW - vertex 2063. Time : 0.0s
2025-12-03 18:23:49,738 RW - vertex 3026. Time : 0.0s
2025-12-03 18:23:49,738 RW - vertex 960. Time : 0.0s
2025-12-03 18:23:49,738 RW - vertex 143. Time : 0.0s
2025-12-03 18:23:49,738 RW - vertex 1338. Time : 0.0s
2025-12-03 18:23:49,738 RW - vertex 2663. Time : 0.0s
2025-12-03 18:23:49,738 RW - vertex 1779. Time : 0.0s
2025-12-03 18:23:49,738 RW - vertex 3259. Time : 0.0s
2025-12-03 18:23:49,738 RW - vertex 644. Time : 0.0s
2025-12-03 18:23:49,738 RW - vertex 2816. Time : 0.0s
2025-12-03 18:23:49,738 RW - vertex 45. Time : 0.0s
2025-12-03 18:23:49,738 RW - vertex 2473. Time : 0.0s
2025-12-03 18:23:49,739 RW - vertex 1710. Time : 0.0s
2025-12-03 18:23:49,739 RW - vertex 1375. Time : 0.0s
2025-12-03 18:23:49,739 RW - vertex 2789. Time : 0.0s
2025-12-03 18:23:49,739 RW - vertex 110. Time : 0.0s
2025-12-03 18:23:49,739 RW - vertex 335. Time : 0.0s
2025-12-03 18:23:49,739 RW - vertex 21. Time : 0.0s
2025-12-03 18:23:49,739 RW - vertex 1343. Time : 0.0s
2025-12-03 18:23:49,739 RW - vertex 2136. Time : 0.0s
2025-12-03 18:23:49,739 RW - vertex 2798. Time : 0.0s
2025-12-03 18:23:49,739 RW - vertex 1256. Time : 0.0s
2025-12-03 18:23:49,739 RW - vertex 2795. Time : 0.0s
2025-12-03 18:23:49,739 RW - vertex 961. Time : 0.0s
2025-12-03 18:23:49,740 RW - vertex 412. Time : 0.0009975433349609375s
2025-12-03 18:23:49,740 RW - vertex 2946. Time : 0.0s
2025-12-03 18:23:49,740 RW - vertex 951. Time : 0.0s
2025-12-03 18:23:49,740 RW - vertex 1296. Time : 0.0s
2025-12-03 18:23:49,740 RW - vertex 2079. Time : 0.0s
2025-12-03 18:23:49,740 RW - vertex 2926. Time : 0.0s
2025-12-03 18:23:49,740 RW - vertex 2856. Time : 0.0s
2025-12-03 18:23:49,740 RW - vertex 1926. Time : 0.0s
2025-12-03 18:23:49,740 RW - vertex 2374. Time : 0.0s
2025-12-03 18:23:49,740 RW - vertex 3263. Time : 0.0s
2025-12-03 18:23:49,740 RW - vertex 1512. Time : 0.0s
2025-12-03 18:23:49,740 RW - vertex 2782. Time : 0.0s
2025-12-03 18:23:49,741 RW - vertex 1267. Time : 0.0010004043579101562s
2025-12-03 18:23:49,741 RW - vertex 1225. Time : 0.0s
2025-12-03 18:23:49,741 RW - vertex 1033. Time : 0.0s
2025-12-03 18:23:49,741 RW - vertex 343. Time : 0.0s
2025-12-03 18:23:49,741 RW - vertex 2676. Time : 0.0s
2025-12-03 18:23:49,741 RW - vertex 2716. Time : 0.0s
2025-12-03 18:23:49,741 RW - vertex 2418. Time : 0.0s
2025-12-03 18:23:49,741 RW - vertex 2661. Time : 0.0s
2025-12-03 18:23:49,741 RW - vertex 1740. Time : 0.0s
2025-12-03 18:23:49,741 RW - vertex 1810. Time : 0.0s
2025-12-03 18:23:49,741 RW - vertex 2540. Time : 0.0s
2025-12-03 18:23:49,741 RW - vertex 2440. Time : 0.0s
2025-12-03 18:23:49,742 RW - vertex 2375. Time : 0.0s
2025-12-03 18:23:49,742 RW - vertex 108. Time : 0.0s
2025-12-03 18:23:49,742 RW - vertex 3033. Time : 0.0s
2025-12-03 18:23:49,742 RW - vertex 2973. Time : 0.0s
2025-12-03 18:23:49,742 RW - vertex 1503. Time : 0.0s
2025-12-03 18:23:49,742 RW - vertex 91. Time : 0.0s
2025-12-03 18:23:49,742 RW - vertex 1074. Time : 0.0s
2025-12-03 18:23:49,742 RW - vertex 1736. Time : 0.0s
2025-12-03 18:23:49,742 RW - vertex 2096. Time : 0.0s
2025-12-03 18:23:49,742 RW - vertex 2811. Time : 0.0s
2025-12-03 18:23:49,742 RW - vertex 2283. Time : 0.0s
2025-12-03 18:23:49,743 RW - vertex 1663. Time : 0.0s
2025-12-03 18:23:49,743 RW - vertex 1179. Time : 0.0s
2025-12-03 18:23:49,743 RW - vertex 923. Time : 0.0s
2025-12-03 18:23:49,743 RW - vertex 1112. Time : 0.0s
2025-12-03 18:23:49,743 RW - vertex 2376. Time : 0.0s
2025-12-03 18:23:49,743 RW - vertex 2722. Time : 0.0s
2025-12-03 18:23:49,743 RW - vertex 2191. Time : 0.0s
2025-12-03 18:23:49,743 RW - vertex 2494. Time : 0.0s
2025-12-03 18:23:49,743 RW - vertex 1521. Time : 0.0s
2025-12-03 18:23:49,743 RW - vertex 406. Time : 0.0s
2025-12-03 18:23:49,743 RW - vertex 2529. Time : 0.0s
2025-12-03 18:23:49,743 RW - vertex 2579. Time : 0.0s
2025-12-03 18:23:49,744 RW - vertex 2470. Time : 0.0009984970092773438s
2025-12-03 18:23:49,744 RW - vertex 304. Time : 0.0s
2025-12-03 18:23:49,744 RW - vertex 282. Time : 0.0s
2025-12-03 18:23:49,744 RW - vertex 1053. Time : 0.0s
2025-12-03 18:23:49,744 RW - vertex 1432. Time : 0.0s
2025-12-03 18:23:49,744 RW - vertex 2581. Time : 0.0s
2025-12-03 18:23:49,744 RW - vertex 1411. Time : 0.0s
2025-12-03 18:23:49,744 RW - vertex 1873. Time : 0.0s
2025-12-03 18:23:49,744 RW - vertex 2625. Time : 0.0s
2025-12-03 18:23:49,745 RW - vertex 255. Time : 0.0s
2025-12-03 18:23:49,745 RW - vertex 1972. Time : 0.0s
2025-12-03 18:23:49,745 RW - vertex 1002. Time : 0.0s
2025-12-03 18:23:49,745 RW - vertex 1266. Time : 0.0s
2025-12-03 18:23:49,745 RW - vertex 1099. Time : 0.0s
2025-12-03 18:23:49,745 RW - vertex 1607. Time : 0.0s
2025-12-03 18:23:49,745 RW - vertex 2426. Time : 0.0s
2025-12-03 18:23:49,745 RW - vertex 1305. Time : 0.0s
2025-12-03 18:23:49,745 RW - vertex 551. Time : 0.0s
2025-12-03 18:23:49,745 RW - vertex 983. Time : 0.0s
2025-12-03 18:23:49,745 RW - vertex 1887. Time : 0.0s
2025-12-03 18:23:49,745 RW - vertex 217. Time : 0.0s
2025-12-03 18:23:49,746 RW - vertex 706. Time : 0.0s
2025-12-03 18:23:49,746 RW - vertex 1592. Time : 0.0s
2025-12-03 18:23:49,746 RW - vertex 955. Time : 0.0s
2025-12-03 18:23:49,746 RW - vertex 1201. Time : 0.0s
2025-12-03 18:23:49,746 RW - vertex 1959. Time : 0.0s
2025-12-03 18:23:49,746 RW - vertex 2065. Time : 0.0s
2025-12-03 18:23:49,746 RW - vertex 605. Time : 0.0s
2025-12-03 18:23:49,746 RW - vertex 1170. Time : 0.0s
2025-12-03 18:23:49,746 RW - vertex 3030. Time : 0.0s
2025-12-03 18:23:49,747 RW - vertex 2225. Time : 0.0s
2025-12-03 18:23:49,747 RW - vertex 3000. Time : 0.0s
2025-12-03 18:23:49,747 RW - vertex 2336. Time : 0.0s
2025-12-03 18:23:49,747 RW - vertex 295. Time : 0.0s
2025-12-03 18:23:49,747 RW - vertex 234. Time : 0.0s
2025-12-03 18:23:49,747 RW - vertex 2549. Time : 0.0s
2025-12-03 18:23:49,747 RW - vertex 1685. Time : 0.0s
2025-12-03 18:23:49,747 RW - vertex 1509. Time : 0.0s
2025-12-03 18:23:49,747 RW - vertex 1658. Time : 0.0s
2025-12-03 18:23:49,747 RW - vertex 1098. Time : 0.0s
2025-12-03 18:23:49,747 RW - vertex 2066. Time : 0.0s
2025-12-03 18:23:49,748 RW - vertex 3126. Time : 0.0009999275207519531s
2025-12-03 18:23:49,748 RW - vertex 1064. Time : 0.0s
2025-12-03 18:23:49,748 RW - vertex 2924. Time : 0.0s
2025-12-03 18:23:49,748 RW - vertex 322. Time : 0.0s
2025-12-03 18:23:49,748 RW - vertex 2892. Time : 0.0s
2025-12-03 18:23:49,748 RW - vertex 1921. Time : 0.0s
2025-12-03 18:23:49,748 RW - vertex 1066. Time : 0.0s
2025-12-03 18:23:49,748 RW - vertex 795. Time : 0.0s
2025-12-03 18:23:49,748 RW - vertex 718. Time : 0.0s
2025-12-03 18:23:49,748 RW - vertex 1467. Time : 0.0s
2025-12-03 18:23:49,748 RW - vertex 1351. Time : 0.0s
2025-12-03 18:23:49,748 RW - vertex 287. Time : 0.0s
2025-12-03 18:23:49,749 RW - vertex 1303. Time : 0.0009999275207519531s
2025-12-03 18:23:49,749 RW - vertex 1996. Time : 0.0s
2025-12-03 18:23:49,749 RW - vertex 135. Time : 0.0s
2025-12-03 18:23:49,749 RW - vertex 1994. Time : 0.0s
2025-12-03 18:23:49,749 RW - vertex 2505. Time : 0.0s
2025-12-03 18:23:49,749 RW - vertex 651. Time : 0.0s
2025-12-03 18:23:49,749 RW - vertex 2237. Time : 0.0s
2025-12-03 18:23:49,749 RW - vertex 2175. Time : 0.0s
2025-12-03 18:23:49,749 RW - vertex 3311. Time : 0.0s
2025-12-03 18:23:49,749 RW - vertex 1320. Time : 0.0s
2025-12-03 18:23:49,749 RW - vertex 779. Time : 0.0s
2025-12-03 18:23:49,749 RW - vertex 3254. Time : 0.0s
2025-12-03 18:23:49,750 RW - vertex 2925. Time : 0.0s
2025-12-03 18:23:49,750 RW - vertex 1762. Time : 0.0s
2025-12-03 18:23:49,750 RW - vertex 3257. Time : 0.0s
2025-12-03 18:23:49,750 RW - vertex 943. Time : 0.0s
2025-12-03 18:23:49,750 RW - vertex 1108. Time : 0.0s
2025-12-03 18:23:49,750 RW - vertex 1106. Time : 0.0s
2025-12-03 18:23:49,750 RW - vertex 1360. Time : 0.0s
2025-12-03 18:23:49,750 RW - vertex 2783. Time : 0.0s
2025-12-03 18:23:49,750 RW - vertex 731. Time : 0.0s
2025-12-03 18:23:49,750 RW - vertex 2281. Time : 0.0s
2025-12-03 18:23:49,750 RW - vertex 3036. Time : 0.0s
2025-12-03 18:23:49,751 RW - vertex 620. Time : 0.0009999275207519531s
2025-12-03 18:23:49,751 RW - vertex 678. Time : 0.0s
2025-12-03 18:23:49,751 RW - vertex 2843. Time : 0.0s
2025-12-03 18:23:49,751 RW - vertex 2588. Time : 0.0s
2025-12-03 18:23:49,751 RW - vertex 51. Time : 0.0s
2025-12-03 18:23:49,751 RW - vertex 1190. Time : 0.0s
2025-12-03 18:23:49,751 RW - vertex 1584. Time : 0.0s
2025-12-03 18:23:49,751 RW - vertex 2971. Time : 0.0s
2025-12-03 18:23:49,751 RW - vertex 123. Time : 0.0s
2025-12-03 18:23:49,751 RW - vertex 1274. Time : 0.0s
2025-12-03 18:23:49,751 RW - vertex 1750. Time : 0.0s
2025-12-03 18:23:49,751 RW - vertex 2855. Time : 0.0s
2025-12-03 18:23:49,752 RW - vertex 1336. Time : 0.0010001659393310547s
2025-12-03 18:23:49,752 RW - vertex 885. Time : 0.0s
2025-12-03 18:23:49,752 RW - vertex 1826. Time : 0.0s
2025-12-03 18:23:49,752 RW - vertex 2224. Time : 0.0s
2025-12-03 18:23:49,752 RW - vertex 1260. Time : 0.0s
2025-12-03 18:23:49,752 RW - vertex 1987. Time : 0.0s
2025-12-03 18:23:49,752 RW - vertex 3155. Time : 0.0s
2025-12-03 18:23:49,752 RW - vertex 2502. Time : 0.0s
2025-12-03 18:23:49,752 RW - vertex 136. Time : 0.0s
2025-12-03 18:23:49,752 RW - vertex 574. Time : 0.0s
2025-12-03 18:23:49,752 RW - vertex 1522. Time : 0.0s
2025-12-03 18:23:49,752 RW - vertex 2217. Time : 0.0s
2025-12-03 18:23:49,753 RW - vertex 183. Time : 0.0s
2025-12-03 18:23:49,753 RW - vertex 689. Time : 0.0s
2025-12-03 18:23:49,753 RW - vertex 2466. Time : 0.0s
2025-12-03 18:23:49,753 RW - vertex 1257. Time : 0.0s
2025-12-03 18:23:49,753 RW - vertex 2554. Time : 0.0s
2025-12-03 18:23:49,753 RW - vertex 3001. Time : 0.0s
2025-12-03 18:23:49,753 RW - vertex 695. Time : 0.0s
2025-12-03 18:23:49,753 RW - vertex 2329. Time : 0.0s
2025-12-03 18:23:49,753 RW - vertex 473. Time : 0.0s
2025-12-03 18:23:49,753 RW - vertex 1806. Time : 0.0s
2025-12-03 18:23:49,753 RW - vertex 3174. Time : 0.0s
2025-12-03 18:23:49,754 RW - vertex 451. Time : 0.0009996891021728516s
2025-12-03 18:23:49,754 RW - vertex 2849. Time : 0.0s
2025-12-03 18:23:49,754 RW - vertex 1559. Time : 0.0s
2025-12-03 18:23:49,754 RW - vertex 1558. Time : 0.0s
2025-12-03 18:23:49,754 RW - vertex 970. Time : 0.0s
2025-12-03 18:23:49,754 RW - vertex 1686. Time : 0.0s
2025-12-03 18:23:49,754 RW - vertex 1699. Time : 0.0s
2025-12-03 18:23:49,754 RW - vertex 1818. Time : 0.0s
2025-12-03 18:23:49,754 RW - vertex 646. Time : 0.0s
2025-12-03 18:23:49,754 RW - vertex 1840. Time : 0.0s
2025-12-03 18:23:49,754 RW - vertex 573. Time : 0.0s
2025-12-03 18:23:49,754 RW - vertex 2118. Time : 0.0s
2025-12-03 18:23:49,755 RW - vertex 560. Time : 0.0010001659393310547s
2025-12-03 18:23:49,755 RW - vertex 1127. Time : 0.0s
2025-12-03 18:23:49,755 RW - vertex 2256. Time : 0.0s
2025-12-03 18:23:49,755 RW - vertex 889. Time : 0.0s
2025-12-03 18:23:49,755 RW - vertex 1683. Time : 0.0s
2025-12-03 18:23:49,755 RW - vertex 2635. Time : 0.0s
2025-12-03 18:23:49,755 RW - vertex 547. Time : 0.0s
2025-12-03 18:23:49,755 RW - vertex 3040. Time : 0.0s
2025-12-03 18:23:49,755 RW - vertex 3162. Time : 0.0s
2025-12-03 18:23:49,755 RW - vertex 1530. Time : 0.0s
2025-12-03 18:23:49,755 RW - vertex 1148. Time : 0.0s
2025-12-03 18:23:49,755 RW - vertex 2513. Time : 0.0s
2025-12-03 18:23:49,756 RW - vertex 278. Time : 0.0s
2025-12-03 18:23:49,756 RW - vertex 487. Time : 0.0s
2025-12-03 18:23:49,756 RW - vertex 617. Time : 0.0s
2025-12-03 18:23:49,756 RW - vertex 2544. Time : 0.0s
2025-12-03 18:23:49,756 RW - vertex 673. Time : 0.0s
2025-12-03 18:23:49,756 RW - vertex 2697. Time : 0.0s
2025-12-03 18:23:49,756 RW - vertex 2190. Time : 0.0s
2025-12-03 18:23:49,756 RW - vertex 1160. Time : 0.0s
2025-12-03 18:23:49,756 RW - vertex 277. Time : 0.0s
2025-12-03 18:23:49,756 RW - vertex 3089. Time : 0.0s
2025-12-03 18:23:49,756 RW - vertex 596. Time : 0.0s
2025-12-03 18:23:49,756 RW - vertex 798. Time : 0.0s
2025-12-03 18:23:49,757 RW - vertex 2161. Time : 0.0s
2025-12-03 18:23:49,757 RW - vertex 3218. Time : 0.0s
2025-12-03 18:23:49,757 RW - vertex 1675. Time : 0.0s
2025-12-03 18:23:49,757 RW - vertex 3120. Time : 0.0s
2025-12-03 18:23:49,757 RW - vertex 3074. Time : 0.0s
2025-12-03 18:23:49,757 RW - vertex 844. Time : 0.0s
2025-12-03 18:23:49,757 RW - vertex 1949. Time : 0.0s
2025-12-03 18:23:49,757 RW - vertex 1141. Time : 0.0s
2025-12-03 18:23:49,757 RW - vertex 1078. Time : 0.0s
2025-12-03 18:23:49,757 RW - vertex 952. Time : 0.0s
2025-12-03 18:23:49,757 RW - vertex 1857. Time : 0.0s
2025-12-03 18:23:49,758 RW - vertex 2747. Time : 0.0s
2025-12-03 18:23:49,758 RW - vertex 757. Time : 0.0s
2025-12-03 18:23:49,758 RW - vertex 2286. Time : 0.0s
2025-12-03 18:23:49,758 RW - vertex 1537. Time : 0.0s
2025-12-03 18:23:49,758 RW - vertex 3304. Time : 0.0s
2025-12-03 18:23:49,758 RW - vertex 2963. Time : 0.0s
2025-12-03 18:23:49,758 RW - vertex 2103. Time : 0.0s
2025-12-03 18:23:49,758 RW - vertex 3169. Time : 0.0s
2025-12-03 18:23:49,758 RW - vertex 674. Time : 0.0s
2025-12-03 18:23:49,758 RW - vertex 3261. Time : 0.0s
2025-12-03 18:23:49,758 RW - vertex 1704. Time : 0.0s
2025-12-03 18:23:49,758 RW - vertex 291. Time : 0.0s
2025-12-03 18:23:49,759 RW - vertex 2954. Time : 0.0009999275207519531s
2025-12-03 18:23:49,759 RW - vertex 1538. Time : 0.0s
2025-12-03 18:23:49,759 RW - vertex 2086. Time : 0.0s
2025-12-03 18:23:49,759 RW - vertex 1344. Time : 0.0s
2025-12-03 18:23:49,759 RW - vertex 354. Time : 0.0s
2025-12-03 18:23:49,759 RW - vertex 2990. Time : 0.0s
2025-12-03 18:23:49,759 RW - vertex 773. Time : 0.0s
2025-12-03 18:23:49,759 RW - vertex 851. Time : 0.0s
2025-12-03 18:23:49,759 RW - vertex 865. Time : 0.0s
2025-12-03 18:23:49,759 RW - vertex 2741. Time : 0.0s
2025-12-03 18:23:49,759 RW - vertex 2093. Time : 0.0s
2025-12-03 18:23:49,759 RW - vertex 2201. Time : 0.0s
2025-12-03 18:23:49,760 RW - vertex 2616. Time : 0.0s
2025-12-03 18:23:49,760 RW - vertex 2172. Time : 0.0s
2025-12-03 18:23:49,760 RW - vertex 3075. Time : 0.0s
2025-12-03 18:23:49,760 RW - vertex 2429. Time : 0.0s
2025-12-03 18:23:49,760 RW - vertex 1373. Time : 0.0s
2025-12-03 18:23:49,760 RW - vertex 1643. Time : 0.0s
2025-12-03 18:23:49,760 RW - vertex 648. Time : 0.0s
2025-12-03 18:23:49,761 RW - vertex 358. Time : 0.0s
2025-12-03 18:23:49,761 RW - vertex 3246. Time : 0.0s
2025-12-03 18:23:49,761 RW - vertex 2229. Time : 0.0s
2025-12-03 18:23:49,761 RW - vertex 2033. Time : 0.0s
2025-12-03 18:23:49,761 RW - vertex 584. Time : 0.0s
2025-12-03 18:23:49,761 RW - vertex 2249. Time : 0.0s
2025-12-03 18:23:49,761 RW - vertex 1214. Time : 0.0s
2025-12-03 18:23:49,761 RW - vertex 82. Time : 0.0s
2025-12-03 18:23:49,762 RW - vertex 986. Time : 0.0s
2025-12-03 18:23:49,762 RW - vertex 2006. Time : 0.0s
2025-12-03 18:23:49,762 RW - vertex 3152. Time : 0.0s
2025-12-03 18:23:49,762 RW - vertex 399. Time : 0.0s
2025-12-03 18:23:49,762 RW - vertex 3117. Time : 0.0s
2025-12-03 18:23:49,762 RW - vertex 2095. Time : 0.0s
2025-12-03 18:23:49,762 RW - vertex 1563. Time : 0.0s
2025-12-03 18:23:49,762 RW - vertex 2728. Time : 0.0s
2025-12-03 18:23:49,762 RW - vertex 776. Time : 0.0s
2025-12-03 18:23:49,762 RW - vertex 1313. Time : 0.0s
2025-12-03 18:23:49,763 RW - vertex 442. Time : 0.0s
2025-12-03 18:23:49,763 RW - vertex 819. Time : 0.0s
2025-12-03 18:23:49,763 RW - vertex 160. Time : 0.0s
2025-12-03 18:23:49,763 RW - vertex 1390. Time : 0.0s
2025-12-03 18:23:49,763 RW - vertex 2653. Time : 0.0s
2025-12-03 18:23:49,763 RW - vertex 2405. Time : 0.0s
2025-12-03 18:23:49,763 RW - vertex 1869. Time : 0.0s
2025-12-03 18:23:49,763 RW - vertex 420. Time : 0.0s
2025-12-03 18:23:49,764 RW - vertex 2153. Time : 0.0s
2025-12-03 18:23:49,764 RW - vertex 2359. Time : 0.0s
2025-12-03 18:23:49,764 RW - vertex 2729. Time : 0.0s
2025-12-03 18:23:49,764 RW - vertex 1665. Time : 0.0s
2025-12-03 18:23:49,764 RW - vertex 606. Time : 0.0s
2025-12-03 18:23:49,764 RW - vertex 2768. Time : 0.0s
2025-12-03 18:23:49,764 RW - vertex 2997. Time : 0.0s
2025-12-03 18:23:49,764 RW - vertex 3063. Time : 0.0s
2025-12-03 18:23:49,764 RW - vertex 708. Time : 0.0s
2025-12-03 18:23:49,765 RW - vertex 3069. Time : 0.0s
2025-12-03 18:23:49,765 RW - vertex 1100. Time : 0.0s
2025-12-03 18:23:49,765 RW - vertex 3235. Time : 0.0s
2025-12-03 18:23:49,765 RW - vertex 692. Time : 0.0s
2025-12-03 18:23:49,765 RW - vertex 1705. Time : 0.0s
2025-12-03 18:23:49,765 RW - vertex 3184. Time : 0.0s
2025-12-03 18:23:49,765 RW - vertex 247. Time : 0.0s
2025-12-03 18:23:49,765 RW - vertex 1232. Time : 0.0s
2025-12-03 18:23:49,765 RW - vertex 2665. Time : 0.0s
2025-12-03 18:23:49,766 RW - vertex 1272. Time : 0.0s
2025-12-03 18:23:49,766 RW - vertex 1137. Time : 0.0s
2025-12-03 18:23:49,766 RW - vertex 2378. Time : 0.0s
2025-12-03 18:23:49,766 RW - vertex 1853. Time : 0.0s
2025-12-03 18:23:49,766 RW - vertex 629. Time : 0.0s
2025-12-03 18:23:49,766 RW - vertex 388. Time : 0.0s
2025-12-03 18:23:49,766 RW - vertex 29. Time : 0.0s
2025-12-03 18:23:49,766 RW - vertex 2756. Time : 0.0s
2025-12-03 18:23:49,767 RW - vertex 197. Time : 0.0009961128234863281s
2025-12-03 18:23:49,767 RW - vertex 940. Time : 0.0s
2025-12-03 18:23:49,767 RW - vertex 1136. Time : 0.0s
2025-12-03 18:23:49,767 RW - vertex 2327. Time : 0.0s
2025-12-03 18:23:49,767 RW - vertex 671. Time : 0.0s
2025-12-03 18:23:49,767 RW - vertex 1169. Time : 0.0s
2025-12-03 18:23:49,767 RW - vertex 3011. Time : 0.0s
2025-12-03 18:23:49,767 RW - vertex 492. Time : 0.0s
2025-12-03 18:23:49,767 RW - vertex 1073. Time : 0.0s
2025-12-03 18:23:49,768 RW - vertex 1043. Time : 0.0s
2025-12-03 18:23:49,768 RW - vertex 1882. Time : 0.0s
2025-12-03 18:23:49,768 RW - vertex 2230. Time : 0.0s
2025-12-03 18:23:49,768 RW - vertex 601. Time : 0.0s
2025-12-03 18:23:49,768 RW - vertex 1474. Time : 0.0s
2025-12-03 18:23:49,768 RW - vertex 72. Time : 0.0s
2025-12-03 18:23:49,768 RW - vertex 3083. Time : 0.0s
2025-12-03 18:23:49,769 RW - vertex 2685. Time : 0.0010006427764892578s
2025-12-03 18:23:49,769 RW - vertex 3125. Time : 0.0s
2025-12-03 18:23:49,769 RW - vertex 1813. Time : 0.0s
2025-12-03 18:23:49,769 RW - vertex 2988. Time : 0.0s
2025-12-03 18:23:49,769 RW - vertex 878. Time : 0.0s
2025-12-03 18:23:49,769 RW - vertex 1288. Time : 0.0s
2025-12-03 18:23:49,769 RW - vertex 3066. Time : 0.0s
2025-12-03 18:23:49,769 RW - vertex 2612. Time : 0.0s
2025-12-03 18:23:49,769 RW - vertex 1439. Time : 0.0s
2025-12-03 18:23:49,769 RW - vertex 2280. Time : 0.0s
2025-12-03 18:23:49,769 RW - vertex 2183. Time : 0.0s
2025-12-03 18:23:49,769 RW - vertex 1492. Time : 0.0s
2025-12-03 18:23:49,770 RW - vertex 2836. Time : 0.0s
2025-12-03 18:23:49,770 RW - vertex 2600. Time : 0.0s
2025-12-03 18:23:49,770 RW - vertex 3009. Time : 0.0s
2025-12-03 18:23:49,770 RW - vertex 946. Time : 0.0s
2025-12-03 18:23:49,770 RW - vertex 1830. Time : 0.0s
2025-12-03 18:23:49,770 RW - vertex 2874. Time : 0.0s
2025-12-03 18:23:49,770 RW - vertex 1801. Time : 0.0s
2025-12-03 18:23:49,770 RW - vertex 890. Time : 0.0s
2025-12-03 18:23:49,770 RW - vertex 1695. Time : 0.0s
2025-12-03 18:23:49,770 RW - vertex 557. Time : 0.0s
2025-12-03 18:23:49,770 RW - vertex 2179. Time : 0.0s
2025-12-03 18:23:49,771 RW - vertex 1915. Time : 0.0s
2025-12-03 18:23:49,771 RW - vertex 2293. Time : 0.0s
2025-12-03 18:23:49,771 RW - vertex 162. Time : 0.0s
2025-12-03 18:23:49,771 RW - vertex 1462. Time : 0.0s
2025-12-03 18:23:49,771 RW - vertex 1756. Time : 0.0s
2025-12-03 18:23:49,771 RW - vertex 840. Time : 0.0s
2025-12-03 18:23:49,771 RW - vertex 1261. Time : 0.0s
2025-12-03 18:23:49,771 RW - vertex 2113. Time : 0.0s
2025-12-03 18:23:49,771 RW - vertex 896. Time : 0.0s
2025-12-03 18:23:49,772 RW - vertex 1376. Time : 0.0010006427764892578s
2025-12-03 18:23:49,772 RW - vertex 944. Time : 0.0s
2025-12-03 18:23:49,772 RW - vertex 2371. Time : 0.0s
2025-12-03 18:23:49,772 RW - vertex 1655. Time : 0.0s
2025-12-03 18:23:49,772 RW - vertex 171. Time : 0.0s
2025-12-03 18:23:49,772 RW - vertex 3044. Time : 0.0s
2025-12-03 18:23:49,772 RW - vertex 505. Time : 0.0s
2025-12-03 18:23:49,772 RW - vertex 2315. Time : 0.0s
2025-12-03 18:23:49,773 RW - vertex 2629. Time : 0.0009996891021728516s
2025-12-03 18:23:49,773 RW - vertex 1820. Time : 0.0s
2025-12-03 18:23:49,773 RW - vertex 198. Time : 0.0s
2025-12-03 18:23:49,773 RW - vertex 2719. Time : 0.0s
2025-12-03 18:23:49,773 RW - vertex 1875. Time : 0.0s
2025-12-03 18:23:49,773 RW - vertex 1134. Time : 0.0s
2025-12-03 18:23:49,773 RW - vertex 563. Time : 0.0s
2025-12-03 18:23:49,773 RW - vertex 191. Time : 0.0s
2025-12-03 18:23:49,773 RW - vertex 1919. Time : 0.0s
2025-12-03 18:23:49,774 RW - vertex 1703. Time : 0.0009984970092773438s
2025-12-03 18:23:49,774 RW - vertex 1821. Time : 0.0s
2025-12-03 18:23:49,774 RW - vertex 581. Time : 0.0s
2025-12-03 18:23:49,774 RW - vertex 2171. Time : 0.0s
2025-12-03 18:23:49,774 RW - vertex 284. Time : 0.0s
2025-12-03 18:23:49,774 RW - vertex 1082. Time : 0.0s
2025-12-03 18:23:49,774 RW - vertex 479. Time : 0.0s
2025-12-03 18:23:49,774 RW - vertex 1164. Time : 0.0s
2025-12-03 18:23:49,774 RW - vertex 1121. Time : 0.0s
2025-12-03 18:23:49,774 RW - vertex 1904. Time : 0.0s
2025-12-03 18:23:49,774 RW - vertex 633. Time : 0.0s
2025-12-03 18:23:49,775 RW - vertex 990. Time : 0.0s
2025-12-03 18:23:49,775 RW - vertex 994. Time : 0.0s
2025-12-03 18:23:49,775 RW - vertex 2884. Time : 0.0s
2025-12-03 18:23:49,776 RW - vertex 1786. Time : 0.0s
2025-12-03 18:23:49,776 RW - vertex 846. Time : 0.0s
2025-12-03 18:23:49,776 RW - vertex 2046. Time : 0.0s
2025-12-03 18:23:49,776 RW - vertex 2417. Time : 0.0s
2025-12-03 18:23:49,776 RW - vertex 2898. Time : 0.0s
2025-12-03 18:23:49,776 RW - vertex 1883. Time : 0.0s
2025-12-03 18:23:49,776 RW - vertex 1176. Time : 0.0s
2025-12-03 18:23:49,776 RW - vertex 1872. Time : 0.0s
2025-12-03 18:23:49,777 RW - vertex 2348. Time : 0.0s
2025-12-03 18:23:49,777 RW - vertex 2995. Time : 0.0s
2025-12-03 18:23:49,777 RW - vertex 257. Time : 0.0s
2025-12-03 18:23:49,777 RW - vertex 2100. Time : 0.0s
2025-12-03 18:23:49,777 RW - vertex 760. Time : 0.0s
2025-12-03 18:23:49,777 RW - vertex 2038. Time : 0.0s
2025-12-03 18:23:49,777 RW - vertex 2594. Time : 0.0s
2025-12-03 18:23:49,778 RW - vertex 558. Time : 0.0s
2025-12-03 18:23:49,778 RW - vertex 914. Time : 0.0s
2025-12-03 18:23:49,778 RW - vertex 2173. Time : 0.0s
2025-12-03 18:23:49,778 RW - vertex 1388. Time : 0.0s
2025-12-03 18:23:49,778 RW - vertex 2409. Time : 0.0s
2025-12-03 18:23:49,778 RW - vertex 2622. Time : 0.0s
2025-12-03 18:23:49,778 RW - vertex 2651. Time : 0.0s
2025-12-03 18:23:49,778 RW - vertex 2410. Time : 0.0s
2025-12-03 18:23:49,778 RW - vertex 302. Time : 0.0s
2025-12-03 18:23:49,779 RW - vertex 113. Time : 0.0010001659393310547s
2025-12-03 18:23:49,779 RW - vertex 2127. Time : 0.0s
2025-12-03 18:23:49,779 RW - vertex 559. Time : 0.0s
2025-12-03 18:23:49,779 RW - vertex 1845. Time : 0.0s
2025-12-03 18:23:49,779 RW - vertex 1205. Time : 0.0s
2025-12-03 18:23:49,779 RW - vertex 186. Time : 0.0s
2025-12-03 18:23:49,779 RW - vertex 2137. Time : 0.0s
2025-12-03 18:23:49,779 RW - vertex 900. Time : 0.0s
2025-12-03 18:23:49,779 RW - vertex 801. Time : 0.0s
2025-12-03 18:23:49,780 RW - vertex 1667. Time : 0.0009999275207519531s
2025-12-03 18:23:49,780 RW - vertex 1878. Time : 0.0s
2025-12-03 18:23:49,780 RW - vertex 709. Time : 0.0s
2025-12-03 18:23:49,780 RW - vertex 1545. Time : 0.0s
2025-12-03 18:23:49,780 RW - vertex 2039. Time : 0.0s
2025-12-03 18:23:49,780 RW - vertex 3062. Time : 0.0s
2025-12-03 18:23:49,780 RW - vertex 759. Time : 0.0s
2025-12-03 18:23:49,780 RW - vertex 3059. Time : 0.0s
2025-12-03 18:23:49,780 RW - vertex 720. Time : 0.0s
2025-12-03 18:23:49,781 RW - vertex 749. Time : 0.0s
2025-12-03 18:23:49,781 RW - vertex 31. Time : 0.0s
2025-12-03 18:23:49,781 RW - vertex 3249. Time : 0.0s
2025-12-03 18:23:49,781 RW - vertex 115. Time : 0.0s
2025-12-03 18:23:49,781 RW - vertex 972. Time : 0.0s
2025-12-03 18:23:49,781 RW - vertex 1831. Time : 0.0s
2025-12-03 18:23:49,781 RW - vertex 1289. Time : 0.0s
2025-12-03 18:23:49,781 RW - vertex 744. Time : 0.0s
2025-12-03 18:23:49,781 RW - vertex 1438. Time : 0.0s
2025-12-03 18:23:49,781 RW - vertex 624. Time : 0.0s
2025-12-03 18:23:49,782 RW - vertex 1117. Time : 0.0s
2025-12-03 18:23:49,782 RW - vertex 2258. Time : 0.0s
2025-12-03 18:23:49,782 RW - vertex 1511. Time : 0.0s
2025-12-03 18:23:49,782 RW - vertex 1918. Time : 0.0s
2025-12-03 18:23:49,782 RW - vertex 2678. Time : 0.0s
2025-12-03 18:23:49,782 RW - vertex 2649. Time : 0.0s
2025-12-03 18:23:49,782 RW - vertex 894. Time : 0.0s
2025-12-03 18:23:49,782 RW - vertex 2656. Time : 0.0s
2025-12-03 18:23:49,782 RW - vertex 1653. Time : 0.0s
2025-12-03 18:23:49,783 RW - vertex 264. Time : 0.0010001659393310547s
2025-12-03 18:23:49,783 RW - vertex 2447. Time : 0.0s
2025-12-03 18:23:49,783 RW - vertex 2049. Time : 0.0s
2025-12-03 18:23:49,783 RW - vertex 1381. Time : 0.0s
2025-12-03 18:23:49,783 RW - vertex 1783. Time : 0.0s
2025-12-03 18:23:49,783 RW - vertex 2808. Time : 0.0s
2025-12-03 18:23:49,783 RW - vertex 1417. Time : 0.0s
2025-12-03 18:23:49,783 RW - vertex 676. Time : 0.0s
2025-12-03 18:23:49,783 RW - vertex 1696. Time : 0.0s
2025-12-03 18:23:49,783 RW - vertex 1580. Time : 0.0s
2025-12-03 18:23:49,784 RW - vertex 2911. Time : 0.0s
2025-12-03 18:23:49,784 RW - vertex 1284. Time : 0.0s
2025-12-03 18:23:49,784 RW - vertex 544. Time : 0.0s
2025-12-03 18:23:49,784 RW - vertex 1670. Time : 0.0s
2025-12-03 18:23:49,784 RW - vertex 1104. Time : 0.0s
2025-12-03 18:23:49,784 RW - vertex 2536. Time : 0.0s
2025-12-03 18:23:49,784 RW - vertex 1876. Time : 0.0s
2025-12-03 18:23:49,784 RW - vertex 6. Time : 0.0s
2025-12-03 18:23:49,784 RW - vertex 1393. Time : 0.0s
2025-12-03 18:23:49,785 RW - vertex 1731. Time : 0.0010001659393310547s
2025-12-03 18:23:49,785 RW - vertex 258. Time : 0.0s
2025-12-03 18:23:49,785 RW - vertex 838. Time : 0.0s
2025-12-03 18:23:49,785 RW - vertex 2299. Time : 0.0s
2025-12-03 18:23:49,785 RW - vertex 1973. Time : 0.0s
2025-12-03 18:23:49,785 RW - vertex 346. Time : 0.0s
2025-12-03 18:23:49,785 RW - vertex 521. Time : 0.0s
2025-12-03 18:23:49,785 RW - vertex 968. Time : 0.0s
2025-12-03 18:23:49,786 RW - vertex 2024. Time : 0.0s
2025-12-03 18:23:49,786 RW - vertex 1672. Time : 0.0s
2025-12-03 18:23:49,786 RW - vertex 2431. Time : 0.0s
2025-12-03 18:23:49,786 RW - vertex 118. Time : 0.0s
2025-12-03 18:23:49,786 RW - vertex 1473. Time : 0.0s
2025-12-03 18:23:49,786 RW - vertex 3119. Time : 0.0s
2025-12-03 18:23:49,786 RW - vertex 449. Time : 0.0s
2025-12-03 18:23:49,786 RW - vertex 1418. Time : 0.0s
2025-12-03 18:23:49,786 RW - vertex 24. Time : 0.0s
2025-12-03 18:23:49,787 RW - vertex 2182. Time : 0.0s
2025-12-03 18:23:49,787 RW - vertex 1679. Time : 0.0s
2025-12-03 18:23:49,787 RW - vertex 907. Time : 0.0s
2025-12-03 18:23:49,787 RW - vertex 729. Time : 0.0s
2025-12-03 18:23:49,787 RW - vertex 2857. Time : 0.0s
2025-12-03 18:23:49,787 RW - vertex 2005. Time : 0.0s
2025-12-03 18:23:49,787 RW - vertex 2852. Time : 0.0s
2025-12-03 18:23:49,787 RW - vertex 1824. Time : 0.0s
2025-12-03 18:23:49,788 RW - vertex 2712. Time : 0.0010085105895996094s
2025-12-03 18:23:49,788 RW - vertex 1514. Time : 0.0s
2025-12-03 18:23:49,788 RW - vertex 2108. Time : 0.0s
2025-12-03 18:23:49,788 RW - vertex 2936. Time : 0.0s
2025-12-03 18:23:49,788 RW - vertex 2459. Time : 0.0s
2025-12-03 18:23:49,788 RW - vertex 2617. Time : 0.0s
2025-12-03 18:23:49,788 RW - vertex 1989. Time : 0.0s
2025-12-03 18:23:49,788 RW - vertex 2994. Time : 0.0s
2025-12-03 18:23:49,788 RW - vertex 2388. Time : 0.0s
2025-12-03 18:23:49,788 RW - vertex 696. Time : 0.0s
2025-12-03 18:23:49,789 RW - vertex 1776. Time : 0.0009908676147460938s
2025-12-03 18:23:49,789 RW - vertex 1451. Time : 0.0s
2025-12-03 18:23:49,789 RW - vertex 642. Time : 0.0s
2025-12-03 18:23:49,789 RW - vertex 2939. Time : 0.0s
2025-12-03 18:23:49,789 RW - vertex 22. Time : 0.0s
2025-12-03 18:23:49,789 RW - vertex 1155. Time : 0.0s
2025-12-03 18:23:49,789 RW - vertex 934. Time : 0.0s
2025-12-03 18:23:49,789 RW - vertex 344. Time : 0.0s
2025-12-03 18:23:49,789 RW - vertex 3021. Time : 0.0s
2025-12-03 18:23:49,789 RW - vertex 662. Time : 0.0s
2025-12-03 18:23:49,790 RW - vertex 1017. Time : 0.0s
2025-12-03 18:23:49,790 RW - vertex 1036. Time : 0.0s
2025-12-03 18:23:49,790 RW - vertex 3275. Time : 0.0s
2025-12-03 18:23:49,790 RW - vertex 2631. Time : 0.0s
2025-12-03 18:23:49,790 RW - vertex 3175. Time : 0.0s
2025-12-03 18:23:49,790 RW - vertex 1579. Time : 0.0s
2025-12-03 18:23:49,790 RW - vertex 2593. Time : 0.0s
2025-12-03 18:23:49,790 RW - vertex 1717. Time : 0.0s
2025-12-03 18:23:49,790 RW - vertex 246. Time : 0.0s
2025-12-03 18:23:49,791 RW - vertex 1886. Time : 0.0010004043579101562s
2025-12-03 18:23:49,791 RW - vertex 3194. Time : 0.0s
2025-12-03 18:23:49,791 RW - vertex 2602. Time : 0.0s
2025-12-03 18:23:49,791 RW - vertex 2829. Time : 0.0s
2025-12-03 18:23:49,791 RW - vertex 1958. Time : 0.0s
2025-12-03 18:23:49,791 RW - vertex 746. Time : 0.0s
2025-12-03 18:23:49,791 RW - vertex 2595. Time : 0.0s
2025-12-03 18:23:49,791 RW - vertex 2662. Time : 0.0s
2025-12-03 18:23:49,791 RW - vertex 2158. Time : 0.0s
2025-12-03 18:23:49,792 RW - vertex 2770. Time : 0.0s
2025-12-03 18:23:49,792 RW - vertex 2306. Time : 0.0s
2025-12-03 18:23:49,792 RW - vertex 2414. Time : 0.0s
2025-12-03 18:23:49,792 RW - vertex 989. Time : 0.0s
2025-12-03 18:23:49,792 RW - vertex 2245. Time : 0.0s
2025-12-03 18:23:49,792 RW - vertex 1055. Time : 0.0s
2025-12-03 18:23:49,792 RW - vertex 3025. Time : 0.0s
2025-12-03 18:23:49,792 RW - vertex 2608. Time : 0.0s
2025-12-03 18:23:49,793 RW - vertex 2558. Time : 0.0s
2025-12-03 18:23:49,793 RW - vertex 526. Time : 0.0s
2025-12-03 18:23:49,793 RW - vertex 3216. Time : 0.0s
2025-12-03 18:23:49,793 RW - vertex 2510. Time : 0.0s
2025-12-03 18:23:49,793 RW - vertex 1263. Time : 0.0s
2025-12-03 18:23:49,793 RW - vertex 2261. Time : 0.0s
2025-12-03 18:23:49,793 RW - vertex 1867. Time : 0.0s
2025-12-03 18:23:49,793 RW - vertex 587. Time : 0.0s
2025-12-03 18:23:49,793 RW - vertex 3164. Time : 0.0s
2025-12-03 18:23:49,793 RW - vertex 1651. Time : 0.0s
2025-12-03 18:23:49,794 RW - vertex 2562. Time : 0.0s
2025-12-03 18:23:49,794 RW - vertex 3277. Time : 0.0s
2025-12-03 18:23:49,794 RW - vertex 3076. Time : 0.0s
2025-12-03 18:23:49,794 RW - vertex 2632. Time : 0.0s
2025-12-03 18:23:49,794 RW - vertex 1720. Time : 0.0s
2025-12-03 18:23:49,794 RW - vertex 2937. Time : 0.0s
2025-12-03 18:23:49,794 RW - vertex 1452. Time : 0.0s
2025-12-03 18:23:49,794 RW - vertex 1483. Time : 0.0s
2025-12-03 18:23:49,794 RW - vertex 1294. Time : 0.0s
2025-12-03 18:23:49,794 RW - vertex 1557. Time : 0.0s
2025-12-03 18:23:49,794 RW - vertex 2492. Time : 0.0s
2025-12-03 18:23:49,795 RW - vertex 2959. Time : 0.0s
2025-12-03 18:23:49,795 RW - vertex 2831. Time : 0.0s
2025-12-03 18:23:49,795 RW - vertex 2031. Time : 0.0s
2025-12-03 18:23:49,795 RW - vertex 2212. Time : 0.0s
2025-12-03 18:23:49,795 RW - vertex 1535. Time : 0.0s
2025-12-03 18:23:49,795 RW - vertex 582. Time : 0.0s
2025-12-03 18:23:49,795 RW - vertex 2482. Time : 0.0s
2025-12-03 18:23:49,795 RW - vertex 752. Time : 0.0s
2025-12-03 18:23:49,796 RW - vertex 2228. Time : 0.000989675521850586s
2025-12-03 18:23:49,796 RW - vertex 2305. Time : 0.0s
2025-12-03 18:23:49,796 RW - vertex 766. Time : 0.0s
2025-12-03 18:23:49,796 RW - vertex 149. Time : 0.0s
2025-12-03 18:23:49,796 RW - vertex 2056. Time : 0.0s
2025-12-03 18:23:49,796 RW - vertex 3202. Time : 0.0s
2025-12-03 18:23:49,796 RW - vertex 1780. Time : 0.0s
2025-12-03 18:23:49,796 RW - vertex 1367. Time : 0.0s
2025-12-03 18:23:49,796 RW - vertex 2822. Time : 0.0s
2025-12-03 18:23:49,796 RW - vertex 253. Time : 0.0s
2025-12-03 18:23:49,796 RW - vertex 2187. Time : 0.0s
2025-12-03 18:23:49,797 RW - vertex 395. Time : 0.0s
2025-12-03 18:23:49,797 RW - vertex 2323. Time : 0.0s
2025-12-03 18:23:49,797 RW - vertex 3163. Time : 0.0s
2025-12-03 18:23:49,797 RW - vertex 715. Time : 0.0s
2025-12-03 18:23:49,797 RW - vertex 1543. Time : 0.0s
2025-12-03 18:23:49,797 RW - vertex 231. Time : 0.0s
2025-12-03 18:23:49,797 RW - vertex 1709. Time : 0.0s
2025-12-03 18:23:49,797 RW - vertex 364. Time : 0.0s
2025-12-03 18:23:49,797 RW - vertex 2416. Time : 0.0s
2025-12-03 18:23:49,798 RW - vertex 655. Time : 0.00099945068359375s
2025-12-03 18:23:49,798 RW - vertex 992. Time : 0.0s
2025-12-03 18:23:49,798 RW - vertex 1109. Time : 0.0s
2025-12-03 18:23:49,798 RW - vertex 2828. Time : 0.0s
2025-12-03 18:23:49,798 RW - vertex 3019. Time : 0.0s
2025-12-03 18:23:49,798 RW - vertex 386. Time : 0.0s
2025-12-03 18:23:49,798 RW - vertex 337. Time : 0.0s
2025-12-03 18:23:49,798 RW - vertex 2655. Time : 0.0s
2025-12-03 18:23:49,798 RW - vertex 42. Time : 0.0s
2025-12-03 18:23:49,799 RW - vertex 2290. Time : 0.0009996891021728516s
2025-12-03 18:23:49,799 RW - vertex 2152. Time : 0.0s
2025-12-03 18:23:49,799 RW - vertex 1056. Time : 0.0s
2025-12-03 18:23:49,799 RW - vertex 1749. Time : 0.0s
2025-12-03 18:23:49,799 RW - vertex 980. Time : 0.0s
2025-12-03 18:23:49,799 RW - vertex 2889. Time : 0.0s
2025-12-03 18:23:49,799 RW - vertex 924. Time : 0.0s
2025-12-03 18:23:49,799 RW - vertex 2974. Time : 0.0s
2025-12-03 18:23:49,799 RW - vertex 714. Time : 0.0s
2025-12-03 18:23:49,800 RW - vertex 2966. Time : 0.0010001659393310547s
2025-12-03 18:23:49,800 RW - vertex 2356. Time : 0.0s
2025-12-03 18:23:49,800 RW - vertex 1083. Time : 0.0s
2025-12-03 18:23:49,800 RW - vertex 274. Time : 0.0s
2025-12-03 18:23:49,800 RW - vertex 697. Time : 0.0s
2025-12-03 18:23:49,800 RW - vertex 2750. Time : 0.0s
2025-12-03 18:23:49,800 RW - vertex 1540. Time : 0.0s
2025-12-03 18:23:49,800 RW - vertex 2040. Time : 0.0s
2025-12-03 18:23:49,800 RW - vertex 682. Time : 0.0s
2025-12-03 18:23:49,800 RW - vertex 1673. Time : 0.0s
2025-12-03 18:23:49,801 RW - vertex 1268. Time : 0.0010001659393310547s
2025-12-03 18:23:49,801 RW - vertex 184. Time : 0.0s
2025-12-03 18:23:49,801 RW - vertex 2160. Time : 0.0s
2025-12-03 18:23:49,801 RW - vertex 482. Time : 0.0s
2025-12-03 18:23:49,801 RW - vertex 2744. Time : 0.0s
2025-12-03 18:23:49,801 RW - vertex 66. Time : 0.0s
2025-12-03 18:23:49,801 RW - vertex 2958. Time : 0.0s
2025-12-03 18:23:49,801 RW - vertex 2752. Time : 0.0s
2025-12-03 18:23:49,801 RW - vertex 1250. Time : 0.0s
2025-12-03 18:23:49,801 RW - vertex 1708. Time : 0.0s
2025-12-03 18:23:49,802 RW - vertex 3086. Time : 0.0009999275207519531s
2025-12-03 18:23:49,802 RW - vertex 3146. Time : 0.0s
2025-12-03 18:23:49,802 RW - vertex 1466. Time : 0.0s
2025-12-03 18:23:49,802 RW - vertex 782. Time : 0.0s
2025-12-03 18:23:49,802 RW - vertex 1896. Time : 0.0s
2025-12-03 18:23:49,802 RW - vertex 1691. Time : 0.0s
2025-12-03 18:23:49,802 RW - vertex 1854. Time : 0.0s
2025-12-03 18:23:49,802 RW - vertex 915. Time : 0.0s
2025-12-03 18:23:49,802 RW - vertex 3225. Time : 0.0s
2025-12-03 18:23:49,802 RW - vertex 793. Time : 0.0s
2025-12-03 18:23:49,803 RW - vertex 849. Time : 0.0s
2025-12-03 18:23:49,803 RW - vertex 1156. Time : 0.0s
2025-12-03 18:23:49,803 RW - vertex 858. Time : 0.0s
2025-12-03 18:23:49,803 RW - vertex 3236. Time : 0.0s
2025-12-03 18:23:49,803 RW - vertex 3077. Time : 0.0s
2025-12-03 18:23:49,803 RW - vertex 1646. Time : 0.0s
2025-12-03 18:23:49,803 RW - vertex 351. Time : 0.0s
2025-12-03 18:23:49,804 RW - vertex 2434. Time : 0.0s
