1383 32
884 1.0598825 -1.3036071 0.6618119 -0.67494065 0.49685585 -1.0880867 -0.46992952 1.239967 -1.0860434 1.2300406 0.2428681 -0.77571 0.02302659 0.6559741 0.59630316 -0.44298777 -1.2338562 0.13400148 0.7891745 -0.34353092 0.66137326 -1.2811162 -1.9006222 0.18416044 -0.09339869 1.0920705 -0.60358715 0.092589915 -0.07927931 -0.27904636 -0.80215514 -0.28199998
885 1.0597472 -1.3316354 0.6878934 -0.70549965 0.49422058 -1.1152086 -0.4743566 1.2422085 -1.0852065 1.2599326 0.20845623 -0.78618973 -0.002032865 0.68515015 0.6068116 -0.44943088 -1.2530663 0.13046928 0.7859724 -0.35482335 0.64365685 -1.2894782 -1.9099722 0.19627231 -0.09216703 1.075295 -0.6168688 0.094706036 -0.07793709 -0.26655138 -0.82121575 -0.25481713
160 -1.0591657 0.43680814 1.1326646 -0.36211386 0.22873831 0.06286176 0.8536829 -0.26677594 0.46274742 0.43222132 -0.10841371 0.3920059 0.20292781 0.4851802 1.0602856 0.9710615 -1.9639876 0.51106614 0.028856812 0.14929277 -0.55540025 -0.75309193 -1.6343789 -0.3771127 -0.26783082 0.27005672 -0.20096539 0.9316022 0.18618208 0.09423382 0.15793803 -0.29681104
88 -1.0735471 -1.2001283 0.025609579 1.0538372 1.1397122 0.1367137 -1.5052829 0.31258658 -0.24299248 0.53414404 -0.9383988 -0.9737674 -0.28154168 0.7924002 0.4883977 0.28336173 -1.3880634 0.5770927 -0.13785788 0.82644546 -0.18861926 0.59176785 -0.21734087 -0.58645105 0.52607995 0.25653523 -0.15545598 0.062453873 -0.62443143 0.7107492 -0.00734209 -1.3022348
87 -1.0774872 -1.1874847 0.02395558 1.0770371 1.1340239 0.113412 -1.5079291 0.26686835 -0.22335511 0.5077338 -0.91237754 -0.9153875 -0.2782747 0.7887761 0.48147756 0.28930187 -1.3803133 0.5786899 -0.1553724 0.7895936 -0.1976829 0.5797763 -0.21611264 -0.5549566 0.53103757 0.2472138 -0.164229 0.0859737 -0.622345 0.6932411 -0.027930794 -1.3113554
86 -1.0980185 -1.2051396 -0.0033260456 1.0579474 1.1379429 0.14273755 -1.48161 0.30474252 -0.2361959 0.52743024 -0.9197459 -0.93745774 -0.28686997 0.79285264 0.4826083 0.31574 -1.3821174 0.5685469 -0.16511494 0.80492604 -0.1930382 0.59900475 -0.21736585 -0.5948693 0.52460194 0.23195484 -0.16947281 0.08017475 -0.64037526 0.6981166 -0.008324665 -1.3291422
79 -0.32223788 -0.17676169 1.0249058 -0.09590587 0.46965316 -0.681873 0.9760401 0.1948894 0.036034103 0.43600032 -0.14842655 -2.178151 0.9862467 1.2086062 1.2538483 -0.23003183 -1.3362538 0.07352784 -1.0239893 0.34024215 -0.35175672 -0.14253254 0.62428087 1.3217932 -0.40839776 -0.038899355 0.54260373 0.014207011 -0.19049338 -1.2755514 -0.7061722 -0.109233774
101 0.8471046 -1.1008627 0.017922906 0.9015832 1.3468069 0.5809124 0.05882794 0.750589 0.38761652 -0.043739762 0.01267947 -0.2040557 1.0979973 0.5561979 0.7808529 0.7554766 -0.44092748 -0.85917646 -0.6884336 -0.9410651 -0.8356537 -0.7996483 -0.46467644 -0.6868212 0.17546266 0.095506705 -0.45555052 -0.30430093 0.22160657 -0.5624343 -0.12023774 0.014594871
110 0.8347669 -1.0763665 0.014226556 0.91257554 1.3667845 0.5699023 0.04023386 0.7258608 0.38081503 -0.026474806 0.039263207 -0.18625167 1.0721921 0.54196984 0.80999756 0.7591286 -0.44079223 -0.8466021 -0.697538 -0.9376884 -0.8298803 -0.7868949 -0.458996 -0.6933216 0.18995889 0.13096385 -0.45834696 -0.32679197 0.24047872 -0.56547254 -0.12661256 0.031011123
229 -0.04972994 0.80569273 -0.35526866 0.69287103 -0.3121458 -1.6148735 -0.40126032 -0.07937109 -0.84918976 0.031873655 -1.4264978 -1.1726416 0.5932997 -0.10365546 0.6792377 0.8195715 -0.6658995 -0.026202165 -0.025544021 0.53883 -0.52096045 -0.091437116 -0.4967272 -1.1898421 -0.31572276 0.6999291 0.5052616 -0.76101977 0.069328606 -0.4500902 -0.2750325 1.184875
119 0.033921625 -0.934583 0.25939193 0.9539915 0.8603362 0.07468139 -0.39416918 0.8300004 -0.43006554 0.16343376 -0.5900329 -0.35476556 0.01797249 0.85337484 0.86235476 1.1417605 -0.36074838 -1.6830955 -0.87727803 -1.4224072 -1.0792118 -0.7284141 -0.385806 -0.6269823 0.49256974 -0.17375821 -0.5694519 -0.5557855 0.6901349 0.7056671 -0.9085157 0.5083684
120 0.061075084 -0.92045504 0.26857823 0.9895144 0.8519314 0.10322012 -0.37224635 0.8190422 -0.43878502 0.18050766 -0.5878107 -0.34272093 0.009813783 0.8655097 0.85454017 1.1560447 -0.35605097 -1.693029 -0.83888835 -1.4133521 -1.0956947 -0.71574455 -0.38437447 -0.6277732 0.50127953 -0.15247582 -0.5505867 -0.5519439 0.6891534 0.7271778 -0.8965066 0.5272567
98 -0.011577799 0.8145284 -0.31938085 0.7023253 -0.31016278 -1.5766424 -0.40642506 -0.13181368 -0.7977213 0.055196222 -1.401154 -1.1265633 0.61384696 -0.07519938 0.66070366 0.7580023 -0.63025934 -0.01939979 -0.027848115 0.5468317 -0.53016096 -0.12073112 -0.46234378 -1.1265249 -0.30143195 0.70678383 0.4612737 -0.7080179 0.075704336 -0.4540448 -0.26248923 1.1435713
80 -0.34311637 -0.2389596 1.0028286 -0.10644467 0.4245953 -0.6551423 0.9555812 0.20251504 0.053944517 0.43491474 -0.116595656 -2.104818 0.9382172 1.204245 1.2368683 -0.2436393 -1.3614554 0.009636733 -1.0728822 0.3705694 -0.31688628 -0.13624264 0.56960833 1.3008727 -0.4349124 -0.031899884 0.525678 0.019315826 -0.16431957 -1.2870245 -0.7140663 -0.058150165
327 -0.7624462 -0.5693766 0.33568105 0.8370928 2.074325 1.4423848 -1.3720888 0.8024979 -0.38160795 0.06480358 -2.532095 -1.909219 -0.9038349 1.1900408 -0.053205222 0.5107517 -1.8355815 0.29549125 0.57920736 1.2782515 1.3521194 -0.35175237 -0.6483449 -0.62737215 0.4178915 0.35703626 0.31921312 -0.8499574 0.34633857 -0.07202969 0.22682506 -0.4601656
326 -0.7612084 -0.551477 0.27587557 0.8698256 2.100313 1.4469486 -1.3358618 0.8231013 -0.40847403 0.10898946 -2.5756605 -1.9361047 -0.9319195 1.207523 -0.074267805 0.5384525 -1.8597645 0.2843496 0.53317505 1.2789859 1.3841968 -0.38891977 -0.6693644 -0.65818477 0.440481 0.35389802 0.3027343 -0.8862702 0.3216014 -0.060404405 0.2375788 -0.4714737
298 -0.6564182 -0.42132428 0.86146796 0.14174014 -0.36117563 0.8701222 0.6532377 0.12196521 0.7052432 0.70407104 -0.7978628 0.6777182 0.23119827 -0.5610138 1.0617769 1.9372946 -1.4044393 0.4249166 0.09790172 -0.012818622 -0.15117383 -0.46612698 -1.7683369 0.6885626 0.9741816 1.0417798 1.1488034 -0.011642311 0.26848575 -0.26035845 -0.26418516 -0.64284205
299 -0.65754086 -0.44109723 0.89328855 0.1491682 -0.33841032 0.8677046 0.66671723 0.13919039 0.6909328 0.69997054 -0.8137171 0.68490124 0.2377893 -0.5377306 1.0519253 1.9197576 -1.4118638 0.42959446 0.10573043 -0.015170737 -0.15849209 -0.46008462 -1.7715852 0.6976306 0.98102486 1.0768814 1.1675414 -0.014270877 0.2642572 -0.26329172 -0.25347182 -0.6408068
1207 -0.10897771 -0.7708886 1.0309644 -0.8862589 0.3402724 0.9903283 -0.9136205 -0.1610548 0.59116536 2.5236986 -0.2135259 -1.3470168 2.4467263 0.3736082 1.1138273 0.31584367 0.9642446 0.2545178 -0.30706012 0.16730605 1.4962025 -0.5178919 -0.6361552 -0.7930016 0.7182578 -0.20528257 1.704939 0.80647075 0.25193328 0.6885335 -1.3088282 -1.030852
535 1.4735653 -0.13920666 0.68083316 0.8252295 0.047670502 0.4210163 0.56724405 0.26149347 -0.8277093 1.3928571 -0.72077835 0.08419463 -0.8245509 0.8838955 1.3747063 2.3423734 0.08587001 -0.26117682 0.07629183 0.6799169 0.6534393 1.5609409 -0.33244953 -0.19819121 0.31363392 1.1233134 0.55189466 1.08606 -0.73547155 -0.051774748 -1.5022686 -0.51098835
97 0.18145815 -0.518901 0.7530782 0.08789384 -0.32836318 -0.545288 -0.7109404 0.3630822 -0.8313648 0.49654347 -0.6184907 0.22965269 0.5526341 -0.25164482 1.6084284 0.25845137 -0.055824734 0.7776125 -0.07765569 1.0070187 0.17167476 0.7079703 -0.3065137 -0.7693392 -0.8791641 0.53082424 0.36940894 -0.5714087 0.66419756 -0.38773838 0.41166368 0.74982524
305 -1.109627 0.4399635 1.1188209 -0.37238848 0.22786416 0.054425698 0.8562213 -0.29056308 0.49443784 0.43720686 -0.08488969 0.37923032 0.23861635 0.5059316 1.0666468 1.0114514 -1.9980822 0.5028558 0.014865286 0.15551937 -0.59452987 -0.73364955 -1.658662 -0.41673037 -0.26720896 0.2638595 -0.24391727 0.9837454 0.14414045 0.09648784 0.19287522 -0.29538438
26 0.3609447 -0.6963623 0.55578715 0.5247187 1.5354253 -0.06361613 -0.272456 0.24645594 -0.3336196 1.0777 -0.81060994 0.50946236 0.49056366 1.2618629 0.5368332 0.7566183 -0.13758492 -1.3096921 -1.3977597 -0.6391556 -0.98901194 -0.6630421 -0.9587661 -0.25019425 -0.17663863 -0.1273401 -1.0923043 -0.7569533 0.4182467 -0.010120945 -0.49677446 -0.41726613
27 0.36672828 -0.6708045 0.5383984 0.52212346 1.5327843 -0.07268663 -0.27303278 0.2474268 -0.3255831 1.0799538 -0.80224144 0.50410926 0.45824954 1.2636982 0.54802704 0.74082625 -0.112138726 -1.2991087 -1.3643944 -0.63451546 -0.9936931 -0.69824994 -0.9780848 -0.24975133 -0.17650048 -0.12013357 -1.1141447 -0.7588029 0.42577234 -0.018235136 -0.52606964 -0.4150116
330 -0.6962923 -0.7687274 -0.5185253 1.0175239 1.5449456 0.71764976 0.2260065 0.58059305 -0.13841055 0.2620716 0.17177728 0.41825506 0.45219657 0.09600059 1.5496095 0.0049265274 -0.2017579 -0.4031615 -1.2214301 -0.20350458 0.18132974 -0.022267014 -0.47270423 -0.74130106 -0.017915064 1.1210063 -1.0071144 -0.25231832 0.27494416 0.27958304 -0.7958407 -0.16870949
121 -0.3995725 0.9565921 1.414986 0.29158238 0.18350337 1.1501483 -0.12697433 1.0790374 -0.45301488 0.70380676 -0.21491635 0.2552569 0.5859644 0.040086333 0.78351104 -0.044968724 -1.1071471 -0.017367994 0.7445194 0.06645073 -0.9106632 -0.09452893 -0.32684234 -0.3412291 -0.41265035 0.67585486 0.92939955 0.231485 0.30165392 -0.41252902 -0.52017283 -0.93191373
122 -0.40827987 0.93533707 1.435905 0.3492512 0.23286147 1.1309313 -0.12055795 1.0722226 -0.4027679 0.71477956 -0.18887353 0.2236877 0.5694379 0.03250498 0.83080274 -0.050473493 -1.1186187 0.0002249487 0.7517233 0.02124663 -0.92408484 -0.08025821 -0.33773386 -0.34769487 -0.40975508 0.6337573 0.9336273 0.20840643 0.31768215 -0.41621155 -0.54660225 -0.9420108
136 0.30544466 -0.89877504 1.1628674 -0.34860146 -0.37508786 0.33887917 -0.42034006 0.3899837 0.1261403 1.1504002 -0.23332144 -0.13079953 1.3829001 0.39509314 0.7297936 0.23280579 -1.1668243 -0.06919075 -1.6720278 -0.16842712 0.4936603 -0.15916587 1.2814912 -0.2856386 -0.08567428 1.4426702 0.66856396 -0.18486358 -0.6834748 -0.5226389 0.05480433 -0.11331117
790 0.14326832 0.06820987 -1.0859002 -1.3059218 0.85340047 0.16380689 -1.7062188 1.1779928 -0.2838086 0.9237144 -1.249987 1.4403566 0.59344834 -0.23541284 1.9913564 0.8514092 -1.5052931 -0.46309838 0.3361278 -0.040723417 -0.4836493 -1.1759762 1.1272024 0.38493568 -0.30342892 -0.17956077 -0.122097194 1.052484 -0.9130346 0.5306297 -0.062198278 -0.032040246
137 0.33817548 -0.89569205 1.130313 -0.34052452 -0.3613749 0.30278793 -0.37759212 0.39431342 0.141743 1.172275 -0.2675391 -0.123208 1.3404008 0.4116538 0.77048707 0.21634777 -1.1771365 -0.043642342 -1.7119443 -0.1496155 0.51773065 -0.16414866 1.3067324 -0.2606934 -0.09919173 1.464102 0.6918407 -0.20502776 -0.67298657 -0.49020162 0.02078579 -0.11525914
138 0.33322108 -0.9083692 1.124618 -0.33911958 -0.38088349 0.37728065 -0.41320527 0.4284489 0.12096168 1.1824557 -0.2405369 -0.09886072 1.3988093 0.42888817 0.76508033 0.2021802 -1.1608257 -0.06445744 -1.6585867 -0.17866749 0.45304844 -0.16859876 1.3142921 -0.27623725 -0.11995855 1.4407543 0.67265207 -0.21823715 -0.6587269 -0.51443547 0.03902171 -0.12396412
1206 -0.06782895 -0.7299808 1.0325105 -0.85785973 0.35279888 1.039241 -0.897344 -0.16824687 0.5806547 2.4898932 -0.21160996 -1.359329 2.4212313 0.34289712 1.1294177 0.31839505 0.9337157 0.22002016 -0.3305419 0.16064502 1.5191904 -0.48408625 -0.63641936 -0.8078116 0.70189124 -0.23200896 1.7450551 0.74824166 0.28095695 0.71308684 -1.2709347 -0.99938476
85 -0.4567831 0.9520497 1.4283466 0.25831166 0.16702312 1.1586059 -0.114852786 1.0979196 -0.40589935 0.68309337 -0.17879733 0.20080748 0.5298891 0.03165091 0.852834 -0.07244527 -1.1728276 -0.041230313 0.7650925 0.05462082 -0.8869391 -0.10181019 -0.35643134 -0.3526916 -0.44725475 0.7218217 0.9285716 0.219206 0.3742293 -0.39279124 -0.5577235 -0.89314425
171 0.018499972 -1.1258835 0.38231775 0.14043134 1.377189 0.41241688 0.36261946 -0.20359197 -0.27647778 -0.02873504 -0.91273016 0.11653699 1.0888606 -0.37195596 0.21515484 0.6331972 -0.3781181 -0.3526977 -0.50673205 -0.14776431 -0.24099812 -0.1306982 -0.541908 -0.5696265 -0.2456551 0.15324728 -0.9811808 -0.01471058 0.05696027 -0.22111411 -1.3550628 -0.27310407
176 0.025254376 -1.1083254 0.40252256 0.15636484 1.3728441 0.3997665 0.33459857 -0.19470659 -0.269102 -0.02991709 -0.92297673 0.13026531 1.0734593 -0.3573882 0.21460378 0.62108487 -0.38808963 -0.35196635 -0.5322147 -0.16275203 -0.24644244 -0.14092526 -0.5722256 -0.57211727 -0.25630596 0.14653553 -0.99345297 0.029413339 0.06763105 -0.22735837 -1.3169008 -0.26826322
300 -0.63522106 -0.47481182 0.85753304 0.15600523 -0.37462878 0.9041537 0.65651166 0.11669563 0.72007483 0.7011516 -0.8285695 0.6816155 0.23782587 -0.57101136 1.0884091 1.9830765 -1.4379005 0.44967636 0.08555431 -0.023905652 -0.13189915 -0.4823161 -1.8204606 0.76871264 1.0433526 1.0666904 1.2246768 -0.035597384 0.2913752 -0.27193996 -0.22298282 -0.66912866
533 1.5423484 -0.09265425 0.6685909 0.8568504 0.030942857 0.4752468 0.587762 0.23574562 -0.83448136 1.3999738 -0.6953999 0.046605576 -0.8417651 0.907726 1.37355 2.3606298 0.07217273 -0.34550637 0.07542741 0.71472245 0.72900933 1.5952643 -0.34820753 -0.20868173 0.2722484 1.1832536 0.57948303 1.0438594 -0.67193913 -0.034957934 -1.4791487 -0.5213489
251 -0.024157856 0.31758147 -0.40367633 0.11987034 -0.49904117 -0.6538126 -0.84098816 0.11134515 -1.156652 0.6837562 -0.6509512 -0.76610947 0.87889606 0.47764707 1.137786 1.0695734 0.025451547 0.5558851 0.37065527 0.72001326 -0.6509795 0.49720424 -0.6683974 -0.8598515 0.11666023 0.67066836 -0.13176896 -0.44490397 -0.24270359 -0.35298842 0.5809885 0.6686182
490 -0.7424825 -0.7811321 -0.5546395 1.0362283 1.6270735 0.74040467 0.24004051 0.65025294 -0.17156282 0.29269528 0.1608421 0.5008756 0.4147103 0.09852616 1.634972 -0.033572715 -0.21193618 -0.40638736 -1.3097383 -0.20338298 0.24821304 -0.034319934 -0.47594893 -0.7828493 -0.10527388 1.2035524 -1.0483589 -0.24603055 0.33244908 0.31228358 -0.85074925 -0.18998161
105 0.256228 -0.96321446 0.1788774 0.74812704 0.63895166 0.6410605 0.21469088 -0.04555618 -0.19088745 -0.52947736 -0.37730014 0.10949022 1.0247335 0.69579935 0.80836457 0.076078184 -0.91386884 -1.2230563 -0.5010032 -0.10624769 -0.3925561 -0.70316046 -0.32056218 -0.9626706 0.35544127 -0.42849612 -0.6254642 0.6717147 0.46147922 -0.28758353 -0.6065726 0.6037674
264 1.2177511 -1.3029028 0.79306805 -0.15459488 0.12656139 -0.6773792 0.11165781 0.65567553 -1.1285383 0.551407 0.013408635 -1.2409097 0.7230987 0.5397158 1.1503984 -0.9369731 -1.589326 -0.2747921 0.5773328 0.3169679 0.5695297 -1.7009546 -2.0334084 0.21675256 1.2459779 1.0880725 -0.55314225 0.8715648 -0.6505282 0.26059842 -0.2624246 0.51923984
16 1.294631 -1.3291001 0.8162131 -0.2034874 0.09638593 -0.63575655 0.105857685 0.6779149 -1.1445775 0.52439004 0.030003643 -1.2324169 0.71661687 0.52843666 1.1606889 -0.9001766 -1.5661522 -0.27473047 0.5675294 0.3571314 0.5406541 -1.6502107 -2.000026 0.20219347 1.2236733 1.0614864 -0.5473301 0.8757525 -0.63797975 0.22107954 -0.2255005 0.5421136
158 -1.0928645 0.41654265 1.1190131 -0.36296445 0.25501522 0.037912376 0.8236145 -0.22986004 0.4822871 0.41932273 -0.09328329 0.38630134 0.20488155 0.46095964 1.0314646 0.9980178 -1.9232644 0.5411629 0.020670619 0.09592896 -0.5499493 -0.7289132 -1.6185485 -0.40866676 -0.29619026 0.27483785 -0.19448873 0.9476485 0.12178635 0.0999915 0.12685834 -0.30118304
84 -0.4851573 0.93764913 1.4582453 0.27166933 0.16272752 1.1509984 -0.20015538 1.1147854 -0.4069775 0.69825715 -0.18921223 0.20301336 0.5379065 -0.020737668 0.8330447 -0.027500985 -1.1080587 -0.058557805 0.751566 0.038465884 -0.90870714 -0.029041901 -0.34955466 -0.358101 -0.4378052 0.75496686 0.93238753 0.20374325 0.3557376 -0.39923912 -0.59065574 -0.8697615
608 -1.1639408 -1.4454659 -0.71255636 0.26102105 0.34793803 -1.3161242 -1.0758065 0.71752363 -1.2894846 0.11942 -1.7162825 -0.7775841 2.4179428 2.038652 0.69922686 0.0770006 -1.8377768 -1.4447849 0.23722383 -2.2909403 0.42972842 1.556081 -0.8312171 1.1099322 -0.78286725 1.6477746 0.771291 3.130035 1.799554 -0.7860968 0.87548214 -0.12940517
858 0.16206391 0.10447409 -1.1410975 -1.3345625 0.8790509 0.13591412 -1.7579085 1.265212 -0.3554971 0.9644842 -1.2469876 1.5242645 0.5811119 -0.28141105 2.0350995 0.82015556 -1.5027248 -0.4172757 0.31812456 -0.042820733 -0.48037627 -1.129984 1.1318388 0.34587702 -0.29439363 -0.18342647 -0.11732613 1.0378481 -0.8246302 0.540901 -0.069505714 -0.061357725
82 0.26827285 -0.8507365 1.1048733 -0.35933104 -0.32267785 0.32390627 -0.35660067 0.37779927 0.07653141 1.1832947 -0.25639713 -0.13511045 1.3386317 0.38048413 0.7174149 0.22196068 -1.103067 -0.07023609 -1.6600126 -0.17383692 0.4689416 -0.14877066 1.2457978 -0.22330599 -0.11360709 1.4703698 0.7070956 -0.21914738 -0.6694395 -0.48274064 0.06051234 -0.1505621
237 0.7719508 -1.270562 -0.1342438 0.5558207 0.18169832 0.48262265 -0.49066 -0.08361422 -0.30071837 -0.15194137 -1.3513654 -0.8950219 -0.022243967 0.6154803 -0.32913998 0.38135323 -0.7171895 0.5926682 -0.4035247 0.4504795 -0.117448725 -0.2758824 -0.37749764 -0.26379165 -0.5795717 0.32682127 -0.24643037 0.66113156 0.35868588 0.18886994 0.5251123 -2.0513825
607 -1.1546683 -1.4718148 -0.7102527 0.26510578 0.32697982 -1.2972528 -1.0550811 0.71830845 -1.2763188 0.12472379 -1.718059 -0.7635323 2.4658873 2.0826695 0.73457354 0.06541691 -1.8657029 -1.4714873 0.2272837 -2.2586148 0.413938 1.5219333 -0.8422432 1.1191772 -0.7879911 1.6498305 0.7387037 3.162275 1.831864 -0.82230127 0.91139066 -0.13057016
318 0.7246482 -0.53341466 0.03626312 1.0676888 1.9479707 0.70720845 0.025244372 0.6337599 -0.20417815 0.17429192 -0.15131834 -0.83223706 0.9833184 0.6701931 0.6878952 0.97336847 0.10832695 -0.59163874 -0.5441429 -1.3460604 -0.76316816 -0.7185914 -0.37567258 -0.41365412 0.48001742 0.12846375 -0.77762866 -0.43850344 0.33218962 -0.88270664 -0.114406146 -0.19552381
704 -0.0280452 -0.8902424 -0.79681516 0.33670712 0.48010612 0.44340834 -0.82888883 -1.7835006 -2.488716 1.6864014 1.7956156 -0.4798725 0.7830026 -0.075419545 1.1099013 0.9168653 -2.988283 -0.68133557 0.38033822 0.17105372 0.8530219 0.5560529 0.49661046 0.06613525 0.42109302 -0.22656772 0.532742 -0.79794973 1.1863239 1.0752754 -0.5990679 -0.67162544
28 -0.4738461 -1.0133617 -0.7793519 0.43359542 0.788138 0.68044454 -0.31006998 1.2241892 -0.092890196 0.9511016 -0.28113538 -0.34818608 0.50497675 0.5064516 0.8525961 0.13891314 -0.11654919 -1.5803986 -0.65250194 -0.52755725 -0.9285044 -0.67401206 -0.23308156 -0.5286381 -0.31753853 0.5948807 -0.7046531 -0.64435726 0.8219312 -0.22432284 -1.3193088 0.19088438
267 0.026907783 -0.032998625 -0.20032458 0.6687265 0.05527872 -0.48896837 -0.54087603 -0.58568424 -0.5021973 -0.5145762 -0.7086791 -0.6660503 0.8593804 0.6857152 1.0412103 0.41822782 -0.18840672 0.6197437 0.38704023 0.24766709 -0.47824088 -0.7845899 0.061347224 -0.14101334 -0.41759604 0.7497723 0.51868486 -0.22605096 0.19764425 0.56341887 -0.34295136 1.2602817
100 0.015390605 -0.060173318 -0.22381815 0.6508629 0.097209714 -0.4699559 -0.5627083 -0.57953197 -0.49564782 -0.49382734 -0.70583224 -0.67589164 0.855753 0.7107351 1.040621 0.43064874 -0.17496909 0.6172252 0.38342714 0.24493372 -0.47088584 -0.8004164 0.07223112 -0.13445915 -0.3895561 0.7522319 0.49580723 -0.184872 0.18933767 0.5555687 -0.3658583 1.272274
30 0.004417986 -0.053847328 -0.20580314 0.66439974 0.09029439 -0.46635416 -0.5509217 -0.58312005 -0.49956855 -0.5085858 -0.68910384 -0.68826276 0.86894524 0.70357573 1.0336922 0.42219207 -0.18088503 0.6298213 0.386652 0.23448935 -0.48446462 -0.8086606 0.070412636 -0.13991837 -0.41194713 0.7532207 0.4911598 -0.21135843 0.1895829 0.5462753 -0.35477698 1.2879694
109 0.006947703 -0.074493095 -0.20737028 0.6514174 0.0862583 -0.47563213 -0.55479795 -0.5735859 -0.521874 -0.48408556 -0.71041435 -0.6927731 0.8662002 0.7133741 1.060637 0.3964866 -0.17417894 0.6125187 0.3711948 0.23775975 -0.49706826 -0.78640145 0.0628936 -0.14866361 -0.4051739 0.7543641 0.4853706 -0.20463654 0.21327476 0.56386966 -0.3634332 1.2862997
32 0.0109433485 -0.039433014 -0.19290242 0.6564499 0.0790532 -0.49475667 -0.5632473 -0.5857301 -0.48803338 -0.49704593 -0.7298465 -0.6721433 0.85239017 0.6793532 1.0391996 0.40035924 -0.19586799 0.60684323 0.3811659 0.26744473 -0.4768091 -0.7940561 0.06934389 -0.14638072 -0.38969943 0.75274575 0.50149184 -0.19352272 0.18704739 0.5446867 -0.3266505 1.2686132
63 0.25880575 -1.5462314 -0.2562628 0.19445147 0.72849804 0.42587128 -0.19149491 0.28607085 -0.28451642 -0.026339473 -1.139036 -1.0427647 -0.29535013 0.35930157 -0.28529423 -0.31558558 -0.93763864 -0.05017955 -0.04273887 1.5063226 -0.29863465 0.028627275 -0.3883901 -0.14726484 -0.31662685 0.70394695 0.4862225 0.332906 0.44081876 -0.60248977 -0.32640782 -1.1978942
55 -0.32286122 -0.25249377 0.8473022 -0.32991716 0.37455326 -0.66291255 0.81255686 0.2033396 0.14400297 0.62761676 -0.23320751 -1.8855302 0.7832289 1.1176814 1.1685014 -0.21253349 -1.4127588 0.01721077 -1.1254112 0.27694973 -0.21440934 -0.022333441 0.4941198 1.275481 -0.58743405 0.10856558 0.4942253 -0.16039947 -0.090460435 -1.2335994 -0.7428139 -0.075180925
83 -0.06320979 0.7350719 -0.33525017 0.65039486 -0.33393127 -1.442648 -0.42396298 -0.07353032 -0.79259 0.06892944 -1.2717437 -1.0229999 0.5897616 -0.04356313 0.6985651 0.7481076 -0.5674541 0.07510429 -0.01688596 0.5309765 -0.4504928 -0.07182651 -0.48347443 -1.1095663 -0.34547827 0.715093 0.387555 -0.6935189 0.099603795 -0.42741984 -0.21594548 1.1251748
331 0.7623738 -0.52593184 0.041588575 1.1060627 2.0245867 0.72614217 0.022428807 0.64495945 -0.20200707 0.1917001 -0.16298796 -0.9186558 1.0255065 0.7269462 0.76644695 1.010173 0.11567492 -0.60680765 -0.54180187 -1.456836 -0.84905887 -0.692803 -0.36533016 -0.4462033 0.52366835 0.111932024 -0.805533 -0.40852383 0.35019705 -0.8597406 -0.08189751 -0.234946
93 -0.07928433 0.36976773 -0.45106125 0.009141257 -0.3287448 -0.5340458 -0.706065 0.15656255 -1.0897729 0.49682677 -0.7451058 -0.6214368 0.93471986 0.4934206 0.74749166 1.109355 0.14218816 0.47543412 0.36911303 0.6859766 -0.53192234 0.27671784 -0.65972614 -0.6858982 0.15889698 0.6265802 -0.1459441 -0.47469613 -0.30724743 -0.4783332 0.5074351 0.65842354
69 0.041596554 -0.30619806 -0.09457975 0.5470048 -0.15860657 0.03015344 -0.93242157 -0.3527264 0.05124993 -0.5625546 -0.46472317 0.011959496 1.2560188 0.7601694 1.0249358 0.58350205 -0.3275523 0.63398325 0.6687415 0.5106722 0.015817441 -0.7644533 -0.31112498 0.13065897 -0.46838486 0.47721946 0.37588775 -0.5145833 0.30796647 0.054000597 0.10459205 1.3002443
31 0.0807471 -0.20539583 0.049521048 0.7776514 -0.28612798 -0.11092929 -0.9307778 -0.43073115 -0.005990807 -0.49558157 -0.44521737 0.10343381 1.2362272 0.87727845 1.177711 0.38845393 -0.2864002 0.42569247 0.48451275 0.66090983 0.14785536 -0.81447536 -0.33248383 0.25230998 -0.2694969 0.6351245 0.5120787 -0.55182546 0.2850673 0.18155752 0.28745604 1.1975046
168 0.21674585 -0.14243609 0.89586586 -0.46414232 -0.02767894 0.4333626 0.095980786 -0.1030326 -0.42394492 1.4016293 -0.70662344 -0.52731884 1.0460781 0.69497496 0.27842432 0.62636316 -1.007179 -0.586739 -1.8697013 -0.26992372 0.39361295 -0.22880328 0.9342978 0.5220594 -0.21405 1.5539535 0.8355254 -0.671401 -0.62307 0.23787057 0.23980798 -0.33273104
144 0.16452014 -0.18041515 0.8608501 -0.4601199 -0.051068358 0.41396034 0.095779985 -0.08871087 -0.3664603 1.3746258 -0.7105153 -0.45433322 1.05577 0.66315067 0.32154423 0.5633084 -0.94181114 -0.5138707 -1.8606012 -0.27872637 0.40678412 -0.2870623 0.9084273 0.5286028 -0.18792833 1.5437201 0.8608437 -0.6447134 -0.61907905 0.22531922 0.20914727 -0.2919213
823 -0.037665408 -0.8660207 -0.7870465 0.3414565 0.47816274 0.4158751 -0.8758523 -1.8157281 -2.498063 1.6506267 1.7712127 -0.5363522 0.80874527 -0.035225965 1.1488824 0.9235711 -3.0194578 -0.6928704 0.33990055 0.13092004 0.74096674 0.5677613 0.56561553 0.06652057 0.44415343 -0.23761809 0.46105823 -0.7712184 1.1918381 1.1235048 -0.58620787 -0.6640111
142 0.10869936 -0.070371985 0.8803525 -0.47396493 -0.01662932 0.38753608 0.09903394 -0.12402115 -0.41919953 1.3867215 -0.7655807 -0.5460281 0.98502886 0.7218829 0.2980099 0.59508234 -0.9582974 -0.5555158 -1.869701 -0.33682308 0.33054015 -0.29955274 0.9212024 0.5985194 -0.23632291 1.562879 0.80818814 -0.6508946 -0.6206672 0.256882 0.22881974 -0.2988052
249 -0.46954736 0.97644186 1.3365213 0.30282792 0.44613335 1.0724216 -0.01850302 1.0457455 -0.5067716 0.50015354 -0.19849505 0.22614528 0.61762214 0.017838256 0.71381164 0.073395394 -1.15729 0.03911353 0.75747496 -0.12371746 -0.82409054 0.016283933 -0.31764618 -0.32793567 -0.3895764 0.6405792 1.0053477 0.19844231 0.35444197 -0.42014155 -0.5279306 -0.9238718
166 -0.3105586 -0.27365702 0.7570413 -0.33693707 0.38281807 -0.61230886 0.78453344 0.19828726 0.12157138 0.54391575 -0.21027003 -1.8408428 0.7645704 1.059224 1.1195652 -0.19458911 -1.367441 -0.021629773 -1.0897909 0.2805897 -0.14338903 0.010633841 0.4968407 1.2350842 -0.5369857 0.12428298 0.5317424 -0.25693142 -0.16858257 -1.1880783 -0.7688043 -0.04832825
436 1.9463483 -0.3084116 1.2594031 -1.176413 0.9723952 -0.6440887 0.20604824 0.016741099 -1.0345138 1.3706445 -0.42719123 -0.7624384 -0.1575952 0.26277354 1.134187 -0.6882325 -1.6723999 -0.44419578 0.49376282 -0.32509613 1.1093271 -1.0974579 -2.8108482 -0.18890199 0.22392474 1.3119435 -0.5260013 -0.29909462 -0.22814761 0.5377931 -0.24691898 -0.18188559
483 1.9199117 -0.32617968 1.2971765 -1.205517 0.96185946 -0.6589949 0.20449468 0.012979585 -1.0393552 1.3508381 -0.41317946 -0.7776083 -0.17687514 0.23766357 1.1756324 -0.65427744 -1.6850122 -0.41183436 0.5131819 -0.33924422 1.1363093 -1.078141 -2.8075573 -0.18971112 0.18303782 1.2890481 -0.51941794 -0.2751828 -0.21247855 0.52586025 -0.27859607 -0.15055297
208 0.13287373 -0.09330019 0.8099736 -0.4325037 -0.011072845 0.39176166 0.1311233 -0.15269458 -0.44501567 1.3426024 -0.77282894 -0.5982752 1.0029106 0.66624105 0.33558172 0.5248294 -0.9790267 -0.5730993 -1.8393254 -0.30413437 0.34523445 -0.2095711 0.90532774 0.60194516 -0.19080558 1.4904379 0.83356065 -0.63145167 -0.5654986 0.30232087 0.23785102 -0.29007584
13 0.12579483 -0.3165051 0.865498 -0.5158325 -0.10701453 0.4075424 0.16961859 -0.049672786 -0.4238687 1.4200301 -0.71551114 -0.52559876 1.0371238 0.65219545 0.13255419 0.72819483 -0.93580204 -0.5713912 -1.8580837 -0.14941138 0.34395573 -0.24247117 0.8870394 0.44107166 -0.202132 1.5705508 0.8742632 -0.57673496 -0.774087 0.19331904 0.18765551 -0.32586962
123 0.75033313 -1.3221357 -0.14528492 0.5399962 0.14835085 0.5032554 -0.53729 -0.14280522 -0.30746636 -0.12985386 -1.336883 -0.79378814 0.036040682 0.57692784 -0.38912308 0.38192007 -0.73406434 0.5045092 -0.35693362 0.50942713 -0.14730011 -0.23646729 -0.41237712 -0.28078848 -0.52759993 0.3255933 -0.22001946 0.69638926 0.1893797 0.19853586 0.5067943 -2.0055053
524 1.4704221 -0.046617962 0.29279518 0.7590476 0.20377049 -0.014943115 0.679426 0.42457724 -1.0778358 1.6455448 -0.98680806 0.09744295 -0.85631186 1.4617617 1.2430421 2.5108137 0.086393625 -0.14940374 0.16483909 0.5531245 0.21570653 1.3351583 -0.2610022 -0.01410286 0.28485757 0.7619553 0.72605395 1.5104011 -0.926107 -0.06289087 -1.5954864 -0.515927
908 0.8037922 -0.059919477 1.3295026 1.3019086 1.9681236 -0.8134947 -1.3617493 0.90192664 0.047834024 2.4718878 -0.81108344 -0.90770453 0.50419676 -1.2971137 -1.3765452 0.9903704 -1.2698636 -0.35981083 0.11532848 0.18312947 -0.02771766 0.0889654 0.37358433 0.96269804 -0.55659366 0.50147283 0.060019847 1.9605128 1.5640992 0.74621904 -0.4262637 0.9429067
185 -0.5784347 -1.0651556 -0.85976374 0.47249627 0.79727626 0.7228758 -0.33947277 1.3167195 -0.111998096 1.0124232 -0.2942918 -0.41182086 0.45894688 0.5440333 0.90043163 0.15447718 -0.113296136 -1.6912946 -0.67361826 -0.5974147 -0.98176503 -0.7245378 -0.20801188 -0.5857838 -0.3370623 0.68226874 -0.6853839 -0.6780844 0.87640226 -0.11357599 -1.4254433 0.24336755
218 -0.24652256 -0.2655414 0.7753665 -0.39953133 0.29812813 -0.6138195 0.7005326 0.1807999 0.1823456 0.6181928 -0.33119968 -1.8230008 0.687373 1.0098474 1.1929501 -0.15185083 -1.361451 -0.03456931 -1.1179315 0.28998765 -0.14269236 3.3532388e-07 0.4933841 1.2746019 -0.53657675 0.110413715 0.48259756 -0.25840482 -0.035885256 -1.1441685 -0.72816056 0.006512365
539 1.446738 -0.10380426 0.5548952 0.770258 0.083374895 0.26437247 0.55817986 0.25596628 -0.8743498 1.4242313 -0.7511542 0.08952218 -0.8448752 1.0611495 1.2819922 2.3297114 0.09078388 -0.20891549 0.11721338 0.6359509 0.50989854 1.3362254 -0.29506987 -0.06644319 0.24124861 0.91168314 0.61158663 1.1630177 -0.7230498 -0.04925092 -1.4740179 -0.49262565
193 -0.5650935 0.98523545 1.4110451 0.21930605 0.060835876 1.111431 -0.22076735 1.1275406 -0.4181115 0.6762789 -0.25682867 0.14501423 0.40200216 0.042000957 0.81408703 -0.008921057 -1.1541166 -0.12920311 0.7436084 0.035143968 -0.9825216 -0.123552315 -0.31676656 -0.34858987 -0.39165497 0.79928803 0.8750306 0.19211964 0.3464388 -0.3036752 -0.63793254 -0.8184327
506 0.17837474 -0.52574885 0.83673894 0.07422033 -0.30720943 -0.58568156 -0.6803694 0.34083173 -0.8631416 0.5171255 -0.65966016 0.2747029 0.5686199 -0.2518542 1.6590725 0.29420632 -0.079931475 0.77951473 -0.058024842 1.0287622 0.19134563 0.71408814 -0.34705755 -0.7719359 -0.94061375 0.513496 0.34841076 -0.6033615 0.6902284 -0.39587417 0.43400156 0.7489609
283 0.16815042 -0.52962285 0.8209839 0.070888676 -0.31380758 -0.5750691 -0.6961147 0.33499554 -0.8689137 0.5445861 -0.66197485 0.26778972 0.55469567 -0.25057194 1.6376994 0.2969915 -0.07156557 0.81002724 -0.07200566 1.0055803 0.20053145 0.71575636 -0.35270086 -0.7893643 -0.9656082 0.51200545 0.35778785 -0.58549076 0.7033752 -0.4018335 0.4198513 0.73338276
104 -0.33083755 0.34921014 0.7989227 0.5243141 -0.43300125 -1.4422712 -1.4218549 -0.88162464 -0.80404097 0.7814176 -1.5451572 -0.068331294 1.1709068 0.058985777 0.21976379 0.28291407 0.22736268 -0.013070643 -0.1354973 1.1162132 -0.6188036 -0.28907898 -1.0400903 -0.5592343 -0.4967088 0.87450516 -0.25897 -0.4125022 -0.1575742 -0.527072 -0.33142745 0.27710155
17 0.21690564 -0.33884695 0.8808288 -0.52216136 -0.11751394 0.34525383 0.14147809 -0.06647225 -0.36432725 1.4034061 -0.79628086 -0.49225953 1.0718024 0.6818029 0.20885397 0.59843147 -0.8858814 -0.5712999 -1.828774 -0.08905481 0.3113919 -0.2573287 0.8188885 0.5013235 -0.22722666 1.4602633 0.8556581 -0.57946086 -0.7365535 0.24002565 0.2022636 -0.35090542
10 0.21925916 -1.4667969 -0.29461166 0.19397628 0.8576756 0.47278073 -0.21650898 0.31076106 -0.27724198 -0.024208242 -1.1908758 -1.0154544 -0.3120091 0.2908512 -0.33087778 -0.3353949 -0.87129205 -0.06758633 0.05634875 1.4917644 -0.26845664 0.023144465 -0.35326394 -0.101766065 -0.34585688 0.7269913 0.54892004 0.25315443 0.36420402 -0.58055854 -0.44904506 -1.1346809
301 -0.6408923 -0.43760633 0.8662753 0.16429879 -0.37031335 0.8909849 0.6591681 0.12273353 0.7213721 0.69973004 -0.8154545 0.6901697 0.2341227 -0.55422676 1.0749851 1.9524585 -1.4443029 0.44590628 0.10790909 -0.06814571 -0.13157251 -0.47742116 -1.8004986 0.7654625 1.0296504 1.0716119 1.2403978 -0.031218246 0.30940872 -0.25221866 -0.25742468 -0.66438204
11 0.5103749 -1.5000409 0.31373316 1.1554388 1.1227982 0.9646913 0.24000399 0.33852148 0.24051431 0.5879437 -0.1491781 0.037466094 0.90553164 0.461695 0.8827034 0.7360061 -0.4137123 -1.6107752 -0.40941113 -0.43852845 -0.7145021 0.029098853 -0.9458179 -0.68661547 0.46372953 0.41672987 -0.3950714 -0.4017909 0.17978205 -0.40951928 0.011458578 0.621092
1099 -0.782859 -1.019718 0.0028438147 1.0892925 0.72735316 -0.12322008 0.50911844 0.5433213 -0.9293277 1.181592 -0.56686056 -0.01387218 0.42218235 -0.8453379 1.5139124 0.6881167 -0.62417054 -2.0695944 0.61641383 1.06356 0.394818 -0.50125104 -0.20075312 0.54217315 -0.98269147 -0.3020601 0.30879647 0.8571473 -1.490463 -0.43605134 0.88120794 -0.26417726
18 -0.060648575 0.21306828 -0.38857433 0.09304805 -0.39351857 -0.5466109 -0.7518835 0.12243537 -1.1281872 0.62050885 -0.6875065 -0.5743126 0.83621156 0.4610334 0.93805146 1.0811203 0.13442361 0.5146515 0.3712954 0.71329963 -0.4839038 0.40120637 -0.67283094 -0.7028451 0.17571047 0.61725104 -0.039134085 -0.46360824 -0.25651804 -0.4695412 0.52332735 0.69784695
873 -1.1835805 -1.4856147 1.3233162 0.1241887 2.912725 -2.23755 -2.4349735 -0.8519047 0.07494891 1.1024066 0.7703194 -0.07109733 0.16060029 0.40229845 2.2851 2.0332494 0.0359511 -2.8318613 0.8806676 1.91267 0.03453633 -0.49519104 0.595244 -0.4067068 -0.15001166 2.0745032 1.4227916 0.5738197 -0.61589 -1.0454239 1.2782944 -2.0801783
910 -0.10935786 -1.0864143 -0.9469827 0.20291309 0.5619538 0.5208186 -0.73342466 -1.7794064 -2.4956713 1.6917325 1.9164339 -0.3145746 0.6185303 -0.017394243 1.0300981 1.1080105 -3.0505834 -0.5453859 0.494785 0.20156974 0.7796322 0.41488874 0.4111578 0.16902792 0.33352262 -0.1175853 0.46856067 -0.5824512 1.2543031 1.0067627 -0.6929696 -0.72879535
938 -1.218255 -1.488666 1.3399007 0.12191546 2.9188359 -2.277919 -2.450139 -0.8500382 0.046725195 1.126268 0.76054025 -0.061378386 0.17486724 0.42181945 2.2907577 2.066317 0.040807195 -2.9025073 0.8649205 1.9564437 0.027339729 -0.5273535 0.60801005 -0.41917247 -0.15644124 2.1347425 1.4399878 0.6038391 -0.6439293 -1.0590194 1.3278947 -2.0874414
172 -0.85274696 -0.78593093 -0.4813353 0.84231746 1.1741728 0.74896276 0.34752533 0.44646603 -0.077738404 0.24925646 0.0799782 0.24465063 0.6657766 0.010923075 1.21081 0.22352502 -0.18192571 -0.6763953 -1.2261423 -0.105526194 -0.0807129 -0.32111332 -0.52235585 -0.6501786 0.08957997 1.0101155 -0.8840872 -0.029002199 0.39367226 0.3029197 -0.6525781 0.06704759
344 -0.5212223 0.48119956 1.1557957 -0.08813025 -0.100119285 0.21187042 0.8358941 0.43918058 0.72472215 -0.18071039 -0.03717147 0.1331295 0.39435375 0.685444 0.792892 0.8998134 -2.044019 0.64287275 0.114254974 -0.11375919 -0.5284638 -1.4550413 -1.5147408 -0.85004157 -0.7673807 0.2365295 -0.054674607 1.4206218 0.0035155383 0.21239807 0.029139282 -0.2444293
228 -1.5047573 -1.1780386 0.50863963 0.88244283 0.7080656 1.3616271 -1.2695618 1.2372286 -0.63714826 0.2063025 -2.314241 -2.009648 -0.83341175 1.8757275 0.23727404 0.20996742 -1.8743333 -0.57240444 0.16059494 1.6952754 0.13624255 -0.3731973 -0.50126237 -0.9239761 0.2637634 0.038821533 0.35060358 0.03401093 0.48617315 0.92391807 0.18396665 -0.2651725
78 0.11095952 -0.2662746 0.2858943 0.8556475 -0.712371 -0.25157058 -0.6821152 0.1670111 -0.72548044 -0.37874934 -0.42999056 -0.08041426 1.1204131 0.7766335 1.6163663 0.14627066 -0.4045943 0.27564338 0.10731959 1.4004427 -0.052204482 -0.5636566 -0.20572934 -0.3977369 -0.5289427 0.32064518 0.06807084 -0.06466054 0.60208637 -0.41616547 0.5684086 1.34403
266 0.116291285 -0.2676809 0.3149226 0.9012734 -0.7021243 -0.24689205 -0.66287667 0.17198206 -0.7342986 -0.3438951 -0.4269121 -0.089566275 1.1180329 0.7937253 1.6164961 0.1318545 -0.41327322 0.27589455 0.14759196 1.429135 -0.05618404 -0.594541 -0.18192552 -0.37710166 -0.51544 0.30231825 0.08752748 -0.041348908 0.57437867 -0.3952458 0.5714309 1.3508457
852 0.32281667 -0.36026964 -0.562231 -0.5778574 1.0940074 -1.8153527 -0.886396 -0.60631394 0.20341398 0.7173443 0.59081936 -0.64985436 0.3639604 -0.067604445 0.6792968 2.0557268 -1.178451 -1.502639 0.24927552 0.8940693 -0.018984461 -1.3842492 0.8191027 -1.9607003 0.13587286 0.5548055 1.0046046 -0.023687154 0.8663224 -0.7924527 0.53685176 -1.1896756
25 -0.5724432 0.50700396 1.1371751 -0.08578885 -0.09725344 0.25117496 0.86718196 0.44542477 0.6859183 -0.16442692 -0.04758999 0.11160023 0.36233717 0.646654 0.83458555 0.8968434 -1.987256 0.61188596 0.08195605 -0.09211409 -0.48846358 -1.4268978 -1.5106025 -0.7978787 -0.7050233 0.29314068 -0.062369917 1.4044707 0.03424064 0.2252026 -0.009131748 -0.2020227
567 -0.2427488 -0.608132 -0.021902012 -0.57394654 0.5453111 0.030897418 -0.015791558 0.9016561 0.8026235 1.9814944 -0.88718045 -1.4392799 2.8849633 0.92523754 1.0270225 0.3868982 0.6504567 0.4483146 -0.11534886 0.054309525 0.70309824 -0.6915493 -0.4482086 -1.1951475 0.78536886 -0.97065026 1.4417655 1.6823016 0.7416088 1.2614338 -1.3534483 -1.2384483
155 -0.35018215 -1.0297444 0.27629998 1.5284728 1.2896839 0.9033514 -1.4630643 1.0936892 -0.36155373 -0.54731447 -2.119783 -1.2463992 -0.13459885 1.5741439 -0.13510506 0.43359315 -3.1287034 0.30496693 -0.2911339 1.4664708 0.99133724 -0.8976297 -0.085517235 -1.7636732 0.0447082 -0.12882474 0.021392934 0.2650614 0.23618494 0.5197584 0.5387126 -1.1180896
156 -0.34759834 -1.0566281 0.2919819 1.511278 1.2727855 0.91116613 -1.4075613 1.0998589 -0.34958044 -0.53448284 -2.1393695 -1.2237045 -0.12454452 1.5867774 -0.114893734 0.45493433 -3.100507 0.30993792 -0.28546596 1.4429628 0.99493724 -0.86882955 -0.085031785 -1.7718135 0.042626 -0.17036803 0.019733276 0.2730534 0.22925775 0.50131994 0.5595697 -1.076294
1256 -0.19335948 -0.6490486 0.009370693 -0.579887 0.45449233 0.11961382 -0.04996879 0.91058254 0.8294718 1.9458487 -0.85999733 -1.4321326 2.932756 0.9625331 1.0086383 0.41730326 0.6269073 0.459548 -0.13538216 0.023009714 0.75111437 -0.7448035 -0.4411837 -1.2194304 0.7104945 -1.0157596 1.4283955 1.6554222 0.67991894 1.1723053 -1.3040363 -1.2430077
961 0.7982491 -0.043857913 1.3014308 1.3355848 1.9679315 -0.8016163 -1.4105206 0.9777605 0.002644372 2.4840803 -0.7946983 -0.81105196 0.40277517 -1.3132724 -1.3784721 0.96671426 -1.2724115 -0.33459562 0.10495032 0.2720598 0.05710135 0.11393775 0.3790879 0.90742725 -0.6400487 0.56475496 0.049220618 1.910382 1.5614325 0.70819336 -0.47373417 0.9052835
34 -0.3281343 -0.21173243 1.060307 -0.016412733 0.38955027 -0.6733919 0.92723435 0.17727005 0.025436785 0.3821007 -0.11938857 -2.0752528 0.9406668 1.185269 1.2491506 -0.21590492 -1.3162954 0.006290445 -1.0612334 0.32420954 -0.31722838 -0.17717777 0.6295507 1.2882327 -0.3510645 -0.029308185 0.56023145 0.06383922 -0.23813194 -1.1942432 -0.6979109 -0.08478392
1188 0.3287554 -0.38449538 -0.567464 -0.5657847 1.0667224 -1.7719985 -0.8350598 -0.57193476 0.26698044 0.6696675 0.5496342 -0.5541729 0.41691503 -0.086806566 0.63970214 2.0672727 -1.191067 -1.4515055 0.24750139 0.8796717 0.028518762 -1.420458 0.77791774 -1.9767679 0.07379894 0.51309687 0.98828226 -0.0147077795 0.8222521 -0.84345126 0.5209543 -1.192988
414 -0.0943218 0.31891865 -0.40403795 0.024302911 -0.44173163 -0.60873926 -0.8621131 0.112090476 -1.1859925 0.6861473 -0.6994708 -0.77389944 0.9187037 0.51659626 1.0886945 1.1780599 0.06221585 0.5179656 0.40551063 0.69787 -0.68822795 0.5540918 -0.67311496 -0.80457425 0.21741869 0.5939362 -0.15809174 -0.4549257 -0.3557731 -0.44751513 0.58040357 0.66560173
415 -0.06531581 0.31285247 -0.3965482 0.023443064 -0.46604773 -0.6003424 -0.8443774 0.10507139 -1.179492 0.7089482 -0.6686932 -0.7520642 0.9034119 0.49618244 1.0661163 1.1588286 0.055868354 0.53053737 0.3947889 0.7049133 -0.6613558 0.520469 -0.6738054 -0.8066784 0.21169527 0.5932901 -0.14040719 -0.47073206 -0.3511696 -0.45887893 0.5903768 0.6749644
227 -1.5942159 -1.2349677 0.53858745 0.9932434 0.74889827 1.4624555 -1.3016217 1.330206 -0.6880597 0.2029551 -2.4205055 -2.1208432 -0.8557642 2.0067587 0.31806016 0.1750755 -2.0281193 -0.6508412 0.18078217 1.8540702 0.18020745 -0.4361966 -0.57374465 -0.9998494 0.3079221 0.0038555495 0.3502934 0.09368636 0.53394806 0.98718846 0.2281796 -0.21467867
23 1.0270998 -1.2055719 0.94302887 -0.35721952 -0.30775553 -1.153326 -0.9076605 1.1463565 -1.969527 0.051929425 -0.5895895 -1.362558 -0.520059 0.81395835 1.0662782 0.023675269 -1.2775432 -0.84435934 0.9785621 -1.3576674 -0.07938868 -1.65181 -1.1011946 -0.2964111 1.0236034 0.98591965 -0.19530939 0.31641784 -0.40564036 1.1577388 -1.7921382 0.69950885
19 1.0230075 -1.1802392 0.98012763 -0.3793272 -0.30956057 -1.1328489 -0.93090636 1.1490153 -1.9872617 0.06573815 -0.54232097 -1.3656024 -0.506576 0.8099898 1.050937 0.047662094 -1.2681053 -0.8574175 0.9676318 -1.3547705 -0.094744034 -1.6546764 -1.0839392 -0.29247132 1.0140386 1.0127132 -0.18747634 0.33227506 -0.3979602 1.1593279 -1.7941332 0.69067156
391 1.3229153 -0.17660682 0.3135917 0.28723544 0.46519935 0.60883284 0.90933937 0.14746441 -1.9455227 1.542683 0.06752865 0.24424255 0.053864963 3.1226075 0.28257197 2.0578146 0.17403132 0.57559884 0.2501841 1.091369 0.14011061 -0.25270975 0.19781637 0.9273733 -0.5374946 0.8450219 0.034869056 0.9458645 0.5075116 -0.51456827 -1.1246592 -0.32839423
555 -0.0047008167 -0.5435067 0.61332333 0.5941038 1.125531 -0.8017645 -0.3606967 0.25955698 -0.43894506 0.3066868 0.18476129 -0.6877637 0.03166137 -0.30692098 1.0236802 1.3567387 0.15538639 -0.55551964 0.5963089 0.80769706 0.28316405 -1.088195 0.28861436 0.81547093 -1.1728275 0.10510934 0.33993044 -0.13885647 0.4034623 -0.49609733 0.28730434 -1.21937
308 0.11665402 -1.4386804 -0.31727448 0.24777745 0.7836423 0.46605232 -0.28519455 0.31256157 -0.29548138 0.01643985 -1.1609745 -0.98037314 -0.34777132 0.26774228 -0.34779426 -0.25481975 -0.83971786 -0.07615083 0.026197081 1.4007292 -0.276833 0.0074587036 -0.3456496 -0.15784855 -0.34558785 0.71561503 0.50004965 0.2241807 0.3064109 -0.44997242 -0.4457456 -1.1269307
616 0.017721416 -0.4787406 -0.39192596 0.1999643 1.1694446 0.8684958 -2.016652 -0.2720208 -1.075191 0.50111777 -0.009535305 -0.97393346 -0.5270837 0.33893928 0.67207825 0.59612876 -1.3981897 0.76779133 -1.29428 -0.69186175 0.25166467 -0.12072164 -1.1060839 -0.06945894 -1.3895583 -1.0841748 1.692798 0.76147985 -1.3049984 -1.1003257 -0.90798396 0.42832828
1253 1.4906667 -0.09890224 0.37250638 0.72226 0.12323499 -0.04634355 0.6217813 0.44759086 -1.1045486 1.6857466 -0.9556965 0.11582597 -0.8381866 1.554929 1.2205043 2.4769063 0.11654884 -0.06528864 0.1626781 0.5762728 0.13841365 1.2779623 -0.26642153 0.023057798 0.21671753 0.74960876 0.7057692 1.4845531 -0.9111334 -0.05153821 -1.5213976 -0.52577454
6 -0.46429163 1.2731278 0.87623245 0.50300354 1.5138843 0.7427037 0.60301226 1.158056 -0.650241 0.0089900335 -0.06827695 -0.13498087 0.62422204 -0.12211688 0.44525385 0.5959083 -1.0818251 0.53168523 0.5405679 -0.28333533 -0.49552923 -0.49754724 -0.53189653 -0.14171629 0.24494146 0.4862231 1.2874622 0.024173405 -0.016605027 -0.78647 -0.29683343 -0.7652528
511 0.7933621 -0.10099531 1.3129376 1.2221495 1.7849628 -0.7668107 -1.3568823 0.8128597 0.0914148 2.4738457 -0.74904597 -0.74091154 0.52472204 -1.3086454 -1.3210611 0.9852865 -1.2447479 -0.31723288 0.032511666 0.2659305 0.03739141 0.08073409 0.28539872 0.9474582 -0.5417174 0.5856343 0.11094527 1.9345056 1.4939995 0.7058701 -0.48202458 1.0167307
77 -0.47432107 1.2512991 0.8765126 0.51230294 1.5362399 0.66149986 0.6691017 1.1325258 -0.6391502 -0.018832691 -0.06880186 -0.12591417 0.63922334 -0.15506287 0.47803387 0.59221816 -1.0999439 0.5043648 0.50140446 -0.30050498 -0.48156452 -0.46070454 -0.5326816 -0.16022831 0.24351034 0.4648484 1.3396078 0.036258463 -0.016153773 -0.7327381 -0.37250143 -0.78954524
111 -1.1517111 -0.8939608 0.114730485 0.81626856 1.4175282 0.8263645 -1.0335702 1.0706023 -0.60162073 -0.11682493 -2.371174 -1.1129844 -0.8025628 1.224891 0.4527085 0.48396015 -1.0691533 0.3364181 0.04122996 0.5550412 1.3720806 -0.3064554 -0.57979566 -0.2790528 1.1845138 0.21000712 0.59335256 -0.63915944 0.378357 0.43381113 0.32876146 -0.26231787
996 -0.048349548 -0.5329007 0.738372 0.72242457 0.76589805 -0.49596205 -0.12753408 0.4941712 -0.65445304 0.37134397 -0.15607221 -0.7578156 -0.046671163 -0.6577726 1.1297948 1.6248872 -0.017904459 -0.76000965 0.53198403 0.69253486 0.44832355 -1.1765741 0.17801908 0.96834147 -1.4592025 -0.20182857 0.17991537 -0.23933253 0.1261629 -0.36571288 0.22394913 -1.2345662
645 0.47787595 0.72770375 0.326447 -1.2674626 0.4686065 0.45579538 -1.5851725 0.947206 -1.220057 -1.1637584 0.26061013 -0.143506 1.0927455 -0.332302 0.9604294 1.0627637 -0.8664594 -0.26207104 -1.6043866 0.7567007 0.30270046 0.13325505 -1.1138834 0.66584206 0.020924391 0.16979013 0.9092756 0.26608023 0.26960665 0.8411849 -0.72576463 -0.487987
152 0.115426034 -0.090085424 0.11983412 0.11849643 -0.4904795 -0.48285866 -0.6046209 0.29309642 -0.9906126 0.6073225 -0.5992714 -0.34253716 0.55815464 0.13344944 1.2559106 0.48121792 0.109686926 0.5674386 0.069224685 0.96285135 -0.05877311 0.2624778 -0.5041815 -0.6527334 -0.34793478 0.5828675 0.3495128 -0.69633514 0.18634774 -0.24774808 0.49690124 0.6600903
141 -1.0642493 -0.8034396 0.10248179 0.7446238 1.475517 0.8569165 -0.98014903 1.0076579 -0.59403497 -0.100956336 -2.3644726 -1.1817871 -0.7538302 1.1992302 0.3328448 0.4583676 -1.109677 0.31817913 0.05675103 0.6065894 1.2886151 -0.28385893 -0.57806385 -0.317584 1.0437775 0.2001251 0.47833276 -0.62320966 0.36291537 0.28984365 0.31348097 -0.3587171
47 0.3685648 -1.1627399 0.06545984 0.20867124 0.2702157 0.2381092 -0.2043646 0.2910163 -0.21700537 -0.06524456 -1.2121571 -0.9964088 -0.3642916 0.45603946 -0.058570266 0.087828174 -1.0256544 0.3260791 -0.5288789 0.92914426 0.08770111 -0.1153228 -0.46533412 -0.17443548 -0.46112517 0.2552875 0.23216419 0.06321603 0.68724227 -0.13904433 0.30580258 -1.6566764
595 -0.016586464 -0.5530371 0.686018 0.724095 1.0080717 -0.59232783 -0.1880596 0.43506464 -0.6465495 0.31651112 -0.008360081 -0.792395 0.009507466 -0.56099415 1.046959 1.588 0.05213158 -0.6542434 0.55389756 0.8169435 0.5433744 -1.258128 0.27353898 0.8830507 -1.428098 -0.10727136 0.18783763 -0.22350669 0.19718829 -0.5127965 0.25725245 -1.2163565
662 0.5143529 0.45732412 -0.7984589 -1.2737608 0.7742074 0.06397909 -1.3722477 0.81284195 -1.0503452 -0.1479973 -0.525405 0.029699666 1.0472915 -0.726121 1.2976501 0.75255424 -1.035021 -0.48005557 -1.3145863 1.1730603 -0.17015891 -0.22568358 -0.6376315 1.16908 0.42906865 -0.8636395 0.3407111 -0.0007675894 0.47370914 0.37169406 -0.94787383 -0.41509885
1006 -0.07458996 -0.62880665 -0.92001915 -0.4837255 1.1252911 -1.3073815 -1.3873838 -0.70835483 0.75765634 0.7068362 0.18386188 -0.16172487 0.3729057 -0.6891072 0.5270142 2.630044 -0.97998255 -1.0703111 0.53231525 0.5492792 0.2743648 -1.1151834 0.4251741 -1.5629296 -0.5030335 0.5151755 1.149213 -0.60686016 0.18857536 -1.0927404 0.23305199 -1.5595882
250 0.7790733 -1.3239193 -0.14164309 0.5775386 0.14337511 0.49188715 -0.5288263 -0.08235673 -0.3035586 -0.19790255 -1.3724324 -0.8402887 0.021956302 0.648599 -0.38162568 0.3688158 -0.77898496 0.5955733 -0.4243292 0.48598382 -0.17234598 -0.33997688 -0.4365816 -0.30827072 -0.6435634 0.3116929 -0.25007007 0.69721216 0.3103456 0.20636374 0.53863895 -2.059636
806 -0.17178027 -1.2041368 -0.9956303 0.16380315 0.6455712 0.5618785 -0.6382237 -1.7755339 -2.4550347 1.7064878 1.9606893 -0.17626655 0.5516411 0.035930116 0.9600429 1.1296906 -3.0197568 -0.5048844 0.5703134 0.18956521 0.76881206 0.42998183 0.3034178 0.15209037 0.3104298 -0.05175007 0.46985704 -0.48753893 1.2051846 0.93244237 -0.81639194 -0.7988164
1007 0.49347928 0.575761 0.26573586 -1.193839 0.42541033 0.43100464 -1.5899711 0.9013383 -1.1468109 -1.1492076 0.22946322 -0.055183545 1.0580623 -0.29426602 0.98077565 1.0874735 -0.81425375 -0.23014145 -1.5044019 0.73448306 0.23604129 0.10715358 -1.1470572 0.7292514 0.045902576 0.17416228 0.92719877 0.28617474 0.21852136 0.8466215 -0.72035074 -0.43688968
742 0.22119957 0.17986263 -0.32922688 -0.32663408 0.49989238 0.9686504 -1.1013889 1.1128279 -0.88220346 -0.710936 0.9428641 -0.5596714 0.6689545 -0.2366284 0.31200242 1.0855016 -1.4067687 -0.3176752 -1.8186467 1.0392282 -0.18153599 -0.3334389 -1.1719408 0.26138917 0.2449953 0.31592977 1.0523585 0.9952671 -0.21134835 0.55366474 -0.7602023 0.21351317
737 0.29215905 0.32571217 -0.44191718 0.16251539 -0.06757375 1.113056 -1.9382122 0.063671455 -0.21963817 0.2637018 0.28737625 -0.6769665 0.051980805 0.14683397 0.43767002 1.2414175 -0.6206006 0.34414428 -1.3058958 -0.056565262 -0.0213447 -0.9307957 -1.5425963 -0.3404603 -1.113325 -0.4228548 1.6213124 0.9268893 -0.32756457 -0.030281521 -0.46735674 0.15188853
520 0.99835324 0.42311662 0.2941069 1.6035709 0.8995036 -2.1994288 -0.9941332 1.7722425 0.40848744 1.1178282 0.8163416 -0.40828067 1.9361745 1.2111229 -0.756125 1.0334824 -1.3804033 -0.28562224 -0.41245687 0.36681315 2.2866423 1.1958773 -1.4138823 1.0766169 -0.41947854 0.024709111 0.7282844 -0.8545639 -0.04088368 0.6791033 -0.6898606 -0.56649697
856 0.024057237 -0.2717403 0.41608348 -0.4236629 0.70703995 0.73090297 -0.69022894 -0.19171095 0.68583566 2.1756983 -0.1639241 -0.90256417 2.0154705 0.6921261 1.1670698 0.037647814 0.72094625 0.36968264 -0.036241986 0.16907449 1.3246118 -0.88965595 -0.5514112 -0.9487015 0.64558506 -0.31995997 1.3689487 0.96632814 0.45725474 0.50569504 -1.4367291 -0.92297226
99 0.86192614 -1.1345649 0.33279482 1.0554128 1.7475915 1.1002482 -0.0877563 0.21289961 0.30622742 0.33230284 -0.39114282 0.19900303 0.8731488 0.69977677 0.91182595 0.77843004 -0.3714852 -1.4405497 -0.6726903 -0.80522734 -0.50487554 -0.0006131369 -0.95417774 -0.40021974 0.38422382 0.28067577 -0.3835036 -0.79592645 0.4531191 -0.35079455 -0.06560269 0.39102325
196 1.8489237 -0.3259394 1.2192103 -1.1473324 0.92397463 -0.65674883 0.15977253 0.095638625 -1.0748576 1.3414336 -0.37232962 -0.7952766 -0.13130507 0.24865183 1.0772697 -0.6683345 -1.6326532 -0.3781968 0.50898653 -0.30529702 1.0801417 -1.1132247 -2.6992662 -0.17033044 0.21724856 1.2926998 -0.5493308 -0.27282614 -0.28122023 0.4996663 -0.29850322 -0.15264349
49 0.32546014 -1.1048871 0.06845492 0.28025806 0.2482017 0.30891746 -0.25292394 0.29533637 -0.20234443 -0.14567721 -1.1891782 -0.9641784 -0.38904575 0.4885796 -0.029289873 0.1334063 -1.0006094 0.34813413 -0.5007741 0.8250223 0.10218377 -0.10774472 -0.42599934 -0.115818955 -0.42745155 0.25153488 0.2520252 0.047179542 0.68453854 -0.1293447 0.24609542 -1.6385988
675 -0.06906528 -0.6824861 0.7090005 0.6967075 1.126209 -0.64723015 -0.18828042 0.3652331 -0.67356664 0.27174914 -0.032201316 -0.6617236 0.099119805 -0.34664807 1.076787 1.4123485 0.18977381 -0.58329374 0.60088354 0.84177417 0.4378738 -1.1781368 0.3270166 0.9778024 -1.2269449 -0.1011521 0.34194383 -0.086024106 0.23650801 -0.55097413 0.32230458 -1.1525062
871 -0.11229316 -1.1368161 1.5321828 0.77200836 0.9276555 -0.8134868 -0.47420317 0.6678181 -1.1238519 0.69633555 -0.26350012 -0.7674912 0.109028906 -1.2125651 1.7698288 2.6219344 -0.2559484 -1.5664909 -0.029544841 0.9037903 0.84242916 -1.4155641 0.2612439 0.63326865 -2.6495585 -0.55715865 -0.71541035 0.26339132 -0.4114972 -0.41569555 0.13273314 -1.865795
870 -0.12849696 -1.1072472 1.50193 0.75155306 0.8481267 -0.7677774 -0.50974756 0.6841652 -1.119063 0.7605781 -0.35007834 -0.80957973 0.08738369 -1.2543544 1.8366919 2.5890682 -0.27463594 -1.654215 -0.02195157 0.8732443 0.7942592 -1.3602312 0.23031652 0.6729719 -2.690224 -0.5683816 -0.72441345 0.34173173 -0.53852755 -0.2845892 0.16149522 -1.8687053
215 1.2911154 -0.23506573 0.20368756 0.30586615 0.5162826 0.55957836 0.917885 0.08693186 -1.903268 1.4371195 0.09745327 0.23239039 -0.013271331 3.0974677 0.3116196 2.099134 0.13985299 0.5873128 0.24357648 0.956272 0.19065437 -0.14560033 0.26295084 0.93553436 -0.5492329 0.8696546 0.091966905 0.87333804 0.5152945 -0.36621016 -1.1618687 -0.31044114
702 1.0581177 0.443798 0.25747797 1.621699 0.9395977 -2.1831007 -0.98183095 1.7885206 0.497432 1.0682931 0.8646976 -0.466895 1.9289246 1.1195828 -0.6770134 1.0723068 -1.386449 -0.28410643 -0.35882744 0.32718247 2.26459 1.2227253 -1.4350518 1.0793865 -0.3641563 0.04163088 0.7690845 -0.85140216 -0.03662548 0.69702274 -0.6556436 -0.59010494
181 2.7107919e-05 0.09131696 0.08739423 0.013425844 -0.6174902 -0.5515321 -0.6523426 0.23947583 -0.995069 0.6570612 -0.7328651 -0.43005502 0.6152539 0.27956203 1.077434 0.6240942 0.14812692 0.5098688 0.111398704 0.8808663 -0.1524639 0.004716255 -0.54107445 -0.62390924 -0.22855344 0.664006 0.20847242 -0.7113964 0.02409973 -0.20132603 0.44586575 0.5727672
1305 1.3386968 0.10004922 0.337141 0.56385064 0.07085021 0.34929237 0.076366425 0.15789747 -0.70594835 1.3016533 -0.72980255 0.016809655 -1.1170324 1.3818094 1.1677397 2.3448732 -0.06573723 -0.39573747 0.20142534 0.69700557 0.7700342 0.82659703 -0.28559217 -0.034653224 -0.036923617 0.9550497 -0.12706201 0.9743883 -0.58277017 0.043014437 -1.688708 -0.51443905
262 0.23890738 -1.6038023 -0.28595117 0.17261262 0.8325288 0.50326085 -0.1739579 0.261027 -0.321581 -0.050774936 -1.1870958 -1.0658412 -0.29109812 0.26409912 -0.38002744 -0.27630275 -0.88210905 -0.077376 0.00621104 1.5270575 -0.29251608 0.0073836204 -0.36195713 -0.11342055 -0.32234043 0.75126934 0.57382697 0.30005231 0.3739001 -0.6236801 -0.42986783 -1.1338474
599 0.64619684 0.22902551 -0.2125505 1.635627 0.9520138 -2.6131837 -1.3008776 2.0119753 0.8669964 1.3492244 1.1116213 -0.3655311 2.0846329 1.3673384 -0.5734298 1.1410763 -2.0472033 -0.43491206 -0.026399614 0.7332064 1.7407125 1.3399259 -1.2787164 0.52497464 -0.34963349 0.26871914 0.33564818 -0.3017859 -0.6037415 0.3284043 -1.0692949 -0.63938594
1037 0.66459596 0.15488617 -0.16942991 1.680991 0.92862064 -2.5354142 -1.2404914 2.0151453 0.85871863 1.4138623 1.1432208 -0.3992434 2.1318498 1.366017 -0.6766515 1.2266216 -1.9576873 -0.46683615 -0.024422076 0.6506162 1.8193536 1.3491653 -1.298142 0.5507091 -0.45130864 0.2362557 0.4322086 -0.37875175 -0.52773505 0.37221983 -1.1134275 -0.67157304
263 0.22183244 -1.5976331 -0.30394223 0.16454539 0.8445948 0.499862 -0.16344596 0.25564003 -0.33548874 -0.058024693 -1.204862 -1.082916 -0.32904816 0.28372207 -0.37680072 -0.3039667 -0.868006 -0.081167966 0.020875435 1.5387894 -0.27311563 0.014447924 -0.39272356 -0.13289073 -0.31451616 0.76275426 0.58618474 0.3085114 0.37528092 -0.62749034 -0.46014044 -1.1301105
665 0.9482094 0.34552866 0.8674293 1.0129133 1.1786324 -0.55054516 -1.1543264 1.0551281 0.540791 3.0957074 -0.76716816 -0.571481 0.13306269 -1.0890272 -0.99480635 0.88784885 -2.1456935 -0.38905987 -0.55270886 0.7130609 0.025698049 0.38616756 0.01593327 0.64055586 -0.818668 0.8596963 -0.33039474 2.1761222 1.6317365 0.20166679 -0.7877979 1.4340233
1003 1.0466118 0.26085538 0.94898015 0.9853541 1.199646 -0.62387264 -1.2268518 1.1589271 0.630372 3.0365932 -0.9172875 -0.49329937 0.08460151 -1.0845484 -1.0085247 0.8671145 -2.2305598 -0.34039393 -0.5496015 0.7915491 -0.014748664 0.36394763 0.02826351 0.6833669 -0.7420133 0.8461441 -0.32888207 2.251608 1.7554861 0.1265124 -0.8078878 1.4253426
438 -0.47636437 0.9344609 1.4615018 0.27802965 0.16438131 1.1876755 -0.1568926 1.1653877 -0.44230053 0.68201447 -0.18446445 0.20887199 0.5205624 0.009472383 0.8953345 -0.03225483 -1.1684002 -0.06940435 0.79663545 0.014978421 -0.9527105 -0.058387335 -0.33631277 -0.38170287 -0.41049823 0.7825997 0.9974099 0.1850015 0.37787092 -0.40280026 -0.61472785 -0.8814645
210 -0.42969608 -0.81281465 -0.65733 0.5584252 0.64795494 0.81724316 -0.27618405 0.94686496 -0.029176975 0.7662854 -0.25553307 -0.21952856 0.5095506 0.5167061 0.78128004 0.09675354 -0.10649008 -1.4420038 -0.57241774 -0.4142032 -0.6409255 -0.6880944 -0.23135604 -0.3423309 -0.28209978 0.356873 -0.6500906 -0.54195184 0.7039509 -0.39585018 -1.216311 0.24171947
437 -0.48683578 0.9457335 1.4883255 0.2577034 0.17992975 1.1780705 -0.16629285 1.1487526 -0.45115775 0.6724412 -0.18475923 0.19456871 0.51520824 0.0019288536 0.899609 -0.020704161 -1.1743664 -0.060309637 0.7994752 0.012539686 -0.95948863 -0.053098653 -0.33744106 -0.38491526 -0.42749643 0.77921224 0.9901051 0.19452204 0.39078897 -0.39832577 -0.61221206 -0.8819339
746 -0.9225919 -1.1066271 -0.22385114 1.2155199 1.0983635 -0.20744899 0.6241742 0.7858971 -1.3347783 1.128534 -0.8810399 -0.049571592 0.41002557 -1.0875874 1.7631583 0.51453227 -0.5091024 -2.1211207 0.5388283 1.2138581 0.7563082 -0.5261459 -0.051789917 0.5646084 -1.0709194 -0.30766752 0.6372722 0.65015066 -1.8828436 -0.69819957 0.66949385 -0.11405253
92 -0.43417913 -0.8432561 -0.052957956 1.3756196 1.0273389 -0.13783765 -1.2475169 0.57735866 -0.049989577 0.48357123 -1.2326701 -1.0413018 -0.2989356 0.8541842 0.92046106 -0.07611689 -1.4367322 0.7878923 -0.28078508 0.6522746 -0.4779399 0.31744447 0.31212366 -0.29710376 0.31988478 0.06377222 -0.26687527 0.14297825 0.004464396 1.0498774 0.09541863 -1.4117413
656 -0.26443976 -0.15727502 0.17664589 -0.75274414 0.19353569 0.47858477 -1.8776312 0.7529078 -0.909881 -0.84124464 0.7623796 -0.61825514 0.4290543 -0.5690185 0.2920059 1.3938645 -0.87004095 -0.33818582 -1.3347299 0.6434332 -0.54394877 -0.15307452 -1.2445884 0.24595861 0.2189861 0.37545398 0.818177 0.6168541 -0.37773198 0.4901911 -1.2916912 -0.27917394
610 0.47586957 -0.44876742 0.5375602 1.8001851 0.54957455 0.3785474 -2.2072582 -0.05137112 -1.4355521 0.8773356 -0.3825063 -0.6585957 -0.38021407 -0.69747967 1.3028255 0.19114895 -0.65725785 1.2425939 -0.76032805 -1.9611665 -0.13357429 0.32083166 -0.6657204 -0.29864904 -0.3316184 -0.9086332 1.1207019 1.1097783 -0.8783308 -1.0357349 -0.8662994 -0.0043537635
311 0.79197794 -1.3127878 -0.09448167 0.5944632 0.13181177 0.48388413 -0.577935 -0.21583185 -0.3602885 -0.08955829 -1.4029616 -0.7522705 0.057905763 0.67525285 -0.41718155 0.3690739 -0.71489674 0.52352965 -0.4436823 0.52007943 -0.20037322 -0.31777328 -0.47762552 -0.2810418 -0.651269 0.3215818 -0.2938251 0.72037554 0.20426896 0.21920337 0.53554684 -2.1308231
355 -0.7673815 -0.7419472 -0.50784355 0.78338504 1.0890632 0.7077453 0.2569171 0.5329382 -0.06202965 0.3201407 0.11018746 0.104382485 0.64950895 0.07457645 1.0967373 0.20199785 -0.14733139 -0.74850595 -1.0748004 -0.18372037 -0.218683 -0.3986318 -0.4145969 -0.6434292 0.045766886 0.85288686 -0.78055125 -0.06396981 0.4088556 0.185957 -0.64312536 0.1379759
194 -0.05316432 0.1470505 -0.3004272 0.1768128 -0.3935512 -0.4797873 -0.70480514 0.1257505 -1.013822 0.5100616 -0.5645107 -0.5056442 0.7444055 0.36374673 1.0123044 0.8114285 0.09633468 0.52151024 0.28194395 0.812087 -0.33996463 0.34482643 -0.6483305 -0.67147976 -0.044443518 0.6672539 0.03427676 -0.5006104 -0.12376263 -0.33812106 0.4440665 0.66622967
68 -0.21177989 -0.15450601 0.19099995 2.0029206 0.6547077 0.52761126 -1.3922269 -0.048838336 0.57327414 2.184017 0.10527568 -1.370331 1.0567874 -0.3899626 -1.3955677 1.7589942 -1.4486892 -1.3098885 0.3286397 1.582695 0.07312546 0.3738443 -1.0865066 1.5295293 -0.020955106 0.6382192 -1.5305437 1.4598104 0.6210718 -0.21269801 -1.0337112 1.4648365
671 -0.23173812 -0.20351824 0.27482203 -0.7354724 0.12154732 0.45498842 -1.9160547 0.6757428 -0.97067803 -0.8724243 0.66157144 -0.49837855 0.43603525 -0.446201 0.326303 1.3206286 -0.74719006 -0.30642042 -1.2067701 0.3773675 -0.64491194 -0.07426204 -1.1839161 0.098241664 0.23856308 0.263157 0.7892182 0.6477453 -0.36464074 0.695979 -1.2291874 -0.27082506
1052 -0.10147024 -1.2764875 -1.0836402 0.13819179 0.60927576 0.5695658 -0.7328486 -1.7828096 -2.4263403 1.7626756 2.009477 -0.25890228 0.5245254 -0.04683696 1.0601115 1.2204213 -3.1172416 -0.5386056 0.5676213 0.21318889 0.7481318 0.4445142 0.33632535 0.22062626 0.34641236 -0.083005846 0.45159122 -0.6081881 1.2281693 1.00231 -0.7780674 -0.7985051
379 -0.5908216 1.2258096 1.0213652 0.28994843 1.0196375 1.0403197 0.008691627 1.0117975 -0.48665106 0.034884717 -0.25487787 0.24225459 0.70050627 0.12145386 0.7088382 0.52301836 -1.0654356 0.21375918 0.89536256 -0.38178045 -0.39118436 0.2225744 -0.7473495 -0.2646988 -0.0056454544 0.58230287 1.204604 0.18374233 -0.06938464 -0.40650573 -0.53726447 -0.8852141
663 0.09761402 -0.4434705 -0.38408685 0.23005632 1.1007401 0.8428384 -1.9599183 -0.2540711 -1.0674473 0.47133407 -0.037814546 -0.94470716 -0.5255079 0.25419578 0.67274505 0.49629924 -1.3759465 0.73799783 -1.248927 -0.72876054 0.22982097 -0.12684028 -1.0256585 -0.056824956 -1.3809065 -1.0559846 1.5953577 0.7984695 -1.2186476 -1.0565925 -0.9256995 0.3698999
644 -1.959499 -0.37735152 -0.47014448 0.02777282 1.1666965 -0.6868817 -0.9401911 -0.3013056 -0.7960511 -0.12309355 -0.55713224 -1.4965421 1.5968031 1.207569 0.5655852 1.1931608 -1.3420236 -0.69260395 -0.22750564 -1.0456948 1.5450356 1.3018712 -0.96806425 0.28770182 -0.30590385 0.9197711 -1.2014837 2.4001524 0.6920984 -1.6314784 0.49434096 -0.13727425
593 -0.12526575 -0.19847225 0.32984063 -0.81208855 0.15896757 0.3505198 -1.9380873 0.79533225 -1.0283382 -0.96543247 0.62274516 -0.44578302 0.6317258 -0.5507446 0.33350855 1.3148553 -0.826035 -0.33879837 -1.3177072 0.60297465 -0.57660365 -0.06541529 -1.1619672 0.24335545 0.30651563 0.26532704 0.7464728 0.5848702 -0.3179556 0.6410223 -1.2923839 -0.33114782
787 0.69082415 0.145686 -0.16353415 1.7656915 1.0248475 -2.634512 -1.2302152 2.0674071 0.7675275 1.3735564 1.0884359 -0.38215837 2.094932 1.316046 -0.6135441 1.1572167 -1.945203 -0.42394516 -0.00079742994 0.65457463 1.7722087 1.3167917 -1.213954 0.5719249 -0.37346312 0.19174623 0.32601932 -0.3741369 -0.5001397 0.43270993 -1.1659089 -0.64376384
378 -0.8851729 -0.8332137 -0.50883913 0.96404827 1.2314863 0.82826525 0.36323205 0.4972948 -0.037913866 0.24946262 0.18275785 0.19601732 0.66494197 0.060854636 1.3400011 0.19887608 -0.22681646 -0.7246526 -1.3308222 -0.027838694 -0.0774845 -0.39690524 -0.55217236 -0.7181448 0.11342123 1.0610422 -0.9429075 0.0753569 0.5109663 0.32524958 -0.6817252 0.15464978
1009 -0.004071293 -0.68603474 -0.94326794 -0.47154075 1.0860062 -1.2151219 -1.3186551 -0.6717046 0.7629425 0.6423078 0.13390522 -0.20525663 0.3497283 -0.6851103 0.59392005 2.5913522 -0.9020407 -1.1118393 0.50961554 0.5937614 0.21018243 -1.0711874 0.33690366 -1.3960313 -0.511555 0.48235562 1.182861 -0.6304325 0.3106125 -1.0764555 0.2514983 -1.508186
1219 -0.87622285 -1.0987104 -0.018868264 1.1327851 0.7438681 -0.14797819 0.47648478 0.59337807 -1.0832577 1.206751 -0.70964783 0.016434269 0.3987157 -0.9638392 1.6230543 0.636683 -0.54687184 -2.1021798 0.55229884 1.0599266 0.54333717 -0.4557994 -0.10033478 0.5364464 -1.0008132 -0.29449248 0.4049093 0.7970994 -1.623449 -0.54730695 0.75119257 -0.17698428
53 0.8144564 -0.89384 0.4161565 0.90986496 1.5618653 0.8028339 -0.23969334 0.25905773 0.2535922 0.18427026 -0.09436331 0.03681101 0.87250817 0.6216519 0.75987124 0.6452573 -0.34482205 -0.99177843 -0.65694976 -0.7398814 -0.879157 -0.283789 -0.82782066 -0.44320542 0.24881725 0.2971193 -0.5628705 -0.6020556 0.5101213 -0.37302974 -0.1155517 0.21082215
384 0.5396631 -1.6639991 0.341788 1.1962861 1.230728 1.0750498 0.17650816 0.28961465 0.2911769 0.706499 -0.17321819 0.09850173 1.0270758 0.47547618 0.8831863 0.84179103 -0.4219554 -1.7315214 -0.4307818 -0.48986077 -0.767934 0.17104523 -1.0419253 -0.6926771 0.52941847 0.49715585 -0.39907116 -0.4879679 0.10515971 -0.48684612 0.053115238 0.5953784
811 -0.6341955 -0.14621818 0.9806614 -0.53304344 0.6842492 0.33520046 -0.23608935 -0.22210237 0.36499378 1.7674359 -1.1431515 -0.4819663 1.8106517 0.8414988 1.4208822 0.100096576 0.8930189 -0.6540293 -0.4493701 1.2078661 1.3180792 -0.5483369 -0.97477376 -1.2195157 0.50103194 -0.48799786 0.28326842 1.0290548 1.2765124 0.79607177 -2.1248708 -0.27788886
383 0.577572 -1.6620611 0.38406608 1.1790059 1.2150596 1.057079 0.1732279 0.28171834 0.29827154 0.674789 -0.19181904 0.08509998 1.0014993 0.50376874 0.86434007 0.9022322 -0.43601918 -1.7068306 -0.44600677 -0.5229489 -0.76630366 0.14490932 -1.0640417 -0.70238495 0.5223251 0.48942113 -0.37496036 -0.48695263 0.106105275 -0.46853003 0.037543178 0.6105966
71 -0.24752817 -0.19205587 0.20255466 1.9793257 0.6626814 0.49558607 -1.3999211 -0.06569671 0.54167175 2.2713912 0.07437467 -1.3301426 1.047459 -0.4548539 -1.411952 1.8470047 -1.4422584 -1.3104966 0.3260231 1.5554655 0.063625365 0.459794 -1.0719332 1.5169864 -0.025729941 0.6304168 -1.4838172 1.4200137 0.5471642 -0.25321576 -1.0539081 1.4618832
234 0.90621036 -0.24153458 0.27894557 0.9975428 1.417986 0.50592643 -0.15902632 -0.08213502 0.10891399 0.5225914 -0.06436629 -0.17872919 0.5687257 0.6819888 0.9090492 0.5230907 -0.37983012 -0.86811835 -1.0648422 -0.58004886 -1.078842 -0.35815516 -1.010018 -0.6296211 0.13301255 0.18597141 -0.9528153 -0.46011794 0.6905297 -0.16565518 -0.047463566 0.109344676
758 0.3071659 0.2508325 -0.3279912 -0.37561643 0.46474865 1.0033922 -1.1520838 1.1423521 -0.94238836 -0.71749437 0.9412533 -0.56103045 0.6954848 -0.24756575 0.33599287 1.1112627 -1.467842 -0.34260753 -1.8765973 1.0673077 -0.11950364 -0.2756821 -1.2070147 0.24184914 0.19622692 0.34527037 1.1792995 0.9899982 -0.2081012 0.5793065 -0.74864197 0.16158251
736 -0.3846907 -0.88558954 0.1898061 0.8120704 0.44410717 0.21906881 -0.002717415 -1.0823553 -3.3342862 1.0598701 1.2183603 1.0286133 1.2442248 0.72937614 0.27083567 0.6278029 -2.6602812 0.11249947 -0.10926086 0.5250177 0.8560243 -1.4908404 0.1749189 0.4705882 0.59812456 -0.19058675 -0.079571545 -0.23378403 2.1496415 0.8379399 -0.28748927 -0.76872367
388 0.30427742 -1.5747702 -0.2244577 0.1617027 0.73147184 0.4456866 -0.13123885 0.234411 -0.30207896 -0.08806128 -1.1448917 -1.0834012 -0.29293507 0.305159 -0.32817778 -0.24825943 -0.8932364 0.043388974 -0.0917061 1.4516139 -0.23436573 -0.05478266 -0.3918001 -0.05915683 -0.33723578 0.69307417 0.5366482 0.29621458 0.48123908 -0.57946736 -0.32282043 -1.2313122
1004 -0.8277657 -1.1175395 0.20391744 1.1303619 0.6871051 -0.12320919 0.40523356 0.48523578 -0.9386248 1.078691 -0.5168722 -0.11970497 0.34158242 -0.8606703 1.3985294 0.8503611 -0.45188043 -1.8070371 0.5834459 0.9552059 0.5114591 -0.49761543 -0.07986205 0.58039373 -0.9640634 -0.35778016 0.26592404 0.78037816 -1.2527144 -0.48986802 0.7678274 -0.3885827
280 -0.55846345 -0.9245898 -0.777213 0.53989434 0.746608 0.8108143 -0.32471564 1.1631993 -0.054431632 0.9163027 -0.273268 -0.26976973 0.42584828 0.52377236 0.8403483 0.067430966 -0.12892294 -1.5974183 -0.669046 -0.5003088 -0.78936136 -0.73292184 -0.2516475 -0.46620005 -0.35916993 0.5366795 -0.68260974 -0.619578 0.7552027 -0.28337294 -1.4074117 0.20930828
114 -0.17758447 -0.03453744 1.0297089 0.4294335 -0.22520822 -0.40234232 -0.24632491 0.39421344 1.021966 -0.075974315 -0.9530665 1.236504 0.19278125 1.0237287 0.9411234 1.0161154 -3.185072 0.3308069 0.5823461 -0.5037666 -0.8808542 -1.826992 -1.3108562 -0.5601625 1.280882 0.34904233 1.5387781 1.076443 0.3262889 -1.0630971 -0.47885466 -0.5127285
113 -0.17723462 -0.011864883 1.0438209 0.45319688 -0.22237884 -0.38591257 -0.25648043 0.4063519 1.0555289 -0.08350296 -0.976894 1.230609 0.19178149 1.0443307 0.93383974 1.0105743 -3.176937 0.33338982 0.59735715 -0.47290874 -0.90431046 -1.8185769 -1.2961439 -0.54771507 1.2459961 0.35922834 1.5439562 1.0971035 0.31841347 -1.0533587 -0.49596334 -0.50853056
1307 -1.0554153 -1.5233296 -0.53807104 0.0148823885 0.485343 -0.92431533 -0.6544766 0.26950586 -0.6634276 -0.008010084 -1.2371514 -0.32919836 1.9027675 1.3369037 0.53711057 0.84372526 -1.1234047 -0.693714 -0.20243801 -1.842088 1.0532955 1.3692721 -0.47340485 0.5254939 -0.64114785 1.3610648 0.24012274 2.146605 1.0690615 -1.2349225 0.5315006 0.17922796
748 0.3747324 0.34324053 -0.4343118 0.2737024 0.05259267 1.1223452 -2.0639122 0.05677424 -0.290485 0.4134938 0.24753647 -0.7108182 -0.033207044 0.20124197 0.53425413 1.1746733 -0.66349024 0.4426258 -1.3911724 -0.034137458 0.10151608 -0.9089393 -1.5448684 -0.28420153 -1.2610565 -0.5133556 1.722619 0.95901006 -0.36698163 -0.089762375 -0.43602002 0.18162598
207 -0.015121761 -1.1401896 0.43486053 0.1209551 1.4036034 0.4140928 0.3281809 -0.2526283 -0.3307353 -0.039653894 -0.9379219 0.11719523 1.1123966 -0.40168476 0.2207285 0.65956163 -0.4050201 -0.3477094 -0.505438 -0.1535495 -0.24117011 -0.10380671 -0.58912706 -0.6186333 -0.20728399 0.18780583 -1.0163645 0.035852283 0.008544033 -0.26047358 -1.3819243 -0.26624012
759 0.340835 0.28812444 -0.3815639 -0.37786156 0.5639267 0.8371617 -1.013805 1.1937134 -0.910447 -0.7035616 0.8656563 -0.4135551 0.74939644 -0.20409602 0.39579028 0.9794444 -1.3419218 -0.29448447 -1.803446 1.0936027 -0.051879205 -0.27105674 -1.0493474 0.3605173 0.29308677 0.3061408 1.036432 0.9100487 -0.10865819 0.6179412 -0.738214 0.1734527
1092 1.5632563 -0.097350985 0.35932818 0.7082375 0.21893823 -0.0327244 0.6885398 0.45440656 -1.163574 1.7129502 -1.0351844 0.12701446 -0.85488534 1.543083 1.2321329 2.5405214 0.14721829 -0.11162215 0.16850632 0.6093001 0.15814483 1.337697 -0.31693906 0.0034048446 0.23096809 0.7711097 0.7449969 1.5150493 -0.9920745 -0.100396104 -1.6082746 -0.51445657
257 1.1807399 -0.3962814 0.1530893 0.3092782 0.33879188 0.46153477 0.7716157 -0.20612866 -1.5031538 1.4295012 0.15911973 0.44269466 -0.09208419 3.3577037 0.53131443 2.4144866 -0.05596539 0.5338697 0.39740306 0.6504821 0.0834686 0.2703861 0.4123316 1.0962996 -0.70258224 1.0175612 0.2078746 0.8252519 0.7419651 0.26840532 -1.2082696 -0.4905379
140 -0.7561322 -0.9481636 -0.01838002 1.1171955 1.086345 0.09697966 -1.2879467 0.418718 -0.1342906 0.4653747 -1.0707278 -0.9208536 -0.34745002 0.7824992 0.618018 0.1100693 -1.325585 0.627959 -0.19107561 0.7414875 -0.18196669 0.4217479 -0.0037521005 -0.43065226 0.36263517 0.15039356 -0.17399882 0.020028071 -0.31094387 0.75466585 0.07233038 -1.2061573
812 -0.016212787 -0.33791196 0.27038756 0.09499438 1.6158372 -1.2150767 -0.97276664 -0.377077 0.05370685 0.40100718 0.52886075 -0.4082293 0.006653226 -0.030975997 1.0729213 1.1473532 0.060574498 -0.94508475 0.5751712 0.8741652 -0.004012216 -0.6754965 0.55617434 -0.08852286 -0.56332505 0.8161464 0.7417909 0.1592883 0.26345077 -0.5591307 0.29379225 -1.1843528
195 -0.87978774 -0.7952214 1.8688135 -1.1326332 0.49165797 -0.44522542 -0.85179424 0.116441764 0.75633717 0.549109 -1.0879844 -1.6570224 1.0903249 1.070087 2.3150778 0.839567 0.67789865 -0.6689253 0.55839354 0.12260921 0.7876694 0.25642323 0.32128215 -1.2154566 0.34402105 -1.0645797 0.7484015 1.5640951 0.8649025 1.409098 -2.716269 -0.15987635
546 1.3802997 0.5638387 0.6726849 0.28232127 -0.16939302 0.79858506 -0.50211465 -0.23024353 -0.20153257 0.57757336 0.49064597 -1.0635468 -0.60498214 2.323658 1.2710718 1.7916942 -0.59130394 -1.1260372 0.96773434 0.6770013 0.398964 1.274932 0.19392459 -0.073195904 -0.6287525 1.3492725 -0.40209904 0.6695919 -0.2176798 0.36123335 -1.240166 -0.9732796
1274 -0.20036182 -0.384205 0.5006982 -0.85202473 0.49998873 0.6200839 -0.37493566 0.19595642 0.73327667 2.441065 -0.69207066 -1.4283223 2.3713708 0.89189076 1.1170183 0.50935143 0.8311231 0.57124215 -0.23729728 -0.25995868 0.9640034 -0.78796595 -0.5906709 -0.98403144 0.42505914 -0.65386367 1.132595 1.107158 0.66862553 0.7251865 -1.3111459 -0.9621966
474 0.8085881 -1.3238804 -0.13626723 0.57720375 0.14648262 0.4816644 -0.53813326 -0.08119 -0.25619546 -0.21086624 -1.3617249 -0.8397037 0.05897695 0.6704187 -0.3517582 0.38869703 -0.7773248 0.5900614 -0.4136853 0.4606502 -0.14681236 -0.34008753 -0.4115071 -0.3320649 -0.6176529 0.29307646 -0.26604193 0.7016484 0.32595113 0.1905229 0.55680853 -2.0639808
58 0.027535962 0.040087476 0.83575374 -0.3391531 -0.04002426 0.27938884 0.1551292 -0.12250427 -0.3619283 1.2933408 -0.64857274 -0.5565793 0.9293221 0.7087572 0.29049253 0.5224146 -0.8873184 -0.5065795 -1.7850835 -0.35016176 0.30381814 -0.23058791 0.7786315 0.6633933 -0.17982157 1.3636711 0.809132 -0.58857393 -0.41940963 0.19805287 0.20818625 -0.31580552
788 0.72204614 0.8156584 -0.99981165 -1.3679454 0.6039025 0.49857086 -1.4871348 0.8557393 -0.46092185 0.7428892 -0.8071472 0.23857746 0.7669847 -0.5101402 1.7086235 1.0992674 -1.047173 0.079220295 -0.0372681 0.15528926 -0.023580845 -0.800695 0.65770394 0.433537 0.5415934 -0.31365976 -0.2337295 0.7457087 0.2010001 0.34702694 -0.106957294 -0.19948024
233 -0.10991338 -0.2972774 0.5778081 -0.45303532 -0.112494186 -0.124911316 0.31125587 0.09496302 0.4202248 0.9439867 -0.41768506 -1.4935597 0.4364822 0.7269693 1.29493 0.15372019 -1.2595311 -0.13645354 -1.3368565 -0.033712883 -0.020288406 0.06570282 0.5977732 1.1999305 -0.38041854 0.539911 0.42984167 -0.37527072 0.039469212 -0.58759105 -0.45208234 0.013502323
613 0.2680716 0.3308217 -1.0981588 -1.2990103 0.78660226 0.22218041 -1.5300561 1.0988797 -0.41698033 0.9092755 -1.0738654 1.080311 0.60971594 -0.41016388 1.7760293 0.8323919 -1.2096896 -0.2559269 0.14255817 0.006426244 -0.30361 -1.000624 0.91636133 0.3811822 -0.01941945 -0.2536451 -0.15471816 0.9344556 -0.44593635 0.48543975 -0.06677689 -0.121216886
96 -0.8404235 -0.8071386 1.8522655 -1.130527 0.50304145 -0.48830158 -0.84154356 0.14648114 0.7468173 0.55700356 -1.0810469 -1.7091948 1.1451844 1.0675331 2.3229468 0.8383884 0.71865004 -0.64426285 0.57694703 0.0973392 0.74239326 0.2750673 0.3374651 -1.2090067 0.38181546 -1.0690243 0.7522255 1.6042151 0.8522157 1.4170214 -2.6599543 -0.2018924
102 -0.62910384 1.0230504 1.3063655 0.14574775 0.08576438 0.9876441 -0.16491596 1.1364474 -0.2563623 0.7639665 -0.35227028 0.15538892 0.17897339 0.0020938609 0.9319795 0.12568974 -1.2311293 0.008740077 0.6257676 0.013537711 -0.9913088 -0.17308809 -0.36537367 -0.33456916 -0.43222034 0.89651376 0.7283364 0.18452416 0.4092429 -0.18677185 -0.7095047 -0.7804557
672 -0.25218886 -0.17134091 0.2373523 -0.73110133 0.1649458 0.42733988 -1.9495528 0.7066475 -0.96652305 -0.8309084 0.62689793 -0.41146347 0.5364662 -0.48646745 0.32094136 1.3090757 -0.7774702 -0.3368301 -1.1666046 0.43414816 -0.6690271 -0.021162042 -1.1736186 0.1595077 0.3239727 0.2719954 0.7156975 0.5994746 -0.45141438 0.6970507 -1.2362136 -0.37194481
33 -1.0077591 -0.8436036 0.0879528 0.70727086 1.267898 0.7416784 -0.9143149 0.7950268 -0.37350988 0.01577069 -1.9791783 -1.0253601 -0.63336366 1.0388263 0.16949204 0.37657773 -1.0399553 0.26879615 0.109941505 0.6363865 1.0183299 -0.15624079 -0.47472176 -0.38063276 0.76501715 0.063721485 0.42190874 -0.42727193 0.14386953 0.31568947 0.1855681 -0.2919241
745 0.19299878 -0.062664986 -0.5925568 0.2078409 0.8822838 1.0168452 -2.1353981 -0.24671476 -0.6357444 0.5449356 0.06882038 -0.8706817 -0.4358316 0.30290276 0.6360942 0.7973326 -1.0994709 0.737352 -1.1885276 -0.32861695 0.22487947 -0.34092408 -1.2049205 -0.13338804 -1.4926921 -0.79715365 1.6187905 0.8073931 -0.9918002 -0.7971938 -0.632392 0.44804516
802 1.0765889e-05 -0.5054846 -0.36181167 -0.2122767 1.3681872 -1.3599353 -0.8522362 -0.58827764 0.14820899 0.51326 0.2548166 -0.3251486 0.12984063 -0.3633403 0.67394197 1.7448927 -0.429084 -1.1579032 0.39307803 0.8843433 0.049869914 -0.8905903 0.53124374 -1.1471126 -0.32981905 0.5994261 1.030216 -0.089630194 0.30023262 -0.86107886 0.25828105 -1.1823151
259 0.0065948875 -1.1324574 0.42024958 0.13976282 1.4082742 0.41233015 0.31081992 -0.21133922 -0.30377898 -0.024773765 -0.928224 0.10851477 1.100508 -0.3979651 0.19516733 0.6722592 -0.39316687 -0.33461884 -0.5033905 -0.15971325 -0.28135493 -0.10893542 -0.5644556 -0.6138778 -0.21133015 0.20604219 -1.0305296 0.03672734 0.023488658 -0.25264132 -1.3567863 -0.23373364
554 0.054420907 -0.48553193 -0.33759022 -0.11899968 1.303604 -1.3265485 -0.8880698 -0.5472935 0.22601108 0.48413023 0.3590783 -0.3453174 0.09331751 -0.3088749 0.72450036 1.6893768 -0.39304385 -1.0694008 0.44960913 0.7637146 0.13459672 -0.8784612 0.5271108 -1.0808738 -0.5229444 0.642931 1.0458629 -0.102554865 0.35446244 -0.7503219 0.25484076 -1.150586
265 -0.027648319 -0.17820005 0.906965 -0.52954704 -0.12035606 0.39915803 0.1493286 -0.07558839 -0.46727604 1.3331287 -0.784703 -0.6520426 0.88838655 0.60766596 0.1921217 0.56560284 -0.88728535 -0.65020543 -1.7986727 -0.20751005 0.30517575 -0.34239304 0.8576581 0.50285465 -0.31673104 1.4923288 0.8532849 -0.5821499 -0.64565504 0.32220313 0.11676467 -0.24222055
617 0.026665246 -0.49729565 -0.4491817 0.14979614 1.232562 0.8666707 -2.061043 -0.32875 -1.1252755 0.4590966 -0.025165217 -0.96241325 -0.5108496 0.31172445 0.6984711 0.66229415 -1.4396563 0.75782984 -1.2744613 -0.7208575 0.2478391 -0.1378855 -1.090025 -0.050181884 -1.4480104 -1.0694089 1.7378144 0.763702 -1.4008565 -1.1392355 -0.95048535 0.41208792
781 0.5938328 0.3095708 -0.25626352 0.8115552 0.72047514 0.6509292 -2.1160853 -0.28807983 -0.64931476 0.95415825 -0.09962234 -0.5189809 -0.53346324 0.010785932 1.1061264 0.6197675 -0.58139515 0.6689056 -1.5416414 -0.47155705 -0.028244842 -0.6972703 -1.539856 -0.22117491 -1.0930307 -0.8768621 1.7753786 1.0245668 -0.62183696 -0.56150347 -0.49546248 0.24788085
753 -0.9473715 -1.1046984 -0.24872562 1.2613636 1.1255859 -0.27037552 0.6143347 0.8707344 -1.3857752 1.1977725 -0.9330455 0.042684566 0.40941802 -1.1102327 1.8807153 0.39159092 -0.54719156 -2.1361475 0.5186396 1.2111048 0.8407542 -0.5154066 0.044498023 0.53454775 -1.1393378 -0.270448 0.6462463 0.6383418 -1.8601243 -0.7436255 0.6181056 -0.18181446
747 0.48021337 0.35026875 -0.7594251 -1.2151986 0.71062076 0.17090029 -1.4770212 0.7657231 -1.0151101 -0.27865088 -0.42990705 -0.014792305 1.0532705 -0.7055362 1.2723747 0.87271225 -1.0145855 -0.55812806 -1.4099419 1.1485454 -0.19643082 -0.21494618 -0.8290482 1.234045 0.39199796 -0.7895667 0.43024126 0.053452365 0.47950754 0.42954886 -1.0304518 -0.46620935
657 -0.041566584 0.18162763 -0.29043224 -0.85939527 0.5746072 0.89975816 -1.7734859 0.5728856 -0.790085 -0.6878576 0.70654666 -1.0818633 0.41677773 -0.6389465 0.3348104 1.8088813 -1.153944 -0.39373204 -1.7147824 0.83401895 -0.32991737 -0.38860747 -1.6454635 0.63858724 -0.28066465 0.37516463 1.0719147 0.7224059 -0.32021603 -0.03964084 -1.3407563 0.23965828
149 0.803878 -1.326906 -0.107605934 0.5502047 0.111884065 0.4801384 -0.501914 -0.06773754 -0.24811311 -0.18665059 -1.3443434 -0.8432909 0.029350124 0.6512191 -0.33176732 0.3882569 -0.79202265 0.5795352 -0.43189785 0.47527796 -0.13828962 -0.34852058 -0.40347704 -0.29398447 -0.63841164 0.2647375 -0.23538192 0.7058613 0.3462911 0.17962123 0.54556847 -2.0546036
614 0.42136547 -0.49069017 0.5506144 1.6215632 0.5949872 0.35264954 -2.1918952 -0.07796613 -1.4335313 0.81115305 -0.2622859 -0.5976872 -0.41308904 -0.6243957 1.2049108 0.1598977 -0.6480355 1.1552628 -0.8234293 -1.7619513 -0.028491415 0.25869045 -0.6991681 -0.3638692 -0.45353052 -0.7966101 1.2722939 1.0990374 -0.90346944 -1.0225372 -0.81811255 0.024844222
230 1.3354858 -0.17327075 0.25142732 0.23056996 0.51926404 0.5728399 0.92882943 0.15592745 -1.8737718 1.4917091 0.034502864 0.16420528 -0.04719762 2.9687798 0.2632493 1.9658449 0.16312723 0.53458256 0.20672289 1.0716141 0.15320961 -0.26783225 0.16840579 0.89025587 -0.47775444 0.84743553 0.10420525 0.9060587 0.43420187 -0.49977732 -1.1562765 -0.31840843
683 -0.15186808 -0.7988783 0.73069525 0.7797465 0.9331883 -0.55650043 -0.049274787 0.37700212 -0.72611916 0.37774822 -0.0882341 -0.531024 0.1125841 -0.45668325 1.0811279 1.4034177 0.06716844 -0.6783377 0.5201733 0.8512635 0.5170561 -1.1166365 0.22333589 0.9913904 -1.2186007 -0.2743815 0.22413337 -0.020283606 0.14560914 -0.5603772 0.35451233 -1.0144812
486 -0.40904218 1.0260073 1.3805695 0.2970981 0.46600503 1.1472806 -0.054211184 1.0893085 -0.45295548 0.4924005 -0.14606328 0.22960721 0.5855872 0.08695754 0.83455014 0.088742085 -1.1875544 0.019522397 0.78414893 -0.09524158 -0.79687035 0.062551625 -0.43042186 -0.37105182 -0.33918726 0.69119775 1.1713382 0.15809095 0.33113515 -0.4331793 -0.53928524 -1.0047491
162 -0.47660142 -0.12426982 -1.4477099 0.05765839 0.28044158 -0.22220574 -1.6560178 0.24857487 -0.3101441 -0.020448102 -0.72476983 -1.1725125 1.036436 0.09359446 0.5160225 1.8877324 -1.5110722 -0.28023204 0.16892841 -1.33617 1.9397501 0.32974762 -0.9477182 1.0572714 -0.5626459 1.9043562 -1.6795433 1.2306514 1.8880702 -2.2787523 0.78453285 -0.71630716
752 0.5319643 0.2764652 -0.49695075 0.43859857 0.48172787 0.9021466 -1.9544173 -0.14136027 -0.3962512 0.7077374 0.018630177 -0.6242617 -0.3429706 0.2163581 0.698129 0.8404008 -0.6967635 0.61938417 -1.3581297 -0.09183639 0.022022236 -0.72850454 -1.4181222 -0.2032577 -1.2388835 -0.75036275 1.6586549 0.84185815 -0.6102032 -0.3918835 -0.37255988 0.34806505
417 -0.6851013 1.2314285 1.0442324 0.33414167 1.0934535 1.0822519 -0.048809327 0.98122936 -0.5268121 0.0023556494 -0.18130586 0.31355017 0.76229393 0.14450173 0.7636444 0.59881735 -1.1550804 0.16645996 0.94847864 -0.419472 -0.44421482 0.3759391 -0.83002406 -0.29219428 0.03403274 0.6660921 1.3296654 0.17630176 -0.20600286 -0.4045126 -0.5499332 -0.94718647
655 0.6168263 0.7852621 -0.9424346 -1.3396115 0.63847613 0.39917114 -1.4595485 0.8460784 -0.45314276 0.74399626 -0.7808896 0.32637894 0.6932825 -0.40613198 1.7213117 0.99894315 -1.0546601 0.038461033 -0.04526345 0.1377476 -0.07608062 -0.7390263 0.675453 0.39572617 0.4642449 -0.3575654 -0.21255082 0.84251636 0.07331142 0.4728338 -0.15448174 -0.1498411
660 -0.08341353 0.081302255 0.3533511 -0.2549167 0.78985846 0.8062292 -0.44446564 -0.085735425 0.551123 2.2685518 -0.3447962 -0.77751786 1.7623153 0.55036086 1.0743668 0.13430278 0.8835686 0.119572274 0.04510742 0.6725141 1.2372518 -0.7693843 -0.62924266 -1.061033 0.48678756 -0.12285194 0.92042845 0.77687395 0.7526347 0.4796186 -1.6255 -0.88168967
1080 1.0901718 0.33937705 -0.72728884 -1.2061584 0.580223 0.48489165 -1.731987 0.7132148 -0.28196597 0.5265407 -0.87499946 0.29973704 0.9199214 -0.59345037 1.8050994 1.0381293 -1.2098352 0.12582563 0.37707484 0.056651205 0.119616024 -1.045315 0.893924 0.43002388 0.5840232 -0.2067346 -0.3635666 0.6163549 -0.28089482 0.0307769 0.07439866 -0.11107657
132 0.029157374 -0.02659058 -0.029740226 0.24005385 -0.44316798 -0.47478464 -0.560579 0.15251885 -0.9063061 0.47452474 -0.548814 -0.37429938 0.576837 0.22132178 1.0892015 0.4870096 0.10975245 0.52358174 0.062254626 0.88924706 -0.09114143 0.12768278 -0.47242346 -0.5590338 -0.17399132 0.6118861 0.2785404 -0.56551 0.021143105 -0.24665043 0.41156256 0.6960265
226 1.9180768 0.12801294 1.1946315 -1.2310287 0.99838996 0.120443374 -0.37481412 0.26756352 -1.1940966 0.94547 -0.47556552 -1.0273535 -0.18618949 0.18223746 0.75064856 -0.546707 -1.3997374 -0.44034407 1.0006136 -0.5080748 1.512314 -0.8660284 -2.1575322 -0.058504906 0.13068171 1.2342356 -0.16530432 -0.70345175 -0.38716504 0.56400603 -0.0801017 0.1786361
224 -0.13183092 -0.07792934 0.17107421 1.9269574 0.48763868 0.3812724 -1.3358686 -0.07808383 0.42584133 2.010625 0.1871778 -1.4042 1.053351 -0.33377153 -1.2769948 1.708976 -1.1820625 -1.1075647 0.31157175 1.3855873 0.13134506 0.41721812 -0.9240641 1.5312409 -0.111075185 0.5300826 -1.3886513 1.0728651 0.54714364 -0.010930309 -1.1041439 1.0970621
532 -0.0708983 -0.65128964 -0.9843335 -0.49278325 1.0522618 -1.2579124 -1.3334583 -0.70409214 0.78802395 0.7034554 0.10533692 -0.13990793 0.34710792 -0.6703019 0.5707335 2.6048756 -0.9405423 -1.0868435 0.4774259 0.61689025 0.23683418 -1.0695181 0.37148577 -1.4295835 -0.43206963 0.48723775 1.2233483 -0.64172566 0.2849186 -1.0534017 0.25032037 -1.566116
751 0.2996184 0.11372169 -0.6261431 0.1882136 0.7405837 0.9963406 -2.0061655 -0.14904085 -0.5368257 0.5127994 0.080781065 -0.8218557 -0.33941796 0.33667475 0.5090733 0.8501894 -0.92081356 0.743021 -1.240522 -0.13767508 0.16188784 -0.5245692 -1.2750677 -0.14825058 -1.3213322 -0.61498797 1.6493626 0.91172045 -0.79855907 -0.54332256 -0.52425456 0.42156923
22 1.2205008 -0.40536994 0.15183596 0.35802424 0.31034493 0.3905657 0.6922298 -0.18555114 -1.5104132 1.3545051 0.1822165 0.40762827 -0.08741574 3.3190422 0.5485973 2.4149628 -0.08332901 0.4904703 0.44786447 0.53514665 -0.0479949 0.36705998 0.47993016 0.99016285 -0.6291143 0.91444427 0.16359729 0.89896315 0.70197767 0.34148878 -1.2699922 -0.49801433
857 0.14674044 -0.93789804 1.0440348 0.0038046762 2.757726 -1.358505 -1.7427953 -0.46924588 0.3029978 0.11357552 0.7336021 0.04203042 -0.08357178 0.3607097 2.0361004 1.3190022 0.35168713 -2.0276487 0.51736295 1.4500965 0.38852218 -0.35052416 0.40800545 0.145969 0.20743959 1.5616889 1.8690299 0.48643485 0.5656241 -0.5968483 1.430362 -1.4249325
941 0.47648004 0.43964484 -0.7687896 -0.43228874 0.7732788 0.69030446 -0.9041074 1.6096385 -1.0184494 -0.7623635 0.59935313 -0.26928073 0.9875008 -0.24254996 0.35217622 0.80574965 -1.2185612 -0.14714634 -1.8077235 1.1562097 -0.11111555 -0.23652805 -0.84009904 0.52320206 0.31761333 0.34161738 0.82912797 0.6822799 0.08718242 0.7180018 -0.8988059 -0.12023309
170 -0.062012635 -0.23363642 0.58919096 -0.4683322 -0.20349397 -0.07488462 0.21804304 0.0560162 0.32629552 1.05921 -0.47256896 -1.4835474 0.46975222 0.67684466 1.2012805 0.21717894 -1.2636354 -0.20106478 -1.3960172 -0.133767 -0.037338857 0.1262997 0.6900729 1.0000632 -0.2804249 0.7375963 0.38322112 -0.4283727 -0.045372188 -0.38009867 -0.35405886 0.019721637
850 0.7824635 0.66264457 -0.9300876 -1.3678428 0.6129327 0.43090403 -1.5444559 0.80753267 -0.4221698 0.7776215 -0.85451525 0.23015764 0.7802967 -0.55422133 1.8183668 1.120571 -1.0981686 0.11918138 0.111065075 0.08977776 -0.022631971 -0.8564192 0.83667064 0.44260362 0.5034965 -0.2993437 -0.33718714 0.76426476 0.062222857 0.32926854 -0.08794935 -0.08860035
739 0.12558699 -0.56382024 0.041820917 0.7818162 0.05753622 -0.21908382 -0.07073707 0.59191775 -0.48606753 1.2334278 -0.6864124 -0.49040326 0.11957931 -1.1372013 1.6674796 2.0242698 -0.3298746 -2.033349 0.21245229 0.34909505 0.24789707 -1.0667045 -0.58532125 0.9818124 -2.2745647 -0.153954 -0.25783077 0.14569229 -0.96396595 0.32335153 0.5277576 -1.3342776
664 0.22203206 0.3633536 -0.3873037 0.100401394 -0.08779848 1.1647408 -1.8377795 0.13689795 -0.2631923 0.1706446 0.3825439 -0.7166615 0.07246979 0.07072556 0.3489886 1.1971081 -0.6102101 0.21036734 -1.2455037 0.03984803 -0.036672454 -0.814168 -1.4669647 -0.31755632 -0.93431497 -0.26106718 1.5611368 0.89437646 -0.24078256 0.07221742 -0.4860285 0.13096726
556 -0.024065722 0.27187076 -0.19632654 -0.9008534 0.54759914 0.71896774 -1.6765296 0.67559177 -0.80650043 -0.84136987 0.65915143 -1.0157641 0.5296497 -0.7004965 0.26598084 1.7056715 -1.073629 -0.4174207 -1.6387955 0.91024274 -0.3334292 -0.32113248 -1.5741328 0.5332242 -0.26669264 0.40267965 1.0123212 0.6488527 -0.25824353 0.088687465 -1.3103074 0.11221922
73 -0.4788025 -0.0345691 -1.4192727 0.11712327 0.4060645 -0.17148784 -1.6674649 0.24714763 -0.36313137 -0.00774812 -0.74981356 -1.1653962 1.0188298 0.09694474 0.41502568 1.8642383 -1.4666381 -0.29919824 0.26301163 -1.3449523 1.919554 0.2774578 -0.9097055 1.0153183 -0.6297856 1.9368258 -1.715933 1.2311641 1.8912169 -2.2953367 0.75168186 -0.74038
125 1.9009427 0.13228942 1.1545198 -1.2025659 1.069642 0.19035447 -0.415512 0.2769064 -1.2207204 0.9158472 -0.49142474 -1.0993005 -0.16272601 0.19757144 0.7109402 -0.5333798 -1.3722706 -0.42527696 1.075242 -0.4575492 1.5443164 -0.924933 -2.0862968 -0.07412334 0.15598586 1.2043809 -0.23794065 -0.7342748 -0.39600027 0.45777124 -0.087888665 0.17096058
962 0.22956172 -0.96688163 1.0689579 0.041001223 2.7793322 -1.3414041 -1.742899 -0.4533269 0.36179987 0.042287003 0.70753425 0.07365635 -0.07914186 0.3982703 2.1311917 1.2916275 0.40467033 -1.9313532 0.50313544 1.463413 0.37048727 -0.39183488 0.41689023 0.31914183 0.20906457 1.5881263 1.8586972 0.51245016 0.6417327 -0.5768869 1.4368416 -1.3598602
1 -0.46631238 0.92937195 1.4354683 0.29257572 1.3307148 0.7198352 0.465375 0.30031216 -0.53125775 -0.05575719 -0.54129744 0.48989084 0.34403998 0.06564603 0.8287749 0.3373544 -1.4432865 0.052402347 0.8247942 -0.9092135 -0.2690289 -0.18686457 -0.6850068 -0.006475086 -0.43524215 0.9401137 1.709104 0.38892028 0.017888043 0.009168032 -0.8173422 -0.9647357
126 -0.65364015 1.1196685 1.0072813 0.25878662 1.0395709 0.9298077 0.1028901 0.9237667 -0.44652173 0.02977014 -0.2113067 0.2473848 0.6442887 0.14124765 0.67687637 0.5867556 -1.1129023 0.2526948 0.8743104 -0.37283406 -0.37327167 0.21083692 -0.7247689 -0.31373888 -0.00548292 0.5345807 1.1397674 0.18266076 -0.08237922 -0.39361432 -0.5231765 -0.8614479
5 1.4332759 0.88416904 0.48319337 3.021143 -0.23049282 -0.21541883 -2.0160642 -1.8055261 -0.7248104 1.3502015 -0.74411464 0.52289367 0.18443659 0.5609431 1.2487599 -1.0710083 -0.8585617 -0.41208825 -2.4111624 -0.8897283 1.1443772 -1.6864783 -2.5481217 -0.5408423 -0.28722113 -0.6885342 0.74605167 0.96317416 -0.07733547 -0.452358 -0.6287355 -1.4590278
312 0.44960284 -1.3957574 -0.032149445 0.24748401 0.3031609 0.31764054 -0.18584046 0.26703298 -0.24600144 -0.15952206 -1.241828 -1.0153223 -0.30605397 0.44218054 -0.16244529 0.1087243 -0.9287547 0.3803396 -0.5149815 0.921 -0.024040464 -0.19485609 -0.4659205 -0.09740656 -0.48845416 0.35639197 0.27755827 0.24335209 0.7117784 -0.18649298 0.24171843 -1.7644831
591 0.34243348 0.31723112 -0.44218668 0.38907093 0.21044603 1.0121505 -1.9265566 -0.040022537 -0.31563744 0.5248251 0.12906468 -0.6173326 -0.14172526 0.17383458 0.663061 1.0657538 -0.60172653 0.49189967 -1.4224621 -0.26761168 0.052033097 -0.8424789 -1.4439275 -0.26765922 -1.2020118 -0.6131267 1.6499598 0.9152819 -0.38317418 -0.12375325 -0.4680945 0.3165097
557 0.492788 0.20573701 -0.2290224 0.93897617 0.7333982 0.5998585 -1.9561754 -0.2532191 -0.77975357 0.9106777 -0.09885264 -0.51730585 -0.46507406 -0.20148878 1.1490974 0.51207787 -0.5765065 0.6728003 -1.516985 -0.7294532 -0.06876126 -0.6618003 -1.3788146 -0.2578461 -0.90618837 -0.8136778 1.7208949 1.0198724 -0.7068685 -0.58407533 -0.59900445 0.22356057
1286 0.115823075 -0.521807 -0.43218482 -0.3157399 1.238385 -1.5446608 -0.85949963 -0.49020392 0.19012313 0.52220094 0.37351775 -0.3430443 0.10196901 -0.17752038 0.6131492 1.8484724 -0.7358294 -1.3272544 0.35259065 0.71859837 0.16360079 -1.1740421 0.66942924 -1.5437616 -0.33576 0.6409157 1.0985187 -0.08973347 0.5559067 -0.78649586 0.27473754 -1.0872548
709 0.8327841 0.036989294 1.210249 0.92198396 1.5841477 -0.8051677 -1.1087533 0.71437615 0.14306992 2.2661405 -0.7962937 -0.6210659 0.43108478 -1.1880689 -1.5062315 1.2018673 -1.4024549 -0.14340761 -0.14368048 0.4297373 0.36770955 0.0410094 -0.030465607 0.9459421 -0.5556096 0.32273754 0.21288082 1.8723295 1.3891582 0.39960453 -0.7496476 1.2497187
1345 1.0387757 0.42668486 0.24198267 1.6029894 0.8989536 -2.176708 -0.95339143 1.812598 0.4905858 1.0613317 0.8041439 -0.39238244 1.9683648 1.1182408 -0.6917075 1.0952523 -1.3676428 -0.2728459 -0.39999542 0.27038732 2.2804966 1.1945896 -1.4164428 1.0610534 -0.41975912 0.010549901 0.8131607 -0.8550054 -0.04656152 0.6797285 -0.67254 -0.6138217
615 0.02870608 -0.48142195 -0.39711693 0.304365 1.1164227 0.8069079 -1.9652344 -0.3276288 -1.1749978 0.43099168 -0.048668936 -0.9384758 -0.50589585 0.21488024 0.7336652 0.574242 -1.356917 0.7311153 -1.243557 -0.8230762 0.2229407 -0.13686818 -1.025707 -0.06836976 -1.2966163 -1.0271434 1.6209526 0.7840616 -1.331015 -1.0732632 -0.96629107 0.3378673
637 0.5216575 0.41419515 -0.85564333 -1.2905446 0.6496657 0.0966994 -1.3381189 0.8037782 -0.8962 0.03414307 -0.6848375 0.17492597 0.98203254 -0.75176436 1.5196011 0.77577114 -1.0394574 -0.4673682 -1.1889088 0.9724656 -0.14138944 -0.29740423 -0.41866967 1.1459749 0.3973861 -0.83277553 0.27277762 0.005461493 0.49154007 0.40484503 -0.8098826 -0.37626982
740 -0.3819825 -0.8601171 0.32837164 0.75216347 0.348309 0.22340798 0.004169796 -1.1130637 -3.339142 1.0088155 1.2568154 0.9612938 1.2346536 0.745367 0.4402252 0.66167086 -2.7221658 0.035575002 -0.20119584 0.6166574 0.8522295 -1.4520568 0.14586699 0.6153736 0.6240982 -0.2914314 -0.10113991 -0.29918468 2.2948823 0.6914374 -0.28566006 -0.81128985
594 0.43742076 0.5436188 0.22084706 -1.092832 0.41530573 0.47279847 -1.5525182 0.92826617 -1.065736 -1.1644434 0.35529318 -0.18791358 0.99911547 -0.3494806 0.8397327 1.0877907 -0.81304175 -0.23311421 -1.4776132 0.716734 0.14488381 0.11546583 -1.1585486 0.6195999 0.008589697 0.2675216 0.8783954 0.3385628 0.18494529 0.78053135 -0.75767094 -0.4107589
385 0.0053025936 -1.1628911 0.431936 0.1276948 1.4011666 0.41807887 0.36740375 -0.2346413 -0.29133016 -0.026653979 -0.91795087 0.11068066 1.0866544 -0.39936987 0.22908549 0.64212453 -0.37645793 -0.36749464 -0.501024 -0.16901958 -0.25186566 -0.11650314 -0.5717783 -0.6088477 -0.19742984 0.18324225 -1.0263062 0.018310258 0.025463944 -0.2573993 -1.341468 -0.25088176
444 0.01978534 -1.1532122 0.42148522 0.13269626 1.3824669 0.4149714 0.30937183 -0.21827334 -0.3002297 -0.030144628 -0.9190798 0.11261806 1.0916737 -0.40071303 0.22078402 0.6798837 -0.38011858 -0.34850717 -0.4950784 -0.17893666 -0.2664147 -0.11971222 -0.5905765 -0.6051808 -0.19645256 0.19999811 -1.0024242 0.0379989 0.021872636 -0.26032975 -1.3583146 -0.23713748
106 1.2552197 -0.30107826 0.10600981 0.32354674 0.3619485 0.5001677 0.79394054 0.010925365 -1.6901565 1.3982651 0.11431918 0.30709228 -0.07831123 3.1118836 0.3866616 2.2141566 0.05453013 0.4821285 0.32989335 0.8102569 0.12983994 0.09065095 0.30973223 0.8765571 -0.64041865 0.91606855 0.13261469 0.82802224 0.5086795 0.014953402 -1.1873355 -0.4579942
240 -0.550012 0.46760455 1.0142606 0.011014348 0.014468344 0.33764428 0.73542225 0.48983368 0.570742 -0.085091956 -0.07600437 0.104942985 0.26367393 0.44695374 0.7702192 0.8018436 -1.705762 0.5699953 0.18426122 -0.15973808 -0.431225 -1.20037 -1.2606539 -0.6354442 -0.54719543 0.38661987 0.14543399 1.129416 -0.004306987 0.13784467 -0.1321026 -0.24857096
703 -0.062891416 -0.42751104 0.7960647 0.7146199 0.5252508 -0.18393278 -0.33462882 0.37993988 -0.76999813 0.513558 -0.44161963 -0.8125908 -0.05429072 -0.84322315 1.2636862 1.4878736 -0.09154198 -1.2339228 0.67888737 0.40305638 0.38165024 -0.96679896 0.03230794 0.8868598 -1.7226263 -0.39986524 0.071288876 -0.07496426 -0.34233811 -0.18693925 0.24538234 -1.0709486
673 -0.59876406 -0.16998197 0.8736501 -0.51553816 0.6974531 0.35633972 -0.13567007 -0.11738111 0.4020881 1.8206441 -1.1086426 -0.5556577 2.0110679 0.89901984 1.4488565 0.057790574 0.87534606 -0.59880114 -0.489358 1.3245678 1.2898597 -0.62678057 -1.0278792 -1.2273804 0.530194 -0.5101022 0.3076917 1.1581805 1.3563656 0.88197714 -2.0340493 -0.26118186
460 0.006909883 -1.1466066 0.43404165 0.11674849 1.3925818 0.41178322 0.35861722 -0.23348166 -0.31721213 -0.042691424 -0.9450915 0.13066824 1.0815308 -0.3975674 0.22738661 0.65139675 -0.41085082 -0.36159253 -0.51642114 -0.15635698 -0.22956291 -0.12575223 -0.5823183 -0.5849622 -0.1718048 0.21031013 -1.0252186 0.06040101 0.025135024 -0.24843499 -1.3901823 -0.25809267
203 -0.00631747 -1.1592089 0.4151165 0.12860389 1.4113936 0.42552817 0.34215677 -0.24039082 -0.28184062 -0.030369366 -0.92210186 0.09078717 1.1100686 -0.412219 0.21275383 0.6856969 -0.40217012 -0.3409679 -0.4984168 -0.14879782 -0.26918057 -0.123405784 -0.58488965 -0.602492 -0.20375039 0.2084997 -1.0170575 0.041056838 0.034629688 -0.2655531 -1.3693125 -0.25288165
292 -0.35129586 0.2842755 0.86809576 0.4944726 -0.4229638 -1.4787865 -1.5275456 -0.94433737 -0.79522693 0.8230272 -1.6188891 -0.053025097 1.2360039 -0.0068818624 0.17506802 0.33102384 0.22369476 -0.08286239 -0.15318938 1.1724555 -0.6772346 -0.20980263 -1.1218418 -0.6031338 -0.48387027 0.9172783 -0.28046218 -0.4225263 -0.23583248 -0.5868527 -0.35588777 0.30001616
314 -0.37112507 0.28791514 0.9121074 0.48917386 -0.42362934 -1.5046617 -1.5445318 -0.95314044 -0.8121784 0.8184985 -1.6222367 -0.065640725 1.2570534 -0.01411764 0.16002232 0.33756799 0.20684652 -0.08949848 -0.1302157 1.1518565 -0.6811751 -0.21825494 -1.0953333 -0.6052542 -0.4548 0.9139928 -0.3040163 -0.45421734 -0.23431626 -0.61344784 -0.35864514 0.28841677
42 1.4234484 0.96661067 0.47893438 3.076598 -0.23116939 -0.16014156 -2.0058875 -1.8034732 -0.68769044 1.3062084 -0.7380401 0.49960062 0.17437446 0.5395995 1.2485169 -1.0933225 -0.8282504 -0.42560095 -2.4070508 -0.9068249 1.1735402 -1.6786964 -2.5613656 -0.5068671 -0.20925723 -0.6248031 0.8008525 0.9343033 -0.055242553 -0.45218623 -0.6078278 -1.4501249
212 -0.38797894 0.2844376 0.9292139 0.49509043 -0.42718202 -1.4758533 -1.5372783 -0.9386705 -0.8154244 0.82013774 -1.5966569 -0.047046416 1.2601556 -0.031892993 0.19001938 0.3189602 0.20959027 -0.07283387 -0.14518008 1.1583447 -0.70137537 -0.23336652 -1.1177022 -0.58651704 -0.49089476 0.9233218 -0.28611705 -0.4299572 -0.22359182 -0.5944308 -0.36596322 0.2715362
59 -0.6447967 -0.43411368 1.0913502 0.90013105 0.8438861 -1.1245847 -1.1722041 -0.44789448 -1.3403713 0.2686247 -1.1055098 -0.24287996 -0.6334548 0.38557827 1.6282394 0.41341105 0.36635292 -2.3953145 -0.5212025 0.38541454 0.6508512 -1.9567213 0.065126665 0.749732 -1.2269504 -0.26572064 -0.34750804 0.7319465 -1.157919 -0.09487352 -0.58141077 -0.37658903
537 0.57852614 0.33134046 -0.38510388 0.71106046 0.6574569 0.7082999 -1.9797758 -0.19333182 -0.58877915 0.8610773 -0.07154873 -0.56698346 -0.40037668 -0.031058956 1.0453992 0.7048645 -0.5855925 0.6969966 -1.4859086 -0.44018283 -0.030553857 -0.72895855 -1.4781508 -0.26321864 -1.0607672 -0.8155078 1.7761428 0.97074026 -0.6172255 -0.49589068 -0.49468195 0.34024817
545 0.18043515 -0.61280763 -0.19832657 0.82268274 -0.045645244 -0.17999521 0.0268258 0.6390029 -0.40662208 1.2616222 -0.7721816 -0.40894082 0.11957384 -1.1934493 1.7573569 2.1248827 -0.44907904 -2.1467748 0.17447221 0.32711747 0.31216305 -1.0910311 -0.7388404 1.0485291 -2.2128468 -0.116380855 -0.19561735 0.18853779 -1.0639906 0.30898735 0.61321133 -1.3167825
276 0.9398619 -0.32054123 0.39761817 1.0652671 1.5165668 0.65417606 -0.17365375 -0.041276 0.18920393 0.44224253 0.040390756 -0.15875816 0.62343264 0.75524706 0.99066436 0.56473196 -0.43819156 -0.9586818 -1.0831474 -0.60344905 -1.1036915 -0.3936087 -1.0872092 -0.63484496 0.1704632 0.24356027 -1.006498 -0.43559536 0.75109535 -0.1692396 0.022487514 0.17817879
64 0.3769 0.50838566 0.21019757 -0.8938128 2.3121417 -0.5049533 -0.3377706 0.75281465 -1.5464809 1.2862533 -1.1538647 0.1132022 0.8023804 -0.36128464 0.23502587 1.0557206 -0.25075915 -0.48825604 -0.020209922 0.5388159 -0.09875677 -1.9039261 -0.07186151 1.011162 -0.63360304 -0.59957737 0.3322537 0.36078432 -1.9134765 -0.6396111 0.95390934 -0.002080562
942 0.9421345 0.40834582 0.095358245 1.601829 0.95993686 -2.319429 -1.0604986 1.965441 0.52995145 1.1390855 0.9057018 -0.55039054 2.0353286 1.183664 -0.74027205 1.1777792 -1.4726996 -0.36952165 -0.11716683 0.37684873 2.0350847 1.2627335 -1.4497049 0.7964605 -0.2884846 -0.020923104 0.5077096 -0.70407856 -0.2449936 0.35191938 -0.864601 -0.5343917
174 -0.8242795 0.20763434 -1.5385498 0.29772502 0.4949572 -0.17674394 -2.0413058 0.7736703 -0.6654247 1.1963474 -1.0384303 -0.29441747 1.014908 0.30363756 0.9502866 0.7023833 -0.9461914 -0.77245647 0.4650242 -1.1011008 1.6404227 0.5819461 -0.8154055 0.5677653 -2.44384 3.1126325 -1.962386 1.5211575 1.9725685 -0.8695025 -0.011342769 -1.1472489
1139 0.01651383 -0.36844295 0.4211103 0.37135682 1.4337018 -1.1329017 -0.7450208 -0.18207248 -0.091888025 0.31178543 0.44502315 -0.664331 0.050276887 -0.08109116 1.0845783 1.2277727 0.10728035 -0.7430371 0.70692897 0.8426608 -0.10026976 -0.7899418 0.47797248 0.2746319 -0.847408 0.53257006 0.550474 0.09160485 0.3320645 -0.36050138 0.34282926 -1.2258068
1120 -0.43011573 -0.8251542 0.091963105 0.85720825 0.48476014 -0.06298598 0.32482967 0.40268812 -0.7799089 1.0552695 -0.68162704 -0.12157966 0.2830817 -1.0099214 1.4881326 0.9921178 -0.5603898 -2.0521107 0.574303 0.79143465 0.2818616 -0.36060625 -0.3620771 0.6432191 -1.09633 -0.26078185 0.281156 0.647128 -1.3440616 -0.25879154 0.8133526 -0.4637437
377 -0.0038064336 -1.1403804 0.4360246 0.13867286 1.4110264 0.43011105 0.29493463 -0.23812777 -0.30222163 -0.0090041775 -0.9205077 0.10378956 1.0996417 -0.42163533 0.22286798 0.6778225 -0.4184721 -0.34399056 -0.4834937 -0.15213889 -0.24818957 -0.12118265 -0.57918125 -0.586855 -0.22785285 0.204451 -1.0296719 0.0138436025 0.013395885 -0.23104605 -1.366846 -0.26673704
933 -0.76870275 -1.1267172 -0.75976175 0.19993949 0.34852746 -0.90968686 -0.89831674 0.51751614 -0.9315823 0.10211371 -1.374149 -0.393958 2.0977488 1.4708151 0.8449055 0.07306898 -1.4587793 -1.0174454 0.20995952 -1.9640619 0.5717363 1.2915297 -0.84521973 0.8340276 -0.926658 1.6021119 0.23378342 2.7313163 1.498427 -0.5475295 0.5829908 -0.19434544
521 1.0328412 -1.1856544 0.57619524 -0.638909 0.32516348 -0.91035575 -0.3366696 1.0417368 -1.0023463 1.1350083 0.15108263 -0.82784474 -0.052592922 0.49609157 0.5867251 -0.41568857 -1.0709202 0.116610594 0.67881924 -0.32469866 0.5776095 -1.29809 -1.7450694 0.12123891 -0.0035305046 1.1127447 -0.47570497 0.13234586 -0.05404464 -0.10062305 -0.8819284 -0.097299084
60 -0.7801524 0.21109237 -1.514191 0.29404068 0.48028114 -0.21091673 -2.04559 0.7611946 -0.65260506 1.1666961 -1.0008945 -0.23435171 0.98326063 0.2336099 0.9477025 0.7218622 -0.92925143 -0.7900235 0.46490127 -1.0778604 1.619784 0.57138723 -0.82680064 0.530789 -2.516153 3.1148386 -1.9545549 1.4980845 1.8958857 -0.8451088 -0.032006066 -1.1086432
517 0.9291357 0.18916786 0.8296098 0.9234576 1.1445078 -0.48358837 -1.1259245 0.98185825 0.34863988 2.8202796 -0.7095435 -0.6465172 0.20858766 -1.0117166 -1.0538733 0.81611526 -1.8256482 -0.38181907 -0.36194146 0.71195066 -0.070503354 0.36326346 -0.0031695687 0.80236804 -0.5566604 0.7081753 -0.20121047 2.0214887 1.4752482 0.17598696 -0.5739524 1.4034939
329 0.029674144 -1.173512 0.46551457 0.1379562 1.3911607 0.4218003 0.3112543 -0.23904148 -0.29667765 -0.017663427 -0.9303648 0.12093995 1.0858305 -0.40928274 0.227436 0.67455393 -0.42385244 -0.3551216 -0.50865626 -0.15846704 -0.2424975 -0.102315664 -0.6044057 -0.6012921 -0.23354113 0.2103216 -1.0014081 0.03492626 0.021412417 -0.23094831 -1.3915257 -0.25596097
112 -0.4868613 0.94169503 1.1958963 0.1756614 0.2505629 0.96109813 -0.06548047 0.85451454 -0.23413731 0.73167205 -0.20452444 0.02489181 0.37026316 -0.022283172 0.696657 0.0019983281 -1.1242527 0.23499465 0.7052092 0.028775278 -0.6212863 -0.3879571 -0.4276125 -0.23313366 -0.2974454 0.72138345 0.81656265 0.122977056 0.101768464 -0.4438548 -0.5473091 -0.6059083
760 0.15532123 -0.38744524 -0.51637405 0.44109455 0.9728598 0.84747756 -1.9532528 -0.1615905 -1.05206 0.5405175 0.17136692 -0.89679444 -0.5116394 0.28842267 0.71496356 0.3903311 -1.5298152 0.512817 -1.2912651 -0.5626939 0.09598463 -0.0690406 -1.0078022 -0.19212338 -1.3208543 -1.0497155 1.3641828 1.0057145 -1.0268848 -0.9674848 -0.91982746 0.27822068
151 -0.11842239 -2.389143 -0.3771066 1.0541401 1.2003227 0.31127158 -0.037201256 -0.2834813 -3.3098662 2.6216023 1.3456237 1.1372505 1.1457373 -0.2986826 0.5839673 0.022252057 -2.2797525 1.1143905 0.81643033 0.6510842 0.4664881 -0.39387387 0.95017207 -0.07895643 0.80120367 -0.0089962445 0.7583874 0.61581147 1.411252 1.2545921 -1.0208766 -0.42184693
609 0.3623853 -0.46709564 0.5230931 1.6154982 0.59996533 0.36989304 -2.144373 -0.15294924 -1.4639591 0.70085394 -0.35294533 -0.629895 -0.39846537 -0.58860505 1.1346971 0.19416732 -0.62513113 1.1501193 -0.83111763 -1.9338088 0.026494272 0.113827266 -0.7207179 -0.31444404 -0.32784176 -0.8695115 1.1962763 1.0348264 -0.9311369 -1.1310444 -0.86874783 -0.014987355
46 -1.8515645 -0.65722436 1.8250653 -1.0147933 0.27291963 1.2320645 -2.5480287 1.5954305 -2.5516474 -0.029285759 2.6469605 -2.3372092 0.018294588 -1.1952585 -0.21353109 2.890209 0.17967345 0.4957059 -1.4137568 -1.0612435 0.41609502 -1.2785008 0.22071896 -0.5296902 -0.6403135 1.1710317 0.20975289 1.6916547 -0.42092746 -0.25305584 -1.09577 1.0252948
255 0.1309614 0.009414744 0.1272436 0.079249 -0.5798281 -0.5050329 -0.6929533 0.28209853 -1.0675858 0.7380197 -0.761051 -0.44085702 0.5933653 0.2427436 1.2883983 0.56461424 0.18373391 0.55858845 0.071925335 1.0866318 -0.12519054 0.11695209 -0.66077465 -0.5725993 -0.2662763 0.64732105 0.3386641 -0.8313876 0.0931987 -0.22011198 0.5898653 0.6259921
943 -1.0176861 -1.5844914 -0.31421608 -0.15032819 0.5282145 -1.2122654 -0.7601328 0.67341274 -0.88830847 -0.20562874 -1.2706054 -0.5677804 1.9917257 1.0440933 0.43584654 0.6475572 -1.2540857 -0.8218059 -0.050651062 -1.747841 0.9752936 1.7065398 -0.47649166 0.3995288 -0.60125744 1.200722 0.39572683 2.3280063 1.0796329 -1.204357 0.6958813 0.024087658
491 0.9670991 -0.99007666 0.5259925 1.0028901 1.6238106 0.8342958 -0.24497746 0.28824282 0.2978803 0.11817228 0.024185829 -0.07218959 1.0571964 0.76025075 0.8393299 0.70526546 -0.38447326 -0.9968348 -0.6864948 -0.872662 -1.0507511 -0.41743872 -0.8732496 -0.48398286 0.25860247 0.30209482 -0.6757567 -0.4840228 0.52582693 -0.43351418 -0.031971443 0.21639812
186 -0.07575406 -0.09633578 0.19348577 1.8888481 0.6531892 0.47595122 -1.3824598 -0.014396127 0.5088195 2.0823846 0.049123306 -1.3922007 0.94804084 -0.46689543 -1.3618528 1.7268963 -1.2393663 -1.0929604 0.35233948 1.4181125 0.14059703 0.38775882 -0.9467911 1.5465802 -0.07728675 0.57823366 -1.3532661 1.1787686 0.64098376 -0.16426882 -1.0621305 1.2926337
167 -1.1863803 -0.79284644 -1.5466857 -0.025765438 0.36827862 -0.50007594 -1.1690482 0.07075213 -0.88764143 0.25160706 -0.5034857 -0.98146176 1.0823536 0.119126506 0.37949914 1.4477341 -1.2402204 -1.0090414 -0.06971983 -1.1825191 1.5027347 1.2904335 -0.9372749 0.0651517 -1.023913 2.6578307 -1.3980829 1.3533158 1.1071354 -1.7793344 -0.214083 -0.8225547
57 -0.10560676 -2.3834224 -0.41015342 1.035281 1.2676723 0.2649102 -0.02426135 -0.17382447 -3.2905097 2.708049 1.3392115 1.1616349 1.1325439 -0.3007989 0.62357324 -0.027566014 -2.2965827 1.1588339 0.77258563 0.6511346 0.46585405 -0.3790866 0.9876092 -0.09822098 0.7524563 -0.029523011 0.7709527 0.61379 1.4597014 1.2425786 -1.0391663 -0.46231505
343 1.1413479 -1.2009983 0.6565864 -0.36041662 0.34783605 -0.6576384 0.2336571 0.570118 -1.322654 0.66440773 -0.10461165 -1.0906874 0.54483694 0.08676943 0.7582486 -0.53533393 -1.4388331 -0.2517861 0.62316525 0.16776998 0.54409003 -1.3896667 -1.817862 -0.0003949763 1.2392598 1.0328065 -0.32253924 0.55361676 -0.8725288 0.12049135 -0.46806237 0.49854842
566 -1.0255927 -1.4875528 -0.56615627 -0.02100614 0.46083957 -0.9263347 -0.73948306 0.2884847 -0.6015222 -0.03804 -1.2665229 -0.2797825 1.9278355 1.3922179 0.56577915 0.8815039 -1.2213494 -0.7216838 -0.2155629 -1.8875482 1.1078608 1.2935972 -0.43843508 0.45743018 -0.7051381 1.3484038 0.18571846 2.1608756 1.0576574 -1.2615988 0.5903899 0.28952113
955 0.8756949 -1.8677711 0.08162972 2.5559072 0.16548713 -2.1915214 -0.23516673 1.6463711 0.60521924 1.0825895 -0.08261286 -0.65544605 3.1752207 0.55940735 -1.1690267 2.1337047 -1.8836582 -0.558774 0.6236962 0.31971186 1.5569825 1.088488 -0.4884292 0.06333682 -0.99117935 -0.7616351 0.24077491 0.01791338 -1.7452047 1.078811 -1.5961797 0.2691877
15 -1.2228662 -0.8643084 -1.5358744 -0.03862418 0.36466295 -0.5009199 -1.1323637 0.01876345 -0.9838548 0.28042564 -0.5172603 -0.93429095 1.093828 0.07718218 0.38976097 1.4595017 -1.2205341 -1.0660864 -0.111030206 -1.2009308 1.5382243 1.2769233 -0.956264 0.016899155 -1.002243 2.7108428 -1.3832372 1.4033318 1.122359 -1.7953972 -0.26997668 -0.7925078
710 0.06306844 -0.5454808 -0.29981807 -0.17141166 1.429802 -1.3362178 -0.81665796 -0.5550763 0.033893585 0.43042162 0.23446162 -0.3951693 0.15960623 -0.43162647 0.78551024 1.6933768 -0.34758154 -1.1172849 0.4393119 0.96239763 0.052696843 -0.877777 0.5652487 -1.1390694 -0.34623337 0.61652136 1.131571 -0.0882734 0.18881878 -0.91550535 0.27727082 -1.1441007
851 0.24839434 0.016314773 -0.77927613 -1.1283257 1.0844721 0.2158284 -1.3237163 0.86412156 -0.41766125 0.91074663 -1.0504595 1.1705594 0.7195422 -0.35745698 1.4880071 0.9322431 -1.3086573 -0.51222974 0.55242735 0.08378047 -0.5836325 -1.1426815 0.9073077 0.5480402 -0.3828519 -0.083467424 -0.08858561 0.8150275 -1.1933917 0.4885853 0.2139507 0.05644397
886 -0.81734616 -1.05509 -0.7753495 0.17271857 0.3585325 -0.8535807 -0.90249586 0.5007564 -0.9519373 0.27050996 -1.4268404 -0.34906664 2.0694036 1.5602164 0.9062881 0.044852123 -1.4232588 -0.9116966 0.15505452 -1.9826902 0.57370085 1.2726789 -0.80561286 0.8325628 -1.0477655 1.6814737 0.18605487 2.7359762 1.5554585 -0.5448637 0.5285387 -0.33431804
976 -0.14862974 -1.3308343 -0.2472287 0.83854824 0.68052566 0.6456862 -0.0010985705 -0.9980189 -3.6377559 1.1061437 1.5556054 1.0251096 1.4522582 0.5853258 0.21573353 0.6078442 -3.2368038 0.2518021 0.3271261 0.37470895 0.69639015 -1.4694864 0.2803951 0.081795156 0.7879807 -0.2605651 0.09513635 0.22422156 1.8921522 1.1397556 -0.500263 -0.83170354
1061 0.92040515 0.2636737 0.86433023 0.9910089 1.1700941 -0.55435663 -1.1504961 1.1302214 0.4457262 3.035018 -0.7828119 -0.54386294 0.21433803 -1.1178839 -1.0819093 0.90910846 -2.0524883 -0.36398676 -0.44352156 0.7085082 0.021590387 0.34492978 0.02944082 0.68216217 -0.84887344 0.8505958 -0.31824335 2.0907533 1.6563051 0.17517208 -0.7819603 1.4028311
581 -2.0098038 -0.42511326 -0.48655066 -0.012616117 1.1880906 -0.71523446 -0.9679258 -0.23950025 -0.8124289 -0.08411832 -0.58042824 -1.4873537 1.6150194 1.2013563 0.5999243 1.2645046 -1.3457261 -0.71448267 -0.2407597 -1.1611392 1.5630473 1.3724629 -0.9924373 0.26789206 -0.2978027 0.9863303 -1.2129533 2.4322934 0.655679 -1.6808267 0.46807012 -0.18504469
548 1.5270123 0.2253915 0.49861187 -0.15249456 -0.16611475 0.66318864 -0.37044117 0.20045918 -0.20656046 0.61911476 0.70987755 -0.76038915 -0.5722898 2.4900756 1.1871271 1.270669 -0.76058125 -0.9909946 1.1844559 0.9486874 0.038899124 0.5698607 -0.016570266 -0.11519563 -0.80240154 1.6432282 -0.50876164 1.079632 0.14835814 0.11336576 -1.2876251 -0.66755563
268 1.3506712 -0.15048474 0.25019237 0.20878342 0.5326808 0.6049801 0.90325046 0.14400764 -1.8411149 1.4689851 0.058126822 0.10545447 -0.055476263 2.9923506 0.27107313 1.9367172 0.12330793 0.5441725 0.2562241 1.0758691 0.16451874 -0.2742253 0.17561607 0.93053716 -0.48950908 0.84818363 0.10950931 0.91452414 0.40325218 -0.5325868 -1.1473615 -0.31592107
674 0.62853456 0.7167969 -1.0163124 -1.2804277 0.66672015 0.40801206 -1.3658113 0.8124013 -0.47677854 0.8423834 -0.82479656 0.3239902 0.70642924 -0.4631442 1.6044171 1.0392784 -0.9473159 0.033634532 0.0036537251 0.14277254 -0.105971895 -0.8288565 0.71639436 0.40655088 0.4177814 -0.3082597 -0.2379183 0.80824083 -0.002058935 0.40385148 -0.100523196 -0.17507532
44 0.7608913 0.16853541 0.172322 -0.58710414 0.3110147 0.3185835 -2.4823213 0.7522669 -0.6595711 0.04380435 -0.08083386 0.11120513 1.3544009 -0.20668457 1.2691798 0.5644586 -1.7600335 -0.10037383 -0.7356597 0.42878467 -0.47653225 -1.9398555 0.5492338 0.84235746 1.2902002 0.13954224 -0.43255776 1.8656483 -0.75292635 0.49592325 0.0013127024 -0.05201737
730 0.8835034 -0.038885 1.161914 0.97628784 1.2860968 -0.6304207 -1.2372625 1.0253214 0.5340347 2.5895886 -0.9765801 -0.47260794 0.23316693 -1.1316887 -1.4932532 1.2040181 -1.9096013 -0.302185 -0.3772904 0.6031709 0.3089405 0.030953044 -0.05090568 0.72943133 -0.65090424 0.52196103 -0.04581537 2.1361673 1.5890155 0.22658904 -0.88236535 1.5126112
1240 0.18944222 -0.11659419 0.36551523 -0.30141157 0.8827211 0.88891226 -0.6726642 -0.3733781 0.69238037 2.2896667 -0.17582525 -0.8067094 1.9948735 0.7327442 1.280922 -0.031345204 0.7676307 0.255652 -0.027974887 0.16007432 1.4864488 -0.96272594 -0.6634436 -1.1163089 0.6621447 -0.2653851 1.4484918 0.91811824 0.48887956 0.43369666 -1.5627075 -0.9614733
570 1.1020665 0.30590665 -0.70724607 -1.1746532 0.6488887 0.51303536 -1.7237982 0.7034041 -0.31823644 0.5239978 -0.89439255 0.25880784 0.87329274 -0.64307517 1.7556154 1.044684 -1.1607542 0.20671578 0.5167859 0.1095589 0.20185761 -1.0938218 0.90800995 0.47562653 0.5013186 -0.21499765 -0.39960846 0.5119863 -0.3621186 -0.06435113 0.078132555 -0.046335325
9 1.4641622 0.9303033 0.51049894 2.9929347 -0.22925206 -0.1954879 -2.0039537 -1.8116225 -0.72395194 1.3826411 -0.78791064 0.534127 0.16543284 0.51656353 1.2596939 -1.0828314 -0.8164731 -0.41006362 -2.42699 -0.89216745 1.1904669 -1.6547445 -2.5788243 -0.51925963 -0.28326628 -0.6569167 0.7522764 0.9006259 -0.021144383 -0.45574048 -0.57509047 -1.4922122
38 0.722278 0.028882569 0.28251246 -0.5652395 0.3513009 0.32097352 -2.5234072 0.7441636 -0.6602778 0.14774139 -0.08992557 0.16423279 1.4203584 -0.23383532 1.2487948 0.6607697 -1.7444059 -0.04326625 -0.6430674 0.4427614 -0.53284705 -2.0632563 0.6190452 0.8873118 1.3320336 0.1331634 -0.45294026 1.9462196 -0.91964597 0.48677507 0.07472772 -0.035672225
1227 0.9658776 0.14176454 1.1228862 1.0007423 1.1440035 -0.66946644 -1.2663894 1.0772053 0.6155597 2.828475 -0.84227234 -0.3930815 0.24156642 -1.1342546 -1.2972308 1.0993515 -2.0937335 -0.26378718 -0.48335454 0.58532435 0.28244254 0.027656533 -0.05200882 0.67303246 -0.7210908 0.6957264 -0.1285583 2.189439 1.734483 0.15831272 -0.9678146 1.4822091
368 0.9930238 -1.0922135 0.41219357 1.1397746 1.8715787 1.1346519 -0.13956243 0.18474923 0.2918834 0.33676687 -0.43403926 0.21825886 0.88817054 0.73963064 0.9583835 0.79282373 -0.36162484 -1.6224009 -0.79668134 -0.9338978 -0.5149545 0.01698661 -1.0393274 -0.36061364 0.38569415 0.3172721 -0.32391214 -0.89709496 0.49625793 -0.28119558 -0.013554192 0.29154593
1201 0.8149883 -2.0136237 0.08788286 2.5456176 0.07200343 -2.1878073 -0.272608 1.629234 0.6178149 1.1669705 -0.119173296 -0.6326352 3.1884265 0.5046901 -1.1670257 2.2183824 -1.865196 -0.58698857 0.57159936 0.29292738 1.5954314 1.161747 -0.5242551 0.039357588 -1.0156744 -0.72471285 0.20020385 0.019279968 -1.8133502 1.0203813 -1.6063765 0.31176066
313 0.31229028 -0.9998716 0.1883313 0.7766662 0.68606114 0.66471267 0.24494536 -0.030126655 -0.22324 -0.55895597 -0.40897787 0.10298053 1.0522445 0.6950319 0.8431921 0.058728516 -0.9193065 -1.2267627 -0.5069902 -0.11426498 -0.38668478 -0.6697973 -0.3710277 -0.93912256 0.38393447 -0.395189 -0.6570269 0.704944 0.48887905 -0.24121065 -0.58492833 0.5861017
819 -0.03445495 -0.0064580454 0.21844138 -0.88076234 0.214611 0.40037954 -1.7331874 0.73830026 -1.0320035 -0.91935015 0.5085914 -0.33792475 0.6837058 -0.424836 0.5061215 1.1340853 -0.72783303 -0.33865538 -1.3302209 0.6364183 -0.35744205 -0.0056475364 -1.0977478 0.35488093 0.18817598 0.12821497 0.7655433 0.4819412 -0.16531539 0.5577088 -1.034647 -0.32417098
3 1.4501121 0.96959245 0.51774615 3.0886662 -0.18563612 -0.18700936 -2.003979 -1.8314984 -0.7265998 1.3462788 -0.7886859 0.5166394 0.15746029 0.5385145 1.2293322 -1.0815701 -0.80327606 -0.4238205 -2.4300637 -0.8873332 1.1868926 -1.6518259 -2.5581398 -0.5151077 -0.25775364 -0.62057155 0.7819519 0.8835988 -0.035867456 -0.47752464 -0.6086415 -1.5115778
293 0.29556948 -0.9843242 0.19484761 0.7854372 0.6766531 0.6911802 0.21406479 -0.032244734 -0.2092241 -0.5678414 -0.3957486 0.10245636 1.0532972 0.7358932 0.83825934 0.08088771 -0.9227218 -1.2471188 -0.503554 -0.15147103 -0.39767784 -0.69063413 -0.3712648 -0.9321446 0.38296223 -0.44071376 -0.68222535 0.7116177 0.4810383 -0.239947 -0.56972873 0.59554774
705 0.31488153 0.30676457 -0.55012846 0.31177342 0.0044964277 1.1143246 -1.8545487 0.056092504 -0.1978777 0.32555497 0.26432455 -0.66333044 0.040462486 0.1214026 0.5095595 1.1213238 -0.6302635 0.3962334 -1.3520018 -0.12687075 0.028751332 -0.8675705 -1.450747 -0.22315277 -1.1725038 -0.45347166 1.6046535 0.8859806 -0.28519365 -0.045605186 -0.4287555 0.14447157
211 0.31418467 -1.0093834 0.20072147 0.7800784 0.65965563 0.6706461 0.24635851 0.002439122 -0.18557422 -0.5482857 -0.3786609 0.11393373 1.0396557 0.7373203 0.8419809 0.06359921 -0.8879617 -1.241233 -0.52443725 -0.14117473 -0.39046606 -0.67182225 -0.36895695 -0.9423781 0.3872775 -0.4071726 -0.65931267 0.69299906 0.48654416 -0.21404302 -0.5807165 0.59736884
754 0.17696342 -0.23766609 -0.6999489 0.2896481 1.0452458 0.816289 -1.7870772 -0.051617313 -0.84739196 0.6533917 0.21314357 -0.8640406 -0.57298815 0.28353462 0.5808505 0.38453257 -1.4887388 0.41839197 -1.2677699 -0.36119255 0.027680874 0.007357838 -0.89735764 -0.10459372 -1.2351793 -0.87114793 1.2231416 1.014644 -0.85018194 -0.8648525 -0.8625467 0.29700926
349 -0.36992332 1.005436 1.3726348 0.32003516 0.6433252 1.0591348 0.09240942 1.0207747 -0.48234436 0.42895186 -0.16912867 0.25772795 0.56793755 0.042331554 0.7779095 0.14626077 -1.1887566 0.05124867 0.7812818 -0.17245589 -0.7555123 0.0004416774 -0.4403759 -0.30551037 -0.29622737 0.6559721 1.2112547 0.1538536 0.21746553 -0.4579791 -0.5280316 -0.97244364
982 -0.12682849 -1.2859316 -0.22071521 0.7528643 0.6865243 0.692069 -0.03776185 -1.144173 -3.6090655 1.0132027 1.6278669 0.94561 1.4363946 0.60159993 0.27935752 0.6299029 -3.3196082 0.12423393 0.3103608 0.3519473 0.678197 -1.3789761 0.16631073 0.121564865 0.7832549 -0.25918338 0.035496887 0.20158434 1.9319625 1.1324413 -0.48182034 -0.7830512
361 -0.37495863 1.0201877 1.351169 0.31582993 0.67298084 1.0373442 0.087811716 0.9927419 -0.4873151 0.41674656 -0.1778313 0.2803229 0.58592707 0.066561386 0.7805586 0.1490391 -1.2163497 0.050183315 0.7945646 -0.20126937 -0.7254065 -0.011883168 -0.45637354 -0.29222983 -0.2877892 0.67562276 1.2278161 0.1629434 0.20116805 -0.444322 -0.55121154 -0.9678182
475 0.01508219 -0.09480497 -0.22313085 0.64703107 0.1089369 -0.51168936 -0.5474357 -0.5531021 -0.53347754 -0.5272016 -0.74938285 -0.705204 0.8393559 0.73494536 1.0120145 0.4444134 -0.17296547 0.6604046 0.3896057 0.26222253 -0.4557019 -0.8354992 0.048500754 -0.108927555 -0.4196967 0.766147 0.54187024 -0.24602234 0.20220728 0.5366681 -0.3810599 1.3158499
452 -0.37932038 -0.8874987 -0.059667245 1.4351485 1.0551722 -0.20890637 -1.3456743 0.63855153 0.011612388 0.570069 -1.2414218 -0.9695293 -0.29348785 0.8368343 1.0767865 -0.19533052 -1.5021417 0.8685397 -0.2686024 0.67144436 -0.5115384 0.350576 0.38979426 -0.3704607 0.20730345 0.10622739 -0.28740737 0.19104332 0.034131516 1.145689 0.024888527 -1.4992938
91 -0.5340104 -0.80644435 -0.032300502 1.2444463 1.0654867 0.055047873 -1.2346959 0.5712774 -0.071234025 0.46710753 -1.2715348 -1.00514 -0.3332069 0.7968386 0.77521855 -0.0689198 -1.3756293 0.71201825 -0.23803745 0.74113065 -0.26775774 0.28696305 0.19822973 -0.3493887 0.23540315 0.09543343 -0.18471149 0.030065563 0.0035368023 0.91169107 0.11571671 -1.2269039
510 0.44259617 -0.543319 0.62051034 1.7484359 0.51998323 0.35559112 -2.188423 -0.1314843 -1.4307499 0.8253522 -0.3587245 -0.63935244 -0.30249155 -0.773856 1.2485818 0.16921438 -0.5805522 1.1883264 -0.73647934 -1.873968 -0.13025117 0.34315777 -0.6634398 -0.32843915 -0.28964594 -0.8288303 1.0964227 1.1076127 -0.8849689 -1.0258657 -0.82493633 -0.012230877
502 0.02077481 -0.10138817 -0.21100475 0.67211616 0.10149643 -0.48789254 -0.53140163 -0.5677256 -0.5347608 -0.5344027 -0.72721326 -0.69944346 0.8322693 0.70586205 1.053779 0.42038584 -0.18403938 0.6124485 0.37928638 0.28941256 -0.4675898 -0.82579553 0.069745325 -0.10691727 -0.38495725 0.7678752 0.5544367 -0.2548666 0.18976098 0.5298576 -0.38109398 1.3272494
466 -0.008669994 -0.08039188 -0.21439013 0.6386989 0.114516474 -0.50437415 -0.5477388 -0.5483728 -0.528613 -0.51887935 -0.73943436 -0.6843363 0.8485994 0.71811235 1.0273442 0.42505828 -0.16011366 0.6543007 0.40957844 0.27519858 -0.47976688 -0.8317492 0.023589492 -0.10327697 -0.38979262 0.7502121 0.5355131 -0.2508372 0.19949436 0.5096082 -0.38962242 1.3256373
453 -0.36220053 -0.8672661 -0.081097804 1.4529163 1.0709559 -0.21564783 -1.3266476 0.6521091 0.00076255866 0.56903505 -1.2335267 -0.9935181 -0.29436612 0.8323066 1.0714782 -0.173785 -1.5229661 0.89805716 -0.25137565 0.6701811 -0.50309366 0.33114603 0.39502174 -0.35352767 0.20423341 0.09033882 -0.29482797 0.18170923 0.048094258 1.1600678 0.030746626 -1.528543
909 -0.119715124 -0.5312082 1.0161694 0.7813744 -0.051592015 -0.23766567 -0.49851936 0.60078996 -0.99688244 0.7110084 -0.53768295 -1.2814013 -0.0709637 -0.8582374 1.7560236 1.9417617 -0.33956861 -1.8493344 0.5817409 -0.09868925 -0.30473128 -0.9967867 0.36626795 0.82939076 -1.9724249 -0.74140084 -0.3715517 0.26451582 -0.495273 0.58856744 0.08747579 -1.3352447
394 6.938815e-05 -0.054510865 -0.26433256 0.65933174 0.093002774 -0.47364697 -0.5274623 -0.54995495 -0.5234579 -0.53291917 -0.72386044 -0.72184575 0.8397381 0.7170291 0.98618686 0.46520093 -0.15696792 0.6222068 0.40621123 0.26130673 -0.47199318 -0.8478711 0.038592424 -0.10496637 -0.3770698 0.76429427 0.5443406 -0.24316338 0.1810304 0.5256785 -0.37651944 1.295408
725 -1.3771024 -0.45965928 -0.6167802 -0.31831938 1.0953457 -0.89596874 -0.8985598 -0.17237172 -0.98785925 0.027157437 -1.1555661 -1.3185642 1.6383336 1.2195393 0.20075321 1.2014989 -1.0825888 -0.61455804 -0.16744278 -1.438371 1.5886608 1.1412206 -0.7364015 0.4676332 -0.59619266 1.0057821 -0.6987676 2.0481694 0.9444367 -1.6967367 0.5319822 0.061615504
503 0.0035092423 -0.0963697 -0.2185269 0.65684664 0.09961181 -0.4848891 -0.5449253 -0.5666984 -0.51015186 -0.5736314 -0.73767084 -0.7135781 0.8276841 0.7218595 1.0151646 0.4611606 -0.18949227 0.6182122 0.43106642 0.2585264 -0.47616252 -0.84529793 0.05173971 -0.086036175 -0.3694673 0.7683903 0.57928705 -0.25357655 0.19690287 0.5430226 -0.37270302 1.3212463
418 -0.015157634 -0.088644825 -0.23238872 0.64075434 0.11711354 -0.5044895 -0.5595368 -0.5252096 -0.5275006 -0.5168194 -0.74545556 -0.68176365 0.8460999 0.7013463 1.0366676 0.4333308 -0.16692361 0.6360694 0.4088691 0.29812917 -0.4432529 -0.81625044 0.043571983 -0.14307302 -0.40449092 0.7635734 0.5472779 -0.24703258 0.20124002 0.51752305 -0.37538177 1.2957822
488 0.00084624655 -0.08926839 -0.2482171 0.6306696 0.12593025 -0.46896997 -0.5487292 -0.5458199 -0.5032128 -0.5675506 -0.71507186 -0.69319654 0.84275985 0.72358435 1.0515674 0.4503904 -0.18176772 0.6545228 0.4165293 0.27907088 -0.44958946 -0.80724716 0.06019231 -0.118115954 -0.4016787 0.76756054 0.56807107 -0.24893492 0.21843337 0.5560388 -0.36489722 1.3188531
467 -0.0010882487 -0.11549092 -0.22394584 0.65121824 0.10407262 -0.49752274 -0.54401004 -0.5668521 -0.50711524 -0.5419074 -0.73864627 -0.6908483 0.8566465 0.7279901 1.0311719 0.43558857 -0.16158256 0.6319128 0.4158793 0.28503162 -0.4895903 -0.8308963 0.034714226 -0.10802547 -0.38027993 0.75463843 0.56276214 -0.2719103 0.20040777 0.5118545 -0.39385194 1.3428304
178 0.00282587 -0.112871096 -0.19260046 0.63025206 0.09484978 -0.5067381 -0.54290336 -0.5398247 -0.54174817 -0.52204645 -0.7512374 -0.70131487 0.8419117 0.7311577 1.0344783 0.4270854 -0.14227214 0.67988354 0.3858384 0.27707177 -0.47445816 -0.8177373 0.040370196 -0.122267894 -0.40899345 0.78489417 0.5566013 -0.25884953 0.19742724 0.5169324 -0.391653 1.3182611
434 -0.0034856505 -0.07641416 -0.22473618 0.6374222 0.10686831 -0.5137278 -0.5433651 -0.53925073 -0.5294436 -0.52350795 -0.7241383 -0.6874346 0.8291711 0.74409217 1.0214791 0.42643344 -0.14811675 0.6350427 0.39053425 0.2955507 -0.4563407 -0.81794775 0.036606308 -0.09870779 -0.38748756 0.75713825 0.5518872 -0.25689977 0.18061249 0.5604706 -0.40444547 1.305684
431 0.01021521 -0.07868556 -0.22341296 0.6422173 0.13379374 -0.5180703 -0.5457357 -0.5525719 -0.5233074 -0.5285627 -0.7478613 -0.7101471 0.8369071 0.70175797 1.0251925 0.42773142 -0.13912003 0.63133025 0.40488687 0.26320955 -0.46583396 -0.8212762 0.046607457 -0.13248098 -0.3918429 0.7766442 0.5553927 -0.23978986 0.19382909 0.5457108 -0.3960098 1.3162895
180 -0.012630814 -0.057110175 -0.23120247 0.6580103 0.09518472 -0.51637936 -0.55577505 -0.5756766 -0.50755644 -0.5096757 -0.7407827 -0.6831534 0.85788655 0.72329533 0.9907237 0.43210992 -0.15320948 0.6174357 0.39802954 0.2947619 -0.46556115 -0.8530867 0.025999753 -0.105148844 -0.38279614 0.75818115 0.5386627 -0.2441632 0.16223964 0.51643986 -0.39353344 1.2911314
366 0.0038668117 -0.09360914 -0.23077215 0.6452909 0.1181221 -0.5107243 -0.5484525 -0.5515664 -0.5189997 -0.5360269 -0.7409932 -0.6918053 0.8501884 0.7210297 1.0302079 0.42332256 -0.16152 0.64182913 0.40137538 0.26441327 -0.46989244 -0.80811036 0.05896379 -0.12125688 -0.40755835 0.77158874 0.5736749 -0.24617776 0.2069815 0.5343467 -0.38317657 1.3130572
204 -0.008653464 -0.09845386 -0.20510939 0.6244907 0.10293121 -0.4885122 -0.5418259 -0.54563236 -0.54249144 -0.50398296 -0.73063004 -0.67881006 0.84436166 0.7005118 1.0259445 0.44423178 -0.1269149 0.6265032 0.38337705 0.28652614 -0.4729189 -0.8352401 0.03211707 -0.119290836 -0.38792175 0.74601066 0.5140102 -0.25837198 0.19743529 0.502188 -0.38940024 1.3042952
638 1.434274 0.39846006 0.6275128 0.101648666 -0.20289068 0.72326887 -0.47634226 0.0001024669 -0.19197176 0.55692476 0.63566893 -0.953538 -0.58124804 2.4365506 1.2459908 1.4810753 -0.6485262 -1.0506765 1.0995339 0.8559462 0.19590971 0.9379723 0.2024808 -0.05786524 -0.75557667 1.4523512 -0.43954247 0.86478066 0.003972024 0.24440317 -1.2125647 -0.86990684
406 -0.0038307065 -0.0952466 -0.23316519 0.654557 0.113645874 -0.48913953 -0.566443 -0.55060405 -0.5120868 -0.51900107 -0.7327585 -0.7186805 0.8491283 0.73476875 0.99246454 0.440741 -0.17491587 0.6035234 0.41037932 0.26570943 -0.4950864 -0.8304381 0.031680558 -0.09982495 -0.38204038 0.76756185 0.5575128 -0.24757832 0.16120838 0.5511864 -0.3839196 1.3223784
316 -0.0049835355 -0.071974866 -0.20980506 0.6436366 0.113184184 -0.50429124 -0.5563518 -0.58894944 -0.5320816 -0.53471565 -0.7368519 -0.7115231 0.8380408 0.7354647 1.0116783 0.45772156 -0.17877664 0.63448447 0.40180808 0.2667998 -0.47369194 -0.82749563 0.050394405 -0.12602282 -0.3890857 0.76372916 0.5434708 -0.25794145 0.17217915 0.5485528 -0.39353848 1.3113331
634 0.9301563 0.26876956 0.8668301 0.956931 1.1486138 -0.49151796 -1.1484598 1.0261471 0.42172515 2.901696 -0.7162882 -0.50496846 0.23608959 -1.1286956 -1.0151323 0.94540346 -1.8522106 -0.3177883 -0.5013309 0.7119414 0.005235318 0.39125094 -0.031250592 0.78709626 -0.63876563 0.794171 -0.18926713 2.0204756 1.5830467 0.26127702 -0.70377743 1.3973091
445 0.0076369713 -0.0894638 -0.23368615 0.64922065 0.09384849 -0.47419035 -0.5538702 -0.5500312 -0.49217197 -0.51568043 -0.7200209 -0.6680219 0.8517519 0.69993836 1.0270534 0.45928738 -0.16554633 0.6359046 0.3932074 0.27452996 -0.44625983 -0.81733197 0.05434094 -0.11360346 -0.38191324 0.76054054 0.5390335 -0.26260513 0.20216706 0.51646423 -0.37820992 1.3070595
430 -0.0199845 -0.09781895 -0.2520957 0.6566687 0.082077205 -0.47395888 -0.5519933 -0.5668602 -0.51354074 -0.5216157 -0.6929267 -0.7125215 0.8592822 0.71969473 0.9965036 0.46250525 -0.16075888 0.6115131 0.3833377 0.2740014 -0.473994 -0.8305717 0.03880526 -0.09625519 -0.36602762 0.7693742 0.5500809 -0.24537605 0.18579221 0.5426134 -0.37428835 1.3069953
701 0.43878058 0.6538244 -0.59303176 0.34013826 0.3744357 0.7392152 -1.771091 -0.90585846 -0.81018 1.156169 0.110952064 -1.4818977 -0.49743724 0.062124565 1.6468297 0.51486117 -1.5089619 0.54305565 -1.3434682 -1.0631497 -0.823466 0.056764655 -1.0449777 -0.35122654 -1.0387765 -1.0175691 0.9663074 1.4307406 -0.6028025 -0.17662984 -0.37752688 0.4683652
213 0.0022933714 -0.08113969 -0.21826544 0.62900937 0.11807063 -0.50037706 -0.5272659 -0.55049276 -0.5097406 -0.54300827 -0.7366049 -0.6916595 0.82820153 0.72265714 1.0078195 0.42402998 -0.1697854 0.6185544 0.40559396 0.2615687 -0.4767201 -0.81263983 0.05211134 -0.10087632 -0.37502614 0.7671556 0.56082755 -0.25451905 0.19163956 0.51850057 -0.38930452 1.3052547
404 0.0045766197 -0.117173105 -0.2326279 0.6443312 0.128917 -0.48867765 -0.5319963 -0.55540365 -0.5217816 -0.54388696 -0.726418 -0.70982206 0.8303402 0.72094226 1.0482166 0.44341776 -0.17648274 0.64867187 0.39013216 0.273031 -0.46985212 -0.8217836 0.043039396 -0.094574116 -0.38561314 0.75382733 0.5730615 -0.25699446 0.20771824 0.556398 -0.3825451 1.3322412
469 0.0065241237 -0.11673431 -0.22506739 0.64960355 0.10697039 -0.5013645 -0.56385934 -0.57491004 -0.5448673 -0.50722396 -0.727072 -0.6930135 0.85302746 0.7202617 1.0599077 0.44619673 -0.16669434 0.6502093 0.39323503 0.29235926 -0.4741899 -0.802098 0.05147659 -0.12613398 -0.393967 0.77184325 0.581008 -0.24671356 0.21048832 0.5414608 -0.37860438 1.3441241
173 1.024049 -0.07289435 0.18741886 1.1223794 1.3700753 0.60618025 -0.13231725 -0.088680945 0.17362334 0.53021365 0.03288568 -0.32215378 0.55956686 0.6898799 0.99159336 0.4544584 -0.36597484 -0.99252164 -1.2019141 -0.5988016 -0.99545944 -0.22822149 -1.0830921 -0.6459169 0.17280033 0.2363013 -0.9090973 -0.4890033 0.7745372 -0.14374669 0.048210435 0.071452655
699 0.38815197 0.6792704 -0.6590212 0.35447097 0.31547296 0.7235618 -1.7620181 -0.92669344 -0.7857083 1.2307657 0.060097005 -1.5164452 -0.5342342 0.040467806 1.6382366 0.55745286 -1.5349714 0.58154404 -1.3912027 -1.0634321 -0.7844044 -0.017272277 -1.0846215 -0.33089808 -1.0302638 -0.9810875 0.94604516 1.4863917 -0.64117736 -0.10985652 -0.3494864 0.44978702
319 0.05558075 0.10426112 0.11695224 0.029626755 -0.63576895 -0.5657861 -0.7041031 0.25881624 -1.0988616 0.819966 -0.8117789 -0.423378 0.6352456 0.3584945 1.2059792 0.62835974 0.2107847 0.54945266 0.061386663 0.97960013 -0.2335052 0.035708018 -0.64722866 -0.60643643 -0.22067684 0.6461011 0.22907826 -0.8007602 0.0023769848 -0.20191208 0.5697488 0.55208033
398 -0.00014389605 -0.099829376 -0.21605022 0.6429489 0.113490224 -0.47978696 -0.5569288 -0.56146914 -0.51530915 -0.5382911 -0.7373701 -0.6995728 0.8667565 0.73214036 1.0084265 0.45215338 -0.16428345 0.61229324 0.40183273 0.26536942 -0.4816273 -0.83723944 0.058708794 -0.11153506 -0.38655546 0.76397943 0.5533818 -0.24229975 0.1770933 0.5319493 -0.40382704 1.3056214
424 -0.0044475184 -0.08423256 -0.23120663 0.6302269 0.082975395 -0.48719692 -0.52689993 -0.5882076 -0.5134721 -0.50465727 -0.740095 -0.6970193 0.8499988 0.7373683 1.008804 0.44742212 -0.15026288 0.6034303 0.39563435 0.2857171 -0.49672934 -0.85091054 0.014565422 -0.09769706 -0.36825967 0.74765605 0.5359849 -0.25996998 0.18946739 0.5310127 -0.38163438 1.2983669
605 0.0061792703 0.13119155 -0.18810552 -0.14933571 -0.10656971 1.0437499 -1.8388261 0.23710562 -0.37376475 -0.13604102 0.5509659 -0.6164355 0.19191858 -0.11085641 0.20246363 1.3118268 -0.63593125 0.02638169 -1.0792698 0.12192666 -0.25817424 -0.52730256 -1.5141155 -0.16486451 -0.5623191 -0.034143467 1.3610162 0.751315 -0.31230167 0.16018467 -0.65394086 0.020316966
320 -0.004526606 -0.07975581 -0.23997366 0.63767767 0.09413469 -0.47674498 -0.5318774 -0.5413126 -0.5053414 -0.5400736 -0.732969 -0.7029493 0.83038753 0.72635555 1.0012428 0.45211396 -0.17262411 0.62750006 0.40625128 0.2709503 -0.47780135 -0.8303504 0.04608629 -0.09713476 -0.39564344 0.7529877 0.56803036 -0.24732216 0.19212775 0.5154863 -0.37704232 1.2955099
201 -0.016028827 -0.09886132 -0.26395974 0.6594317 0.1188093 -0.46028203 -0.53357744 -0.5388051 -0.51107526 -0.5390091 -0.7228768 -0.7034691 0.8372362 0.75334376 1.0096998 0.44888937 -0.17142646 0.6177823 0.40590104 0.2643312 -0.45081168 -0.8313572 0.04567227 -0.10136717 -0.3831541 0.7678797 0.565758 -0.23459803 0.19901739 0.5391642 -0.37978685 1.3238604
940 0.27479476 -0.4036402 -0.3609729 -0.49955636 1.1623154 -1.7688973 -0.9005364 -0.5212984 0.19546396 0.660473 0.49355033 -0.37782598 0.24938607 0.05956806 0.587978 1.856363 -0.967651 -1.4586903 0.2736609 0.8885457 0.14019579 -1.2806445 0.76598525 -1.7656153 0.058181006 0.5241755 1.1595924 -0.037609562 0.87917185 -0.91117585 0.5131029 -1.1509246
282 0.013872967 -0.07685814 -0.2252014 0.6604484 0.11957542 -0.51918393 -0.5411762 -0.5745719 -0.5179815 -0.5369865 -0.7817696 -0.7323774 0.8394518 0.7107519 1.0323309 0.44497207 -0.16490765 0.6233129 0.4072334 0.2658418 -0.48051602 -0.8070124 0.04969247 -0.13589458 -0.4122588 0.7714153 0.5618856 -0.22585084 0.19344819 0.52758086 -0.4125335 1.3149861
247 0.122701146 -0.21636023 0.9396757 -0.57711846 0.06879969 0.45807558 0.15720692 -0.13163856 -0.51269835 1.3554184 -0.83346164 -0.6033245 1.0661812 0.61548966 0.13162635 0.609232 -0.91841686 -0.5980744 -1.8032714 -0.20392278 0.37982598 -0.30897388 1.0152899 0.46809348 -0.3328457 1.5290781 0.8455657 -0.5680978 -0.7468459 0.17406192 0.110179186 -0.22798552
244 0.016511962 -0.091432124 -0.21772367 0.65529937 0.10761031 -0.51262796 -0.5426412 -0.54877967 -0.51464456 -0.52438337 -0.7336573 -0.68899184 0.83327216 0.726344 1.0345342 0.42687625 -0.16852099 0.6395995 0.39566472 0.29198346 -0.460909 -0.83673584 0.059994977 -0.11008191 -0.36713353 0.78223675 0.5649256 -0.2599416 0.20090975 0.5444047 -0.36595672 1.3243132
542 -1.1724069 -0.18090549 1.37678 -0.7628769 0.7931555 -0.014581117 -0.7323403 -0.3962373 0.50519866 0.6309093 -1.5368608 -0.51007617 1.2048173 0.9467027 1.7949518 0.1522859 0.5626565 -1.016518 -0.36169916 0.50225717 2.017425 -0.20779353 0.06741046 -1.3632228 0.5229722 -0.68351275 0.7026428 1.2897358 1.1778586 0.7862945 -3.0087903 -0.163679
820 0.24696024 0.21374482 -1.0256938 -1.2577114 0.6940417 0.14915712 -1.594782 1.0773506 -0.4104869 0.796666 -1.0521706 1.1940215 0.59865826 -0.32573915 1.7966983 0.7280647 -1.3192412 -0.40572417 0.17820673 0.05331345 -0.49265987 -0.9474357 0.9366593 0.42599884 -0.15682644 -0.24155208 -0.097618535 0.8303136 -0.55885714 0.51082957 -0.067981124 -0.081746355
36 -1.8465147 -0.7065586 1.8102741 -1.0239447 0.22887042 1.2123649 -2.489322 1.5086813 -2.5095003 0.03264761 2.5861094 -2.2473116 0.02135014 -1.2153045 -0.2596213 2.8612022 0.11743238 0.45109722 -1.3904723 -0.9401635 0.39158404 -1.2130921 0.16563396 -0.54162186 -0.576382 1.2107822 0.22882782 1.6525557 -0.47451252 -0.28337437 -1.0663245 0.98692244
348 0.003427922 -0.101178855 -0.1970855 0.630898 0.097298235 -0.4910842 -0.5358073 -0.5569891 -0.50770855 -0.5408755 -0.71404594 -0.7075832 0.82459223 0.7193771 1.0483615 0.4370561 -0.16920517 0.6269453 0.39880478 0.2776672 -0.45838666 -0.80703676 0.057868395 -0.108228 -0.4005833 0.7495845 0.5361417 -0.24984428 0.20306656 0.54819626 -0.38368508 1.3074303
911 -1.1178129 -1.1170161 -0.6357151 0.5724482 0.7193973 -0.00043504074 0.060143456 -0.9075429 -2.6164527 1.4610913 0.5544639 0.5278815 0.23577273 0.8814865 0.11078786 0.7661872 -2.269367 -0.43755487 0.09875908 -0.2413838 1.5746111 -0.8495438 0.42295346 0.14341582 0.7127669 0.086628675 0.54743665 -0.77119124 1.577054 1.086072 -0.98286 -0.0635912
689 0.0014135448 -0.46304733 0.9810966 0.7287668 -0.055126406 -0.20706281 -0.50601995 0.5963421 -0.91805273 0.7360855 -0.53002065 -1.2987262 0.026961254 -0.84456944 1.8134922 1.9492004 -0.43535122 -1.8334593 0.61288524 -0.18348727 -0.44250396 -0.9099491 0.38239276 0.8685735 -1.9627414 -0.7508842 -0.37020844 0.27515918 -0.5369009 0.66309536 0.1849574 -1.3764085
393 0.008840735 -0.103603445 -0.22513385 0.65189636 0.09557565 -0.48507074 -0.51462346 -0.5386007 -0.51496243 -0.52396345 -0.7167193 -0.6969483 0.8190957 0.7152622 1.0138416 0.4451683 -0.15691623 0.6230208 0.4064226 0.28336224 -0.4805007 -0.8294631 0.05115179 -0.09182372 -0.38699648 0.7403192 0.5264181 -0.26043442 0.17603962 0.5256329 -0.38237894 1.3133135
1079 1.3177811 0.16037399 0.4907377 0.38506365 -0.113280855 0.27098158 -0.4498916 0.4337768 -0.61123246 0.81302065 -0.16986398 -0.11063114 -0.9699142 1.7795126 0.7187424 2.05055 -0.31205302 -0.42199236 0.11931269 0.37771472 0.75671613 0.06512922 0.13951941 0.091505274 -0.16597748 0.9137316 -0.27046448 1.0312773 -0.6609681 -0.05013674 -1.5372624 -0.4160814
40 -0.6894035 -0.4581758 1.1212757 0.9658524 0.7514074 -1.1163659 -1.1439159 -0.43044606 -1.3647915 0.39250955 -1.1080847 -0.22433019 -0.62214154 0.26277402 1.626882 0.4684224 0.34508225 -2.3777528 -0.5173018 0.3513431 0.73878574 -1.9075067 0.0039969375 0.7717169 -1.3085544 -0.28682438 -0.41849712 0.7246645 -1.1307915 -0.090530194 -0.57181484 -0.49289185
1165 0.7673699 -0.017193178 1.3054204 1.0130721 1.6069224 -0.81662524 -1.1938272 0.7607055 0.092043586 2.3402684 -0.7521625 -0.68549836 0.42303964 -1.2034596 -1.4966962 1.2267749 -1.3449268 -0.22642347 -0.0823577 0.35265493 0.25668234 0.04834727 0.05044362 0.9464012 -0.6480326 0.33702588 0.09295743 1.8249551 1.5014954 0.48575336 -0.620623 1.1285355
574 0.42117694 -0.06705246 -0.28385365 -0.8657942 1.1137096 0.18897313 -0.72834307 0.25095594 -0.7237761 1.0401899 -0.83959687 0.5703628 0.97138375 -0.740138 1.0129133 1.0685675 -0.93196857 -0.432249 0.6599949 0.41899747 -0.5191526 -1.0613151 0.6331294 0.3866159 -0.2877143 -0.21726198 -0.07973285 0.7488156 -1.3717054 0.52202344 0.33268657 -0.09601649
389 -0.37118635 0.98595226 1.5484042 0.38387665 1.4382983 0.79252344 0.4734059 0.308827 -0.58423185 -0.12720516 -0.6142388 0.54393214 0.45926192 0.064723454 0.91533405 0.27801967 -1.5240359 -0.038425405 0.9225983 -1.0641664 -0.25417945 -0.15663898 -0.75390697 0.039256036 -0.44041592 1.0778999 2.004866 0.34019342 0.012851498 0.042885464 -0.85973436 -1.115388
651 -0.08497001 0.2535098 -0.3370796 -0.7135779 0.559871 0.8829552 -1.6462712 0.5493275 -0.76184696 -0.586824 0.6849148 -1.0395228 0.3616379 -0.56336546 0.2362434 1.6906826 -1.1060436 -0.3472235 -1.606176 0.8281885 -0.3231647 -0.4136867 -1.5454942 0.5509722 -0.21746849 0.3470243 1.0788648 0.7824969 -0.31220266 -0.091260895 -1.2314159 0.29637435
295 1.2400413 -1.1747314 0.7088803 -0.2405289 0.14541972 -0.71989864 0.06967695 0.60081136 -1.0919704 0.69478935 0.0029656144 -1.1956573 0.54589754 0.39917785 1.0409187 -0.7614725 -1.4430472 -0.20880714 0.60471946 0.17026898 0.4646488 -1.4539196 -1.8754724 0.17292398 1.0821284 1.0629103 -0.57305795 0.74782175 -0.5570471 0.30648547 -0.34132436 0.3955983
950 -0.28894123 -0.42401972 0.23760594 -0.6037877 0.51615834 0.3128344 -0.18170618 0.40021288 0.6614075 1.8591824 -0.70792484 -1.0008858 2.2709267 0.6855405 1.082238 0.21826409 0.75019246 0.11808707 -0.10089122 0.36555964 1.0417317 -0.52086467 -0.6375058 -0.9890667 0.5087876 -0.55255204 1.1757197 1.178518 0.7422786 1.0058354 -1.4602901 -0.880947
652 -0.049500644 -0.7634241 0.9232531 0.81765014 0.85723895 -0.50537133 -0.19728868 0.5026188 -0.7381548 0.3186818 -0.10382609 -0.7748751 0.0794271 -0.78570133 1.1442937 1.8794608 -0.08146096 -0.80217767 0.38430527 0.7583981 0.7713963 -1.3382397 0.24756522 0.8580118 -1.6343329 -0.2508517 -0.04663076 -0.13626187 0.05745282 -0.45126945 0.21524896 -1.394366
743 0.09895473 0.00830919 -0.31229243 -0.012242266 0.4127047 1.0710522 -1.0012853 0.7966722 -0.81622875 -0.10771178 0.8459903 -0.4254805 0.4600099 -0.27018785 0.10815281 1.222004 -1.0583262 -0.13421285 -1.6096387 0.8955087 -0.14394854 -0.2502336 -1.0419784 0.13428505 0.24247234 0.20087105 1.1423677 1.1176752 -0.5819479 0.17831758 -0.521166 0.44260207
761 0.44914111 0.49739128 -0.840256 -0.45755097 0.82217467 0.607551 -0.9205654 1.6210158 -1.0240095 -0.7659195 0.46666104 -0.11214405 1.047951 -0.2392621 0.4759757 0.7676285 -1.1277655 -0.17908792 -1.8014867 1.1215852 -0.08716257 -0.26449007 -0.8423847 0.7134947 0.39009404 0.34399337 0.80147344 0.59813213 0.17941777 0.8046718 -0.86500275 -0.24524912
187 1.638388 -0.57203674 1.10676 -0.92446065 0.66694224 -0.65944785 0.15176001 0.12519605 -1.018123 1.2015474 -0.3066753 -0.8517529 -0.0655853 0.122432314 1.0156565 -0.57240754 -1.4533837 -0.42849264 0.48643067 -0.35478213 0.8843745 -1.0190849 -2.4333196 -0.13207062 0.41037443 1.2578701 -0.4778776 -0.06333058 -0.28278962 0.534757 -0.36065704 -0.06678663
304 0.1427166 -0.04104921 0.088871114 0.1054006 -0.5036734 -0.42849872 -0.7037906 0.22726908 -1.0361111 0.647642 -0.6982098 -0.46311074 0.54677194 0.1559994 1.3539205 0.53449804 0.16881226 0.5489691 0.10934087 1.0794054 -0.024714025 0.18752933 -0.6142963 -0.53002536 -0.24291243 0.67075396 0.38471043 -0.845468 0.14228028 -0.22593312 0.5722044 0.70528406
350 0.06989575 -0.82761 -0.29881746 0.61617684 0.9942457 0.45172167 0.21212335 0.61958426 0.015037722 0.24381015 -0.013200047 -0.056382302 0.6522362 0.1669422 0.72109616 0.3084205 -0.20530412 -0.76844263 -0.64602053 -0.48560703 -0.48713803 -0.35829878 -0.30935284 -0.5840037 0.053562608 0.32309303 -0.44453147 -0.3275561 0.18242714 -0.18637557 -0.44892254 0.03206776
757 -0.26523218 -0.6277946 0.10281023 0.2693704 0.55795234 0.024643295 0.20306736 0.28845716 -0.6305283 1.0216653 -0.5870128 0.026056318 0.4541694 -0.8252292 1.2267753 0.8175055 -0.51256496 -1.5838221 0.56233984 0.775716 0.010165524 -0.3928613 -0.12269338 0.6461164 -0.8248955 -0.17442504 0.20750229 0.5823284 -1.2193303 -0.16050018 0.7439138 -0.24205786
48 0.29631093 0.49717098 0.2746396 -0.7929213 2.153503 -0.527996 -0.3094441 0.7272003 -1.4924202 1.315624 -1.1769152 0.10487818 0.67635363 -0.3570339 0.22577833 1.0249768 -0.16999365 -0.5843043 -0.030141173 0.53441256 -0.08261635 -1.819513 -0.15256304 0.95152354 -0.7273582 -0.59410596 0.3144925 0.32330716 -1.8605454 -0.59759665 0.89089924 -0.08217138
508 -0.0073048095 -0.55065566 -0.51556855 -0.35313395 1.0851083 -1.4949311 -0.79849803 -0.67633617 0.23056044 0.70227915 0.32851002 -0.37042078 0.30130544 -0.4235484 0.639149 2.035631 -0.7879491 -1.1561787 0.37208113 0.8797605 0.048017703 -1.0846289 0.5403393 -1.6418844 -0.13832365 0.63273233 1.0091107 -0.15922676 0.3981335 -0.9864989 0.3476799 -1.1931221
216 0.9633319 -1.3729343 0.6576889 -0.29833966 0.20078568 -0.6767268 0.15383144 0.6200994 -1.299749 0.70258915 -0.11429708 -0.9769418 0.44364357 0.0060553057 0.57275635 -0.33049265 -1.3864598 -0.25280395 0.6600198 0.06038171 0.46716067 -1.3013815 -1.7034484 -0.027686536 1.2910494 0.9705404 -0.2854809 0.48979288 -0.876887 0.06925271 -0.6234826 0.42059126
682 -0.23909533 -0.35364294 0.58932227 -0.7166119 0.48174936 0.5695526 -0.3866503 0.20414834 0.8042051 2.3455627 -0.6683085 -1.3950837 2.1942022 0.9226981 1.1172543 0.5548701 0.9079442 0.56644404 -0.31312543 -0.290753 0.89837426 -0.7666396 -0.51124364 -0.91947347 0.37992603 -0.62082225 1.0756339 1.0451075 0.6630895 0.7609046 -1.2933424 -0.9885358
624 0.8537886 -0.030770388 1.3454845 0.90164506 1.4362245 -0.8267279 -1.1320012 0.7331641 0.19055 2.3272474 -0.8062354 -0.5287191 0.44814625 -1.2311583 -1.5296677 1.3082447 -1.5025882 -0.16184375 -0.26023978 0.38652083 0.3483261 0.030489886 -0.11646991 0.91947347 -0.6049592 0.25068069 0.17069982 1.9015765 1.475097 0.3664188 -0.7150293 1.2769854
1226 -1.5454211 -0.19258551 -0.66032696 -0.39048836 1.361643 -0.85738575 -0.9583693 -0.34144717 -1.0488344 0.13594821 -1.1683664 -1.6765748 1.6075584 1.3782108 0.09855289 1.2386919 -0.98362136 -0.5877123 -0.11799785 -1.3877351 1.602124 1.0909697 -0.7688286 0.38496634 -0.6049186 1.1569973 -0.8697252 2.137677 0.8553494 -1.7145519 0.4590936 0.02160078
514 -1.4556708 -0.22739643 -0.64367056 -0.39409402 1.264535 -0.8924549 -0.91526574 -0.2840766 -0.991242 0.10655648 -1.1164058 -1.6137253 1.5937 1.2599964 0.092426956 1.2108377 -1.0078694 -0.6231356 -0.14418279 -1.3782498 1.5720537 1.1127224 -0.8018706 0.4394197 -0.63264763 1.0277408 -0.8465472 2.0751388 0.884154 -1.6511396 0.42520863 0.029523013
279 -0.08880613 0.42373833 -0.48135835 -0.008364766 -0.29142174 -0.5202734 -0.71801746 0.17556788 -1.1878976 0.5343428 -0.8148776 -0.6723778 0.9784335 0.5331613 0.8159766 1.1914694 0.1611194 0.52001774 0.4484897 0.6799772 -0.5269978 0.3162169 -0.6685438 -0.62703687 0.24116105 0.6252227 -0.117656745 -0.55499285 -0.2894881 -0.60828805 0.49853143 0.7494229
277 -0.10480939 0.4289416 -0.50120825 0.0074354024 -0.3050003 -0.48757583 -0.730916 0.17082046 -1.2192233 0.5459493 -0.8464863 -0.6922818 0.9940113 0.5421823 0.81522435 1.212715 0.1948376 0.4758205 0.4424941 0.6798676 -0.5242005 0.314022 -0.6846687 -0.6300434 0.24158388 0.6245816 -0.13770545 -0.53697014 -0.31461474 -0.61084765 0.50992423 0.7399358
1303 1.3773237 0.14716354 0.4721161 0.6395253 0.03895693 0.29017603 0.14662167 0.22683033 -0.7874153 1.469257 -0.7664007 0.0635987 -1.016773 1.3403373 1.1405749 2.3926058 -0.027326362 -0.37899855 0.14532164 0.77488506 0.69276506 0.95928353 -0.28677773 -0.07245749 -0.034563422 0.93251073 0.02858346 1.0264657 -0.72090364 0.067751125 -1.6705842 -0.5744284
822 -0.12556885 -0.46829775 0.86676884 0.61404264 0.5488807 -0.33217505 -0.25020045 0.36854166 -0.89245635 0.51673925 -0.3781827 -0.77048004 -0.116897576 -0.69605803 1.2901303 1.497308 -0.060846433 -1.1230665 0.53834754 0.43975297 0.4660609 -1.0825759 0.085638255 0.8442007 -1.7175213 -0.35506183 -0.008498344 -0.082554206 -0.26527083 -0.30426836 0.21610366 -1.1513815
95 -0.04474306 0.45660216 -0.20235428 0.4460406 -0.31997988 -0.83504325 -0.4985193 -0.021157397 -0.63247204 0.1667688 -0.7118822 -0.5095802 0.5233923 0.09197868 0.7101936 0.50573415 -0.19290909 0.3377491 0.029838072 0.52029115 -0.12848713 -0.058763463 -0.44718996 -0.6798152 -0.34009564 0.709327 0.18983549 -0.49514377 0.064169884 -0.3637233 -0.08487694 0.8241715
706 0.29144403 -0.051205084 -0.5738245 -1.0019401 1.079769 0.14155115 -1.0618931 0.54116124 -0.47883144 0.79426813 -0.96311265 0.9452724 0.75593996 -0.4298366 1.312373 0.9358294 -1.1478257 -0.45958647 0.5579211 0.1982005 -0.59527534 -1.0093544 0.77286464 0.55783474 -0.23990168 -0.04212633 -0.035384335 0.7742436 -1.3113993 0.5397762 0.26566136 -0.053240947
341 0.9890553 -1.1302392 0.35850334 1.1278089 1.7609186 1.1299869 -0.1542547 0.23572128 0.3946101 0.31629133 -0.2768736 0.15020292 1.0099018 0.6987188 0.95800614 0.6912593 -0.41377613 -1.4952451 -0.6599893 -0.85143435 -0.66328436 -0.007520126 -1.0045999 -0.3795858 0.37534076 0.38035402 -0.34371474 -0.8024588 0.48412356 -0.3494821 0.005943761 0.3246444
504 0.99629766 -1.1539662 0.38913277 1.1178861 1.7842617 1.1196973 -0.13976325 0.22051315 0.3645406 0.26007372 -0.27463368 0.15668434 0.97711414 0.6736912 0.91466475 0.70535153 -0.42614612 -1.4503074 -0.676348 -0.8474201 -0.6562648 -0.012919317 -1.0147055 -0.3994176 0.35008177 0.34290892 -0.3372135 -0.8043265 0.47667366 -0.3319668 0.0135712335 0.30862716
880 -1.1504428 -1.1690242 -0.6469961 0.6568838 0.76557785 0.061604 0.0869746 -0.8960064 -2.722344 1.4537523 0.5469948 0.48867312 0.1874909 0.91172683 0.082919225 0.7954384 -2.257188 -0.4786406 0.09271785 -0.3180891 1.4310297 -0.8696121 0.49223974 0.11723818 0.76684505 0.102849424 0.5154041 -0.6544152 1.5290653 1.1982938 -1.0658911 -0.05805363
1331 -0.13999107 -0.6842789 1.011983 -0.8511499 0.37771672 1.0281303 -0.87255675 -0.1459591 0.5443434 2.3775158 -0.22843815 -1.2896264 2.3284066 0.3511167 1.1196517 0.34378114 0.94448835 0.15384085 -0.27916598 0.21236454 1.5586395 -0.46639583 -0.6114832 -0.8572967 0.6506774 -0.2286346 1.6839789 0.7379238 0.3238748 0.6938159 -1.3676515 -0.95671535
51 -0.078365475 -1.1436181 -0.31602553 -0.3546066 1.2352842 -1.5928285 -0.9850645 -0.4977235 0.47094664 0.71646243 -0.016089723 0.12940094 0.07646409 1.0162706 0.87991166 2.5732856 -0.52873427 -1.7713591 -0.26041678 0.71528065 0.30942428 -1.7639413 0.44654256 0.60125595 1.9397544 0.17229931 2.7858434 -1.5465946 2.5008717 -1.6793076 0.59566146 -1.2938445
512 -0.2741143 -0.34502333 0.25532168 -0.4752704 0.82389486 0.37422302 -0.10914151 0.29104707 0.53420174 1.8267412 -0.7082748 -0.7845773 1.850945 0.5053468 1.307427 0.17097741 0.81536525 -0.016695032 -0.1829816 0.81752956 1.2305505 -0.44887605 -0.6627983 -1.0325788 0.41863373 -0.5158956 0.7978978 0.9119071 0.9977746 0.894798 -1.6306672 -0.65408677
600 -0.9956624 -1.2908324 -0.5763399 0.0030859953 0.42431927 -0.89936334 -0.7420542 0.34277016 -0.70648855 0.0272922 -1.2535731 -0.3140358 1.9211359 1.3712444 0.59546334 0.7251238 -1.2479508 -0.67055815 -0.12287917 -1.8214905 1.0443088 1.2444866 -0.48549107 0.5314038 -0.71935683 1.4011397 0.09950227 2.1760557 1.1284455 -1.0701536 0.6012923 0.13563053
1085 -0.41215485 -0.8583362 0.22544745 0.76783705 0.38558856 0.21947901 0.021968493 -1.0919434 -3.3271954 0.999708 1.187236 1.000003 1.263217 0.79802567 0.33406 0.5665199 -2.698597 0.05397703 -0.13819736 0.596942 0.82282495 -1.4860483 0.20051533 0.468187 0.6090468 -0.24213962 -0.099075295 -0.163426 2.1638548 0.76727325 -0.2516882 -0.75816023
392 -0.71640855 -0.77676815 -0.45076558 0.941679 1.3911561 0.7127044 0.32143384 0.5117705 -0.09625534 0.2275952 0.114893936 0.29828 0.55671906 0.05577528 1.378395 0.11109389 -0.21586072 -0.5126594 -1.2390864 -0.14834356 0.013562032 -0.24804156 -0.48522013 -0.7759469 0.021430122 1.0069155 -0.97199404 -0.04798601 0.42146793 0.29982215 -0.7729976 0.0036175528
928 -0.109750286 -0.43894067 0.50716716 -0.59075546 0.59786355 0.73465735 -0.5410256 0.02207933 0.64095676 2.2202342 -0.30645645 -1.1217256 2.2021003 0.5378939 1.1372699 0.22514418 0.84079903 0.24136251 -0.14423773 0.17540385 1.2636046 -0.60792685 -0.59506464 -1.018411 0.6095887 -0.34059092 1.5067047 0.97865635 0.49875927 0.7220798 -1.4022105 -0.97662824
50 -0.0562342 -1.1664467 -0.30355608 -0.3761883 1.2824562 -1.5982955 -0.984486 -0.48931944 0.48420334 0.6711424 -0.041234627 0.19251108 0.07230063 1.0188963 0.88749117 2.5763369 -0.51405174 -1.7615589 -0.25042292 0.6928724 0.28551096 -1.7410861 0.45531476 0.58861494 1.9626219 0.20969665 2.8373811 -1.5519614 2.508052 -1.6699517 0.6316742 -1.249348
972 1.4251814 -0.1473566 0.56195986 0.73412555 0.056230158 0.38497448 0.58994395 0.3065346 -0.9434707 1.3302138 -0.556118 0.05578003 -0.775286 1.0606736 1.2186313 2.085133 0.090738356 -0.14866021 0.102696724 0.6836577 0.56630397 1.315115 -0.16954252 -0.0665199 0.1440719 0.9905636 0.5449522 0.990645 -0.56441134 -0.10863608 -1.3900114 -0.45905375
881 -0.22749415 -0.41206712 0.729512 -0.7291808 0.41340873 0.7213057 -0.51262695 0.1125057 0.6323255 2.1300368 -0.4437661 -1.2394986 2.1096106 0.5238454 0.9794473 0.4632381 0.859841 0.29979473 -0.18335737 0.036188763 1.1805071 -0.5292854 -0.46068686 -0.9198163 0.48611873 -0.3739989 1.2871805 0.91338545 0.46385777 0.7080417 -1.2691151 -0.9351093
854 -0.23437381 -0.08549939 -0.009637056 -0.6480035 0.24724925 0.7484513 -1.6974093 0.73315555 -0.83107543 -0.6197917 0.85099155 -0.72613454 0.4043874 -0.5889373 0.18539426 1.4122522 -0.9792186 -0.36883137 -1.4739769 0.7178492 -0.42438236 -0.17902766 -1.3456497 0.19558343 0.07271393 0.44843194 0.98315686 0.7444522 -0.33662474 0.30396712 -1.1031882 0.0377642
876 1.3720996 0.17587759 0.41252702 0.50837964 0.04318968 0.3568191 -0.01498305 0.10564949 -0.7130755 1.3894373 -0.66764635 0.042040516 -1.0853602 1.5134883 1.0746133 2.3657866 -0.11578308 -0.38916835 0.15672056 0.82130784 0.70085424 0.7271099 -0.25840637 0.04352773 -0.19761819 1.0152053 -0.24929999 0.9763361 -0.6190582 0.13566528 -1.6673099 -0.64885175
692 -0.066904284 -0.4897762 0.55184275 0.6683256 0.06225138 -0.2053094 -0.28308246 0.5246236 -0.7646747 0.8631766 -0.6170299 -0.8867909 -0.015022546 -0.97884804 1.6218092 1.8549273 -0.2662995 -1.7136284 0.49902704 0.18086036 0.047884136 -1.0065471 -0.026393274 0.86925477 -2.057249 -0.41214454 -0.2657143 0.06943628 -0.64789706 0.21598858 0.28237957 -1.2602932
1076 0.83361745 0.023936484 1.2381622 0.94710934 1.4775966 -0.5801932 -1.295912 0.6165731 0.27783588 2.4046626 -0.761766 -0.58777153 0.5091351 -1.3474698 -1.3644038 1.074617 -1.3736913 -0.17204106 -0.2250899 0.39191478 0.073364 0.08291443 -0.046946887 0.9168272 -0.36062405 0.59095806 0.1455335 1.8958168 1.3444418 0.35609177 -0.5117242 1.3559345
592 0.2690392 0.5587234 0.051404495 -1.0830728 0.34211043 0.5057148 -1.2648505 0.87530077 -0.98196596 -0.8673584 0.4960422 -0.4681874 0.68125254 -0.3986189 0.67460483 1.3374094 -0.8640142 -0.2800578 -1.6320683 0.77312016 0.09957937 -0.08284846 -1.2435809 0.45007437 -0.19645019 0.2746874 0.7853516 0.44774097 0.038948555 0.5532766 -0.81371284 -0.057462517
205 -0.53101933 1.1177253 1.3042227 0.28162736 0.576569 1.1122202 -0.07443905 1.1749648 -0.4923419 0.40587872 -0.15671861 0.22627744 0.53877354 0.08144273 0.85102236 0.20822124 -1.1587843 0.03085447 0.81855035 -0.12120213 -0.7816716 0.07948671 -0.53921866 -0.3846466 -0.2815018 0.69032055 1.1760591 0.17991434 0.15979178 -0.4029951 -0.66191334 -0.9279293
818 0.4315101 0.14950824 -0.24700992 0.89995474 0.6900472 0.56299084 -2.0063694 -0.31678414 -0.7762129 0.84975827 -0.007887335 -0.584475 -0.5291744 -0.18136974 1.2195008 0.4774041 -0.7387085 0.582714 -1.4814259 -0.80730486 -0.062001996 -0.50957966 -1.3146316 -0.23250082 -0.9351887 -0.77798367 1.6470377 1.0857236 -0.6395709 -0.6138508 -0.631248 0.25538787
387 0.7426221 -1.2546492 -0.15299611 0.58144265 0.18441798 0.48237783 -0.55833954 -0.13982217 -0.2957996 -0.13836946 -1.4122651 -0.74685 -0.0104925735 0.6420787 -0.39289328 0.34387162 -0.7388779 0.48558596 -0.38285142 0.55062306 -0.15655684 -0.31750068 -0.42855284 -0.2822187 -0.61525506 0.31297278 -0.25878403 0.6502 0.23066866 0.21396318 0.4827391 -1.9649702
1021 -0.2711133 -0.73653644 0.10521161 0.7706204 0.2973265 -0.06544812 0.083373904 0.46765697 -0.62268656 1.1552718 -0.61913776 -0.35557204 0.13510373 -1.0672977 1.5729586 1.3289152 -0.44607934 -2.0349824 0.52617735 0.6051796 0.26541933 -0.6696238 -0.40390936 0.8070428 -1.5051016 -0.18226786 0.026849598 0.41225803 -1.1953629 -0.09559532 0.52677363 -0.79495126
107 0.08803715 -0.2534616 0.5715307 -0.21168754 -0.33007392 0.018353887 0.18123363 0.09048403 -0.055087827 0.7325974 -0.45530105 -0.73878753 0.8417577 0.41490638 0.4990572 0.14544678 -0.8727483 -0.18499649 -1.3962386 -0.15911758 0.1977695 0.15632445 0.5241436 0.2321157 -0.09444209 0.83959574 0.4943974 -0.24517809 -0.23886189 -0.39103848 0.0010009479 -0.13893059
729 -1.0833282 -1.4411336 -0.5328965 -0.04052558 0.44121763 -1.2350167 -0.9309281 0.7097364 -1.1294678 -0.09897214 -1.4016126 -0.6064103 2.048847 1.5170021 0.6204067 0.28443602 -1.5446975 -1.1727922 0.19319299 -1.9825827 0.6304829 1.5499989 -0.70412624 0.70439565 -0.7984458 1.5407739 0.47376484 2.8257086 1.6483438 -0.93021435 0.6057065 -0.16302778
116 0.6505918 -0.26437816 0.052655164 0.8512079 1.0907179 0.5258958 0.019192403 0.020275366 0.024162298 0.44345465 -0.099148445 -0.27976307 0.46632445 0.49800402 0.7793165 0.43630645 -0.27704376 -0.8957832 -0.84240884 -0.5884805 -0.7622749 -0.17930096 -0.7151037 -0.62991524 0.18751854 0.14494629 -0.7351321 -0.39822793 0.5191489 -0.15672751 -0.14626542 0.13648067
1205 1.4373541 0.62397003 0.76137817 0.40087432 -0.1952011 0.79875964 -0.63622826 -0.2662503 -0.1592051 0.53788465 0.51902044 -1.2008495 -0.5422312 2.4858665 1.3596227 1.8176217 -0.5817114 -1.2101017 1.0185317 0.6396737 0.36048585 1.3488878 0.24000584 -0.07769417 -0.6246846 1.4220448 -0.38468036 0.67744476 -0.2523882 0.44189176 -1.2561587 -1.1299051
37 0.3673328 0.5083606 0.22651298 -0.88183945 2.1714594 -0.42651224 -0.34193867 0.7170164 -1.4766331 1.3338894 -1.1296796 0.13988017 0.8040108 -0.30884758 0.21852611 1.0125774 -0.26455477 -0.51845634 0.032726232 0.53859127 -0.109047815 -1.8143861 -0.08343213 0.9523345 -0.5669869 -0.5937733 0.29845002 0.44053873 -1.8437839 -0.57972825 0.9884991 0.0027316096
968 -0.106832266 -0.21304262 0.32572153 -0.42155257 1.5555812 -1.7103227 -1.1890758 -0.51722485 -0.22457875 0.74994045 0.0961137 0.07095256 -0.018402167 0.4565567 0.8107162 1.5066495 -0.15928307 -1.2271998 0.22096865 1.0118364 0.45724207 -1.2700005 0.94393253 -0.8860231 0.34586912 0.3053294 1.0686646 0.15193771 0.81059945 -1.2392211 0.29466286 -1.2200916
722 0.851334 0.4317677 -0.015465225 1.5834044 1.0154392 -2.3243089 -1.0775095 1.8571335 0.6029401 1.1474526 0.936848 -0.53234655 1.9822029 1.1706173 -0.7166362 1.2198437 -1.5139382 -0.30552095 -0.0010209781 0.45342296 1.7528024 1.2169179 -1.3496684 0.6803989 -0.24751554 0.026968377 0.31402954 -0.5547763 -0.39238495 0.34303024 -0.95068544 -0.4643483
340 -0.3013867 -0.2752139 1.0110409 -0.094413474 0.417845 -0.6723326 0.9451511 0.19170453 0.028857006 0.4330138 -0.17665482 -2.0306413 0.9286791 1.1884643 1.2548108 -0.24288662 -1.3520467 -0.014515029 -1.096999 0.32924485 -0.27045634 -0.11990303 0.6675409 1.297402 -0.39715827 -0.000743834 0.56497097 -0.0764375 -0.1842393 -1.2300855 -0.7785646 -0.051964596
948 -0.12805118 -0.7083516 0.9598984 -0.77732295 0.43661642 0.9711866 -0.84723276 -0.13647231 0.60130936 2.4301336 -0.22889386 -1.2963502 2.348224 0.39743334 1.1115006 0.34188908 0.9269833 0.23010056 -0.2669993 0.124367386 1.4921852 -0.5450919 -0.58545536 -0.8418976 0.66669995 -0.3036819 1.6789098 0.8187693 0.34620965 0.68723047 -1.3795365 -1.0487347
678 -0.16987476 -0.27650332 0.56844276 -0.7951095 0.51342475 0.6569397 -0.48441333 0.119304985 0.68607926 2.4964478 -0.7227562 -1.6341237 2.3159947 1.0037446 1.1002017 0.48676807 0.920247 0.62867343 -0.23971096 -0.37052026 0.85180867 -0.8707762 -0.5632453 -0.8956956 0.47141773 -0.63855124 0.97365654 1.0755156 0.6496519 0.6770832 -1.2657332 -1.0020179
611 0.41719326 0.59254766 -0.43161127 -1.1024284 0.65508664 0.33961365 -1.5414661 0.7527116 -1.0365988 -0.2935118 -0.2652106 -0.07424505 1.1540529 -0.45428774 1.2529477 0.5374223 -0.9900085 -0.58809286 -1.2221975 1.1070442 -0.18037815 -0.03543887 -0.7117326 1.1314678 0.4252946 -0.63286114 0.2949111 0.19679485 0.24491455 0.5307349 -0.75023293 -0.45125338
1215 -0.15060008 0.15037385 0.4153747 -0.25635275 0.8405261 0.8049586 -0.29779002 -0.012851927 0.32769227 2.0884528 -0.49974224 -0.75378186 1.7522014 0.54174405 1.1977288 0.10212035 0.9057111 0.014773153 0.06182252 0.84586823 1.3810098 -0.69953525 -0.64490825 -1.1278405 0.55902743 -0.18245791 0.6092484 0.7150502 0.9758637 0.41084146 -1.6925352 -0.6741779
576 -0.13453875 0.046222568 0.42033106 -0.051331654 1.3800566 -2.0261376 -1.1769232 -0.77166015 -0.2707511 0.9419771 -0.25961939 0.6989676 0.030260267 0.9223735 0.50904346 1.2852095 -0.54664934 -1.3025398 -0.21726853 1.0466117 0.757029 -1.5839634 0.8231117 -1.0642138 0.33392647 -0.16379796 0.8157662 0.30489627 0.9023336 -1.3236191 0.24328087 -1.3571321
428 0.37709418 -1.3000767 0.08269843 0.26296756 0.28036863 0.29394022 -0.20142911 0.3080626 -0.23437321 -0.11279193 -1.2392001 -1.027905 -0.38948992 0.47334158 -0.028780563 0.12828717 -1.0528368 0.37906557 -0.5470217 0.9427793 0.09276823 -0.12624048 -0.49659413 -0.026858607 -0.4394393 0.24213229 0.34555233 0.024659637 0.7797161 -0.121464156 0.28962544 -1.7130191
794 1.4080696 0.20775181 0.48062763 -0.16662012 -0.23474212 0.6612836 -0.33859852 0.23585205 -0.29333058 0.6425571 0.6484756 -0.72937185 -0.61267346 2.425707 0.9914612 1.2545853 -0.651537 -0.96121293 1.1429495 0.90604883 0.053822372 0.43740857 0.075429834 -0.06954873 -0.797649 1.5753721 -0.39196995 0.98476595 0.16313513 0.07212153 -1.2542069 -0.6641178
853 0.46892193 0.62824947 -0.68657845 -0.6019168 0.6316795 0.42958465 -1.0348068 1.2832162 -0.9757274 -0.68899995 0.30211863 -0.19668184 0.9703858 -0.36532634 0.61180234 0.76246756 -0.98292935 -0.13592051 -1.5138351 0.9863115 -0.07614345 -0.064490065 -0.6525756 0.6041337 0.44074318 0.20587587 0.52171385 0.37015805 0.21940386 0.66174215 -0.6878198 -0.24316695
143 0.9172945 -0.79845804 0.27895164 0.97860783 1.5580006 0.72299373 -0.10410779 0.32542428 0.2476091 0.14499444 -0.07647968 -0.15822251 0.9114242 0.6748394 0.823078 0.699389 -0.34272528 -0.9925592 -0.7549808 -0.89253193 -0.89718777 -0.45299694 -0.76245815 -0.5619138 0.18965024 0.22881037 -0.6520983 -0.5056608 0.44920182 -0.37981653 -0.041914042 0.121753596
597 0.45847186 0.6092475 -0.59117097 -1.247477 0.6198451 0.18842332 -1.4770236 0.74013996 -0.82938576 0.07056547 -0.5879464 0.10477871 0.89686817 -0.5807981 1.3849446 0.543087 -0.91488355 -0.49841484 -0.9780646 0.8410706 -0.07936027 -0.26493528 -0.23914704 0.9911804 0.2937569 -0.6453228 0.03298769 0.008389743 0.3565268 0.42021897 -0.6094152 -0.31844765
164 0.1052578 -1.4729229 -0.3576243 0.22548659 0.9365818 0.50368625 -0.22871009 0.32103655 -0.3777185 -0.08347563 -1.3006846 -1.0231833 -0.354869 0.20961681 -0.3840871 -0.20546213 -0.9032822 -0.14268796 0.071005955 1.4813418 -0.22358175 0.06503871 -0.36305085 -0.17604654 -0.29035062 0.6697452 0.57924795 0.2186924 0.31895292 -0.54645646 -0.48898524 -1.0447046
206 0.036759183 -0.056070376 0.7274826 -0.37390932 -0.16344468 0.25597462 0.15745293 -0.018205991 -0.12069708 1.1027688 -0.5340173 -0.869367 0.6563051 0.5148059 0.5057965 0.4621577 -0.8977692 -0.3640034 -1.6314733 -0.18203454 0.15553209 -0.077670716 0.6735867 0.70739514 -0.13058573 1.0857084 0.64927006 -0.48947135 -0.20248304 -0.015402025 0.05584322 -0.23259723
198 -0.48287892 0.9063447 1.4383813 0.24927482 0.17621829 1.1101178 -0.14420283 1.1256871 -0.40761495 0.72946006 -0.25167727 0.20947075 0.49106145 0.0030874119 0.8124692 0.022928191 -1.1214375 -0.04766627 0.7363599 0.0075403745 -0.95266896 -0.09368014 -0.34636822 -0.3700496 -0.33795747 0.736389 0.9300369 0.21184605 0.31873134 -0.39454904 -0.5985301 -0.8544749
561 0.5334033 -0.4443379 0.4612608 1.5720223 0.4220475 0.46868238 -2.0977623 -0.24075738 -1.2452154 0.77158093 -0.32438332 -0.5390224 -0.31654912 -0.8198174 1.3671931 0.11115869 -0.63190836 0.9776283 -0.8032238 -1.7083358 -0.074965745 0.28855175 -0.8242946 -0.24063765 -0.310291 -0.74175155 1.024855 1.0485809 -0.77966785 -0.8441832 -0.8032284 -0.015407233
370 -0.6270623 1.0066502 1.3027047 0.09504556 -0.08445261 1.0078033 -0.3317074 1.2433546 -0.45863813 0.74881667 -0.38723198 0.071548104 0.16447529 0.0635164 0.9238559 0.04158475 -1.149149 -0.1587809 0.73183286 -0.08762189 -1.1619077 -0.20980106 -0.28254285 -0.34880155 -0.32485107 0.8446383 0.8134008 0.20188959 0.2915882 -0.053883873 -0.76484436 -0.7353854
200 -0.3875936 0.9835503 1.440718 0.2508074 1.0667001 1.0269178 0.23659262 0.721946 -0.550621 0.100184575 -0.29839712 0.37342307 0.55424815 0.06294601 0.79679465 0.23830482 -1.3367403 -0.019133972 0.91780436 -0.6061668 -0.47964293 0.024366962 -0.54483676 -0.17123978 -0.40562144 0.8678687 1.575835 0.25537047 0.10143102 -0.21920785 -0.6639603 -0.9800582
707 -0.1935163 -0.010318287 0.34655207 -0.41713193 0.7450099 0.67322594 -0.35176057 0.0111092925 0.5830402 1.8238505 -0.39439 -0.6613082 1.6714364 0.4746638 1.1670583 0.23624328 0.7868843 0.05675932 0.1255674 0.53926265 1.2306364 -0.5698564 -0.53986806 -0.9329186 0.30684817 -0.20892152 0.9142404 0.71337926 0.7488572 0.61674935 -1.6184305 -0.7494815
425 -0.85595006 -0.9117211 -0.6921193 0.74915564 0.9985031 0.79698014 0.17693236 0.74823767 -0.14807113 0.49541712 0.020886727 -0.0057836096 0.5711828 0.15922344 1.0557264 0.22805607 -0.16732746 -1.0293555 -1.0953953 -0.20992504 -0.41997004 -0.4641285 -0.4047524 -0.6615237 0.033146158 0.9569571 -0.8315891 -0.19558123 0.49931848 0.19251646 -0.9537511 0.15537535
895 -1.1892769 -1.3019738 -0.24562676 -0.37568808 0.672309 -1.0692644 -0.7039907 0.4782194 -0.9036584 -0.233638 -1.1691554 -0.7422977 1.8672364 1.0541446 0.30553946 0.8863672 -1.1040207 -0.6607369 -0.020076772 -1.6423974 1.1872951 1.5548158 -0.479762 0.30627695 -0.6279291 1.1677616 0.010374275 2.0708828 1.1214954 -1.3568069 0.51150894 0.09505469
1238 -0.9984456 -1.6408423 -0.20933732 -0.26807815 0.532184 -1.164335 -0.7352474 0.688924 -0.77706367 -0.23081785 -1.1314309 -0.49194044 1.8512702 1.0664114 0.40827775 0.6704907 -1.2570516 -0.83219624 0.031719483 -1.7339543 0.95651555 1.6977792 -0.42795196 0.33958435 -0.7047983 1.3000395 0.4159498 2.255764 1.1928978 -1.2254161 0.5044547 0.052109946
534 0.0068458235 -0.46066627 0.8097344 -0.21811317 1.869075 -1.2481394 -1.6590017 -0.25144362 0.06504588 0.39470634 0.18605545 -0.030867262 -0.12915234 0.12714997 1.4612898 1.306783 0.36652982 -0.94482136 0.36005777 1.0388262 0.20113502 -0.4381938 0.9216451 -0.2487657 0.12774736 0.8998436 1.1769472 0.56544673 0.27526125 -0.8447262 0.69010013 -1.2916162
154 -0.09003002 -0.9568273 -0.5615142 0.63784915 1.035743 0.60185987 0.007869116 0.9860894 -0.074376754 0.66827434 -0.17787006 -0.2954484 0.6278406 0.3914255 0.72423756 0.33503592 -0.13369763 -1.2529546 -0.60807043 -0.6294467 -0.848359 -0.5690326 -0.29024178 -0.55251354 -0.06754561 0.4331492 -0.51617116 -0.57220304 0.4599031 -0.33814797 -0.8627233 0.12162556
915 0.967168 0.069759585 1.2737451 1.1454453 1.541787 -0.53756726 -1.3666084 0.79245454 0.18655784 2.5131302 -0.76916116 -0.71519876 0.5595025 -1.3958031 -1.4050266 1.0515987 -1.1139163 -0.30051005 -0.17291327 0.36376715 -0.082363516 0.029766047 -0.02371945 1.0094641 -0.40123978 0.71898586 0.21809265 1.8957863 1.3956693 0.6125279 -0.26524475 1.0732751
241 0.00400425 -1.1201079 0.4339207 0.13422659 1.3788086 0.39451036 0.31294557 -0.23055595 -0.2675705 -0.030198643 -0.87212235 0.12910508 1.0643234 -0.37692392 0.23077832 0.64269525 -0.41136825 -0.37036112 -0.4919762 -0.17879783 -0.25472152 -0.10093962 -0.5779737 -0.59457016 -0.20944424 0.21561575 -0.9868751 0.01829417 0.035011385 -0.22780827 -1.3108634 -0.22393134
836 -0.7132547 -0.1348497 1.0459473 -0.58333266 0.69099617 0.30230847 -0.2692273 -0.25947616 0.41497666 1.5569632 -1.1914899 -0.5174793 1.6554477 0.84199953 1.4962258 0.13495539 0.83514774 -0.7520031 -0.4278516 1.167039 1.433761 -0.45772547 -0.86372274 -1.2402743 0.4905862 -0.4997327 0.316353 1.121574 1.307711 0.85032874 -2.2196648 -0.16836177
859 -0.27358973 -1.0412557 1.1330686 1.1627498 0.61877835 -0.51906383 -0.265895 0.4713422 -1.0171301 0.45836326 -0.18187863 -0.58931184 0.1791182 -1.1744217 1.2714827 2.1843562 -0.34966415 -1.1119778 -0.10462468 0.68300027 0.92618906 -1.5225734 0.17273039 0.48224765 -2.02387 -0.6328325 -0.47582906 0.4161686 -0.5166587 -0.46567458 0.18231203 -1.404909
855 0.08613834 0.016446669 -0.4532512 0.13906412 0.65255064 1.0524961 -0.9344659 0.5424874 -0.6976444 0.10877191 0.6970013 -0.44060215 0.31214687 -0.26161754 0.10348341 1.1123272 -0.96799016 0.0013841985 -1.5794581 0.73673934 -0.17015177 -0.3659496 -0.9832423 0.08569907 0.23861176 0.003548704 1.185859 1.0942308 -0.65148836 -0.010754046 -0.40805423 0.5393098
1062 -0.033292454 -0.45721668 -0.39292306 -0.3576216 1.220873 -1.5047587 -0.77062845 -0.5842724 0.06476682 0.557704 0.13358307 -0.27174872 0.19196498 -0.2802367 0.59662473 1.8082125 -0.5718238 -1.1752981 0.4543893 0.9362616 0.047401313 -0.9827779 0.55283797 -1.4021133 -0.13654277 0.4439205 1.214809 -0.20851111 0.41770518 -1.0355912 0.28449526 -1.1887355
934 0.40772298 -0.18569322 -0.06176706 -0.7271384 1.050704 0.090482086 -0.40935233 0.14309753 -0.8040971 1.0204687 -0.8333922 0.41553733 1.0397084 -0.7829081 0.86180156 1.1111866 -0.8887516 -0.5093683 0.6395688 0.51866806 -0.503879 -1.0047319 0.4802613 0.4161668 -0.5398484 -0.31902328 -0.013285023 0.7533687 -1.4420416 0.51008 0.4198464 -0.109519914
89 -0.68471795 -1.592209 1.0916884 0.2335572 1.9205257 -1.8864528 -1.4112058 -0.31802088 -0.21078797 0.92473704 -0.013873722 0.59606177 -0.24074829 0.27435878 1.5234854 2.3119671 0.03790445 -2.3168497 0.47044495 1.4452208 0.12113199 0.26253992 0.3498212 -0.33004504 0.47977206 1.2581273 1.2560873 0.8588997 -0.8824492 -1.2376033 0.9827505 -1.3175932
841 0.4557292 0.7598976 -0.095126964 -1.0777066 0.5973778 0.31366643 -1.4854348 0.76855475 -0.8801408 -0.52096283 -0.23991963 -0.1095817 1.027211 -0.4146631 1.1692388 0.6397427 -0.74473095 -0.35617647 -1.1243826 0.64926326 0.08482029 0.03282831 -0.6169703 0.7850555 0.377795 -0.3708725 0.29854167 0.24146746 0.08059571 0.58605105 -0.42726025 -0.39175868
1047 -0.28208017 -0.25950694 0.87606555 -0.23981254 0.3249198 -0.66840065 0.7482962 0.12844424 0.013779134 0.4992434 -0.19385776 -1.767357 0.7815497 1.076536 1.0162584 -0.081151366 -1.291062 -0.006543073 -1.1369007 0.21444319 -0.13698024 -0.012159412 0.53628886 1.1433237 -0.47351784 0.06488973 0.49564165 -0.18221378 -0.18107587 -1.0919296 -0.57793015 -0.08637597
76 -0.66177356 -1.666347 1.1277571 0.24348515 1.8869644 -1.8345958 -1.3600736 -0.31069088 -0.15374255 0.9662919 -0.01921435 0.59910566 -0.21439649 0.25882983 1.4831583 2.342234 0.0662644 -2.291249 0.4650586 1.422998 0.14053227 0.28797552 0.33832386 -0.34463388 0.49138895 1.2533464 1.2781332 0.81643784 -0.8802245 -1.2646611 0.98964053 -1.3003678
723 0.08047891 -0.6331731 0.9947002 -0.058130898 2.0889425 -1.3276814 -1.6439803 -0.40014553 0.15958025 0.31627825 0.41637036 -0.036500763 -0.029386176 0.14942668 1.615082 1.200163 0.39323854 -1.2033067 0.47289544 1.085754 0.1045473 -0.3856434 0.7746994 -0.07291186 0.05475409 1.0872381 1.2575239 0.5875113 0.37051943 -0.6498058 0.8224479 -1.2329472
721 -0.76225984 -0.88235205 -0.2836824 0.52093977 0.6107454 0.07160986 -0.006481301 -0.9824998 -2.5416386 1.300207 1.0018032 0.30394727 0.4399244 0.39690945 0.2918806 0.5151977 -2.2403386 -0.12736775 0.21695055 0.098636545 1.3168452 -0.6402038 0.48338073 -0.1454465 0.22926159 0.13430735 0.30373782 -0.49670392 1.4211457 0.67750937 -0.6273618 -0.16004324
686 -1.9623414 -0.4220599 -0.47124103 0.006745124 1.1505735 -0.66575575 -0.9757651 -0.27016756 -0.7896675 -0.0918885 -0.48991 -1.4152749 1.5259764 1.1440635 0.5571776 1.2097082 -1.3232354 -0.6994205 -0.20763655 -1.0378166 1.4744967 1.3253555 -0.9844686 0.2355272 -0.2717632 0.954953 -1.1725508 2.3680055 0.6406649 -1.6353618 0.4366497 -0.17006728
260 0.30515218 -0.997627 0.2049664 0.7668924 0.693458 0.67008525 0.25744948 -0.026205862 -0.21351737 -0.5450451 -0.40162155 0.09706539 1.0704141 0.6820003 0.8203159 0.088479966 -0.8908504 -1.203739 -0.5451461 -0.16950697 -0.38345906 -0.64046353 -0.39109108 -0.90595084 0.3997995 -0.4169727 -0.6798269 0.6961586 0.49626756 -0.2613593 -0.5424367 0.56713134
449 0.31465766 -0.9581888 0.17667386 0.78189415 0.7240092 0.68890226 0.21507978 -0.04018054 -0.18469065 -0.56225544 -0.36596873 0.07751909 1.0125374 0.6720097 0.82833904 0.04756539 -0.86707264 -1.1895138 -0.48152056 -0.145152 -0.4155195 -0.61978525 -0.35498866 -0.9775554 0.34601426 -0.38882843 -0.7259374 0.6738813 0.4511394 -0.23339818 -0.59208184 0.5653994
335 0.29665685 -0.9824155 0.22005977 0.74554056 0.6755542 0.63957554 0.2219341 -0.026463427 -0.17533027 -0.52063495 -0.40761206 0.12138323 1.0322756 0.6907545 0.78234327 0.09152088 -0.86680436 -1.2290735 -0.5143081 -0.13022707 -0.42316675 -0.6449742 -0.3829699 -0.9067039 0.35975942 -0.38217846 -0.6801828 0.6365062 0.51147825 -0.23219338 -0.5882325 0.5471204
362 0.29704663 -1.00309 0.18956684 0.770396 0.7007869 0.6792012 0.22687858 -0.014167166 -0.18954375 -0.521186 -0.39320657 0.075506136 1.0248345 0.7144522 0.8296904 0.08626637 -0.8904735 -1.2233138 -0.49203026 -0.13508368 -0.4276958 -0.67748076 -0.35437775 -0.92540663 0.3781485 -0.38066614 -0.7079058 0.65954983 0.49392608 -0.24924426 -0.56377643 0.5690166
261 0.30207407 -0.99977505 0.18761754 0.7976218 0.65980023 0.6796282 0.20630547 -0.0035677894 -0.1658072 -0.5169067 -0.38729703 0.1220509 0.998182 0.7014746 0.8128102 0.04305422 -0.87979645 -1.2451558 -0.5313096 -0.14811341 -0.42271712 -0.6540882 -0.35768408 -0.9348212 0.33772856 -0.39022124 -0.7039191 0.6477913 0.49619937 -0.21863343 -0.56713355 0.602574
363 0.2922793 -1.0031707 0.2057728 0.7197232 0.6215517 0.6246257 0.21121565 -0.022426508 -0.17936164 -0.5187164 -0.4194896 0.08954975 1.0556947 0.66680956 0.7687338 0.06335667 -0.89316803 -1.2858773 -0.51403284 -0.14648227 -0.46317887 -0.6688236 -0.38504294 -0.91926587 0.3555679 -0.40705532 -0.6303313 0.6822799 0.509806 -0.2366451 -0.6040356 0.6196812
380 0.113523394 -0.26811492 0.03810076 0.8067757 -0.28232855 -0.066596024 -0.8980254 -0.4518231 -0.01398115 -0.46216494 -0.4604462 0.0797532 1.1544657 0.8427669 1.2545438 0.42368138 -0.1956286 0.4604683 0.47121483 0.6200058 0.19017418 -0.7431898 -0.36986607 0.27736488 -0.31720144 0.68115395 0.5507941 -0.61471575 0.3502392 0.20859289 0.2358832 1.2287809
1182 -1.8994637 -0.55732745 -0.490388 -0.033754174 1.1101749 -0.7850545 -0.984337 -0.2562205 -0.87444943 -0.06482043 -0.7576706 -1.3738546 1.6696396 1.339373 0.54177904 1.1863081 -1.2855229 -0.7227074 -0.25231954 -1.3444365 1.4644142 1.3762738 -0.9162136 0.3943089 -0.38822743 1.0203241 -1.0129886 2.3931599 0.7501357 -1.5852125 0.49109823 -0.13742343
411 0.07180998 -0.27777696 -0.06146049 0.55990523 -0.11715162 0.09553308 -0.9498803 -0.37368816 0.036292665 -0.5256642 -0.5083075 -0.032941673 1.281986 0.75990784 1.0036551 0.61676425 -0.29442146 0.6039739 0.76464915 0.5382913 0.05333126 -0.80618846 -0.3431523 0.15870327 -0.47575176 0.51618814 0.3931449 -0.61631215 0.3060262 -0.020250093 0.09456008 1.3640783
399 0.11960615 -0.2626366 0.064511366 0.80262214 -0.315677 -0.052743714 -0.92604494 -0.47944018 -0.009116347 -0.48034 -0.49624488 0.09562385 1.2195208 0.81986564 1.2128837 0.40463144 -0.21720076 0.38142315 0.4863906 0.62471473 0.18380997 -0.7713688 -0.41511583 0.2772539 -0.30263478 0.6994514 0.53836906 -0.6237249 0.33559647 0.16835578 0.2447135 1.2316778
422 0.33154747 -0.95749 0.18108578 0.7896868 0.6674866 0.660146 0.23587586 -0.05861376 -0.18936598 -0.55655867 -0.35310426 0.088483065 1.016414 0.69636774 0.81071097 0.054897062 -0.8702559 -1.2020409 -0.52065796 -0.14434081 -0.41554517 -0.6507154 -0.3762218 -0.92255825 0.3543448 -0.38422137 -0.67056364 0.65773827 0.5027572 -0.24871439 -0.5444486 0.5623285
306 -0.4807971 0.88395137 1.384108 0.2664308 0.15384625 1.0583469 -0.1270083 1.0720673 -0.31434664 0.7475948 -0.22863655 0.28861725 0.46575835 0.024803076 0.8670032 0.023067495 -1.1242733 0.042436104 0.7116448 0.019830696 -0.9279033 -0.1814687 -0.3486407 -0.3038517 -0.35302475 0.69880265 0.8596787 0.20889786 0.35985282 -0.37708005 -0.5977854 -0.8546253
214 0.11423846 -0.25311595 0.054187734 0.8153758 -0.32605293 -0.05218842 -0.89903474 -0.45551687 -0.015855161 -0.4652837 -0.5207459 0.10793665 1.2028635 0.84664315 1.2199591 0.3943669 -0.20568733 0.3984548 0.43924773 0.6286631 0.19784817 -0.75957555 -0.3760375 0.28981766 -0.27619898 0.6642029 0.5541087 -0.61246717 0.32243007 0.19024806 0.25541088 1.1968523
461 0.115565166 -0.24625336 0.04718828 0.8098779 -0.32290673 -0.060308468 -0.90018713 -0.44818527 0.002081315 -0.45606086 -0.50552696 0.08349638 1.1886133 0.8483526 1.2041386 0.394597 -0.21792181 0.3853531 0.47966883 0.6209713 0.19062814 -0.73683363 -0.3986176 0.2632964 -0.29920307 0.67831546 0.56193525 -0.61074835 0.3099934 0.17207335 0.24372476 1.2027017
447 0.10349442 -0.2406805 0.03683726 0.79579353 -0.29033798 -0.049629834 -0.90433484 -0.43932384 0.0069857496 -0.45833218 -0.50128126 0.072187185 1.173012 0.8245625 1.1908652 0.40857494 -0.22149001 0.40603703 0.43319538 0.62785435 0.1841356 -0.748056 -0.38294244 0.26813897 -0.25401747 0.6700136 0.5609019 -0.594984 0.32228452 0.208007 0.23933046 1.2063955
179 0.10194966 -0.25136992 0.024006862 0.7781026 -0.31351134 -0.053710066 -0.91316706 -0.46108806 0.002115755 -0.48474687 -0.48073608 0.07699089 1.1988623 0.8620286 1.2029525 0.45994183 -0.20955798 0.380333 0.46117938 0.64222926 0.1676853 -0.76022583 -0.41513953 0.29308057 -0.2696649 0.6675739 0.58345336 -0.60840917 0.32501423 0.19714 0.26642737 1.2174678
342 0.108069606 -0.25969356 0.06002001 0.78817964 -0.3179994 -0.07814739 -0.9245158 -0.46772173 -0.0046205493 -0.48405078 -0.51421666 0.0894575 1.1909252 0.8164479 1.2540479 0.39319745 -0.21561648 0.42501894 0.46447864 0.619452 0.1819992 -0.7492849 -0.38842908 0.2660244 -0.30968958 0.6785642 0.56635934 -0.62074214 0.3375783 0.1928547 0.2448589 1.2449796
408 0.28495345 -0.9931838 0.20356607 0.7672431 0.7074018 0.6651844 0.25369167 -0.060292304 -0.22051838 -0.55435866 -0.40190408 0.09176718 1.0309638 0.70544994 0.8233734 0.08573402 -0.8716795 -1.2097282 -0.50345963 -0.15906458 -0.37640288 -0.6590028 -0.37301746 -0.9339956 0.37571886 -0.4059414 -0.6938312 0.686792 0.48566592 -0.24089217 -0.57369864 0.5643615
108 -0.5979451 -0.41253626 0.98219675 0.7992666 0.7991663 -1.0281602 -1.0860478 -0.36174783 -1.2215103 0.33707726 -1.0562869 -0.23911162 -0.5563825 0.2576214 1.4811628 0.42611364 0.3715033 -2.243355 -0.5016764 0.4053159 0.64438605 -1.8066598 -0.0020337233 0.7412594 -1.2235103 -0.21835202 -0.3316648 0.6398795 -1.1852182 -0.1368042 -0.55302286 -0.43531904
182 0.09950842 -0.24199477 0.018457036 0.825903 -0.31874874 -0.08332583 -0.9334625 -0.42847157 -0.0028499856 -0.44898772 -0.48283783 0.079795875 1.177465 0.8385835 1.2251722 0.3961335 -0.2185235 0.41286048 0.45433778 0.64009655 0.1830486 -0.73008335 -0.42933953 0.25714403 -0.29823792 0.72097176 0.5646055 -0.5842494 0.32651976 0.16709709 0.22961679 1.1932595
580 -0.124737404 0.07933763 0.516656 -0.055152457 1.3599756 -2.0728114 -1.2115209 -0.7720797 -0.2962566 1.0227271 -0.3837487 0.783601 0.052623577 0.9999754 0.5182491 1.2690622 -0.4940892 -1.3105891 -0.27298313 1.075669 0.75828934 -1.6191567 0.7843728 -1.0302069 0.28418472 -0.19375475 0.70475936 0.31681654 0.8282509 -1.3570285 0.21025692 -1.4412969
482 0.86677 -0.6635427 0.14791411 1.0029515 1.6214435 0.65928674 -0.02173711 0.4769589 0.13616477 0.16970128 -0.011970708 -0.400682 0.92883855 0.6700243 0.7753977 0.7920388 -0.22508577 -0.7978958 -0.72327477 -1.0062617 -0.9413778 -0.6193668 -0.6050705 -0.58448935 0.24923155 0.16295448 -0.71897215 -0.4290262 0.36827666 -0.5585112 -0.05084351 0.009480989
157 -0.47918612 -0.080995165 -1.2930285 0.018736655 0.36406556 -0.1732897 -1.5555673 0.21681811 -0.3785808 -0.049491562 -0.7928933 -1.1318603 0.9972813 0.09889593 0.4114814 1.7789228 -1.393143 -0.3029415 0.25572634 -1.2934468 1.7651267 0.35504624 -0.9199672 1.0646578 -0.48530427 1.7866671 -1.5142252 1.2485664 1.7417616 -2.1576767 0.76925194 -0.6797914
677 0.63795257 0.3298167 -0.19069041 1.5078441 0.9732158 -2.5558333 -1.0609845 1.872217 0.72719723 1.1253902 0.94502765 -0.44505295 2.0222988 1.1772509 -0.65774536 1.152627 -1.8609842 -0.4426068 -0.025214778 0.86696726 1.7014358 1.1737617 -1.1051722 0.56667155 -0.46094 0.35557702 0.31985325 -0.33414152 -0.69321036 0.2776203 -1.1869311 -0.4345205
1288 -0.56291103 -0.8868258 -0.5048348 0.3965902 0.6844224 0.20762846 -0.2259787 -1.1132946 -2.4493659 1.4115878 1.2138069 0.1361387 0.46401075 0.2697947 0.41038764 0.6732068 -2.3871927 -0.3317431 0.501767 0.09699299 1.1411217 -0.31730977 0.43260464 -0.098502055 0.27688238 -0.062403638 0.446281 -0.6144205 1.3129144 0.729607 -0.6852912 -0.1613263
421 0.32744962 -0.9701509 0.20712359 0.7913772 0.6846158 0.66515636 0.23863068 -0.023596598 -0.2088057 -0.52605265 -0.374105 0.078542806 1.0040016 0.67735445 0.83512086 0.06979224 -0.88268846 -1.1853275 -0.49553338 -0.17742866 -0.40299186 -0.6069629 -0.38390136 -0.93002796 0.3681914 -0.40504095 -0.6849708 0.6623157 0.48841754 -0.25603667 -0.5934355 0.5700216
248 0.061618913 -0.27768698 -0.07025377 0.58228517 -0.12183944 0.07292801 -0.9702471 -0.37657762 0.0078794565 -0.52390295 -0.52057123 -0.031136485 1.2657158 0.7690316 0.99187684 0.6063206 -0.26254964 0.6338438 0.73842317 0.52504843 0.050655037 -0.78759193 -0.3622679 0.17299588 -0.47494015 0.5241306 0.37715986 -0.59793055 0.30715653 0.007716128 0.09032158 1.365672
560 0.51392055 0.19586015 -0.22031265 0.8142567 0.5330447 0.64678127 -1.9107642 -0.34704262 -0.72542286 0.9071773 -0.09765101 -0.6012675 -0.4552105 -0.26125357 1.2400805 0.49458542 -0.67105114 0.63476944 -1.5009496 -0.8610282 -0.12296324 -0.5468563 -1.2538825 -0.2749855 -0.8872823 -0.7342339 1.5863975 1.0336832 -0.6077109 -0.44455758 -0.5728779 0.23107687
1066 -1.3018216 -0.26779667 1.4404553 -0.9514132 0.88231605 -0.18915725 -0.8665638 -0.37776873 0.53570616 0.4019901 -1.5966007 -0.6041462 1.1450081 1.0945067 2.0476613 0.15511164 0.46653476 -1.0778706 -0.277354 0.38116077 2.117289 -0.2021146 0.26168993 -1.4487586 0.49831036 -0.7716591 0.7508327 1.4389201 1.2141948 0.92109114 -3.3207982 -0.12000773
450 0.30896252 -0.9819638 0.21529898 0.79333925 0.6819482 0.6499215 0.25366667 -0.041300155 -0.2123032 -0.5549914 -0.34995478 0.06693134 1.0509841 0.7283003 0.809846 0.10361406 -0.84034693 -1.1885289 -0.50348693 -0.17991859 -0.43585256 -0.66541564 -0.38405225 -0.92454565 0.40965784 -0.41834408 -0.6433336 0.7115401 0.4662246 -0.25113097 -0.5522118 0.57335764
429 0.10111166 -0.28050977 0.032275166 0.7760966 -0.3302508 -0.03196595 -0.8928308 -0.47448933 0.0038951423 -0.4869829 -0.47676805 0.076820955 1.20261 0.8598985 1.2059813 0.43067533 -0.20756815 0.3681172 0.47224516 0.64404863 0.16340254 -0.73357654 -0.38583678 0.26009092 -0.2738094 0.6790099 0.5635126 -0.61016905 0.3049068 0.1875468 0.25706428 1.2277553
549 0.92337567 0.081203066 -0.4713389 -1.0479748 0.61842936 0.29607064 -1.610566 0.5540704 -0.35710645 0.48405886 -0.8130366 0.4129607 0.93834394 -0.5459945 1.6748081 0.77446806 -1.0233353 -0.107441455 0.58294415 0.11524961 -0.1563187 -0.82456255 0.88356084 0.60133296 0.48756087 -0.01713053 -0.21650472 0.57374233 -0.5162476 0.16056539 0.28816602 -0.027951363
468 0.072569564 -0.29400766 -0.06689195 0.54996675 -0.101853155 0.09029718 -0.9382499 -0.3586676 0.02623082 -0.52512187 -0.507791 -0.039863743 1.2423193 0.74606425 0.9774906 0.6086875 -0.2663843 0.6152236 0.76860887 0.5127075 0.026468784 -0.79227126 -0.34759644 0.15771878 -0.45920563 0.48211044 0.38762128 -0.6144002 0.28421056 -0.0025844718 0.104710765 1.3761646
371 0.10918773 -0.24907357 0.03707386 0.78317535 -0.3095794 -0.020081883 -0.89217055 -0.4399435 0.0086039975 -0.47180754 -0.4629561 0.08024479 1.177907 0.8655482 1.2100365 0.43153787 -0.23276275 0.40702334 0.47006378 0.6245388 0.21442693 -0.7422677 -0.38682705 0.26519275 -0.24891697 0.65334624 0.57073796 -0.62151784 0.33841679 0.1923563 0.28338176 1.2200229
1033 -0.13074791 -0.45578924 0.43210676 -0.60546935 0.5589339 0.6560116 -0.48663235 0.16261409 0.7279263 2.2339838 -0.42261216 -1.3119035 2.3289866 0.65190166 1.081483 0.30323917 0.82333577 0.373214 -0.20115344 0.009602336 1.1088085 -0.59573364 -0.5853209 -1.0178797 0.6297935 -0.4666854 1.4081204 1.0840414 0.5014575 0.80475485 -1.3183894 -1.0673298
202 0.04516411 -0.2793354 -0.097664446 0.55552506 -0.098643266 0.067877196 -0.93435544 -0.33235097 0.01724577 -0.52661085 -0.50769144 -0.046575967 1.2184172 0.75846183 1.006259 0.6060751 -0.2682356 0.6375061 0.7655536 0.5348016 0.025896003 -0.77062565 -0.35532215 0.14293776 -0.46486914 0.50200284 0.36366564 -0.6145441 0.2939033 -0.023741785 0.097252525 1.3852744
183 0.04745652 -0.29410762 -0.09689515 0.5540725 -0.087761864 0.08043046 -0.96190447 -0.35291618 0.019652542 -0.53293985 -0.50280285 -0.042377565 1.2527145 0.7881381 0.98827964 0.61954623 -0.2591358 0.6388094 0.7743886 0.504025 0.03752747 -0.77962565 -0.35767496 0.158132 -0.4393074 0.51451594 0.4059505 -0.60423946 0.2753629 0.008387016 0.11256184 1.3917073
269 0.055711605 -0.27744648 -0.08456784 0.5843914 -0.11095787 0.08598615 -0.9466738 -0.36409828 0.012635377 -0.50449735 -0.53148395 -0.037122104 1.2672601 0.76280487 0.96378106 0.60111266 -0.26144862 0.61882555 0.7200505 0.5422452 0.057211574 -0.80157447 -0.36374936 0.15058172 -0.48300782 0.51507014 0.37162474 -0.59469295 0.27549204 -0.0017486119 0.09899119 1.360708
410 0.054434072 -0.27872947 -0.08038832 0.5654023 -0.10464101 0.07472867 -0.92119473 -0.34524348 0.00059839175 -0.53842074 -0.49887958 -0.039619345 1.2334769 0.7450965 0.9866933 0.58859974 -0.2610574 0.59878594 0.7432617 0.51376855 0.045719646 -0.7602287 -0.3334977 0.15634632 -0.44832948 0.5122783 0.3745118 -0.607817 0.271895 0.020385562 0.10068758 1.3724176
479 0.068148255 -0.26145256 -0.08440965 0.5750081 -0.08875823 0.07794265 -0.9748196 -0.35876024 0.015976958 -0.502678 -0.52745706 -0.02891355 1.2474731 0.7647895 0.986275 0.5872011 -0.26261058 0.6285898 0.7376535 0.53946507 0.042732198 -0.77882636 -0.36288208 0.15175301 -0.47421867 0.5309293 0.36088094 -0.58251715 0.28552344 -0.012260421 0.08712836 1.3444016
258 0.06519702 -0.27792805 -0.07567262 0.56699115 -0.12612149 0.08126135 -0.9434751 -0.35878438 -0.0068740817 -0.52171165 -0.5304462 -0.027060118 1.2821553 0.7537843 0.96917105 0.58267134 -0.24408013 0.60011965 0.73683566 0.51009333 0.044431902 -0.76898605 -0.35372812 0.167313 -0.438214 0.5109631 0.36421221 -0.60038525 0.27535823 0.014013497 0.095030226 1.372029
133 0.033489045 -0.24469134 -0.066269636 0.5504695 -0.11668718 0.03064703 -0.96204454 -0.36537918 0.004894091 -0.5205039 -0.54233265 -0.024624232 1.251823 0.73530585 0.9377101 0.5974297 -0.25241232 0.5856488 0.7436001 0.5258733 0.04582446 -0.7840099 -0.35486847 0.12285538 -0.45964366 0.509115 0.3733133 -0.60374767 0.28092477 -0.022902746 0.09597467 1.3368971
90 -0.28730497 -0.83653015 -0.111619905 0.85960144 0.7644173 0.06392325 -0.7677492 0.4472395 -0.01951791 0.18661737 -1.1256804 -0.8849277 -0.29009333 0.4417695 0.37517625 0.025337372 -1.0788571 0.56641847 -0.24958183 0.6991867 -0.04072056 0.09295573 -0.10087461 -0.24066149 0.21020962 0.04634622 -0.044103835 -0.019370425 0.1112808 0.51545465 0.026063733 -1.1624511
225 0.014515262 -0.093769304 0.15726393 1.8993251 0.58449703 0.5358338 -1.3722836 -0.043183178 0.5599875 2.072583 0.031605314 -1.3762931 0.87227637 -0.56918645 -1.2314746 1.747815 -1.0667349 -0.90412915 0.19604315 1.3425277 0.18024305 0.2476727 -0.90028596 1.652156 -0.10976748 0.6862214 -1.332264 1.1145521 0.7038963 0.042622816 -0.96422803 1.1534129
382 0.068560675 -0.27995804 -0.06122364 0.57102954 -0.117182285 0.09142646 -0.96267456 -0.3346614 0.007126652 -0.51264787 -0.519663 -0.029483467 1.260749 0.7451558 0.9926815 0.5821708 -0.24973236 0.6213548 0.7444149 0.51134425 0.054866835 -0.7875364 -0.3605399 0.14795877 -0.48901746 0.48042658 0.36993143 -0.59456307 0.30310285 -0.026091682 0.110282466 1.3748662
700 0.91165113 -1.2204926 0.027999802 2.3206584 0.7510876 -2.2455966 -0.16432717 1.5521731 0.27304915 0.9265331 0.03925684 -0.78382957 2.8031125 0.658152 -0.89596134 1.8185017 -1.5476618 -0.34344435 0.49597868 0.19670688 1.4870026 1.1433948 -0.34521452 0.48745552 -0.6016684 -0.68794703 0.3221074 -0.23855926 -1.5236031 1.0540087 -1.7327331 0.15190113
538 0.39975357 -0.5094739 0.47427636 1.7050391 0.40715644 0.28971907 -1.9956293 -0.2101314 -1.3756471 0.82184124 -0.38009843 -0.58000726 -0.34254423 -0.624512 1.1652651 0.032556586 -0.62998456 1.0305291 -0.7580641 -1.8622298 0.037960775 0.19085695 -0.7062298 -0.31491414 -0.24688216 -0.90366745 1.0480958 1.0237522 -0.8466964 -0.99013937 -0.8816836 -0.087682895
971 0.9022662 -0.016071374 -0.40360057 -1.0244606 0.7292245 0.16079478 -1.5642773 0.54390556 -0.27592424 0.43771604 -0.9560011 0.8293944 1.1182396 -0.3658363 1.9497435 0.8336353 -1.1207404 -0.38581023 0.73563707 -0.04459873 -0.51507115 -0.7165814 0.7366128 1.08882 0.21936214 0.34924865 -0.045891512 0.62631625 -0.837202 0.6853248 0.7506723 -0.003982333
715 0.64356446 -0.2374151 1.0247215 0.95758843 1.3791375 -0.4114361 -1.187429 0.96669483 0.26376456 2.3470092 -0.4786813 -0.5763269 0.23167579 -0.913007 -1.5225922 1.1677368 -1.3493278 -0.5315574 -0.110293016 0.3283938 0.2200127 -0.071439 0.2199315 0.8934473 -0.4027595 0.46405512 0.044472504 1.6461762 1.3893006 0.4292062 -0.8608244 1.1750324
518 0.52940863 0.19827768 -0.19910876 0.961795 0.6254621 0.6341962 -1.9465619 -0.3168567 -0.6814291 0.8965825 -0.103685856 -0.41944176 -0.41789258 -0.21558338 1.2299696 0.45359567 -0.6217386 0.6795714 -1.5843282 -0.84353554 -0.044736043 -0.6121207 -1.3107293 -0.29378277 -0.8553611 -0.6844529 1.6007919 1.0368236 -0.5950162 -0.52555704 -0.57970434 0.2911519
636 0.36271444 0.018773833 -0.1883768 0.79956514 0.5887506 0.63000107 -1.8510381 -0.33753496 -0.9182266 0.7579228 -0.008011434 -0.7081703 -0.55143034 -0.22160232 1.0810978 0.3316276 -0.8678453 0.58024585 -1.2855585 -0.9089551 0.01875866 -0.30273414 -1.1636499 -0.2545241 -0.95579314 -0.7838604 1.397646 1.0031273 -0.6522396 -0.68483496 -0.7153259 0.062986635
565 0.39882347 0.33959728 -0.5142676 0.45534778 0.18830536 0.9348186 -1.6952382 -0.18872404 -0.28771752 0.60997796 0.09352589 -0.65885675 -0.1835789 -0.024067562 0.7608504 0.90455085 -0.67365247 0.41560546 -1.4013289 -0.46655527 -0.00046854318 -0.6265693 -1.2963171 -0.29407203 -1.0346593 -0.5285695 1.5126522 0.83778286 -0.35274345 -0.19116591 -0.44011536 0.24029316
1197 1.3745849 0.16035949 0.44243047 0.5895842 0.04251182 0.31005502 0.08532424 0.21466011 -0.77670467 1.3960763 -0.71449 0.04479714 -1.0095483 1.4079878 1.1273315 2.3164945 -0.046745744 -0.36338332 0.16619807 0.7883452 0.6939947 0.8872423 -0.2638711 -0.026092567 -0.0917183 0.9397344 -0.039374623 0.9941233 -0.69478047 0.05724518 -1.6499534 -0.5706617
654 0.1764957 -0.5167229 -0.3934259 -0.25682423 1.2016193 -1.5242524 -0.86381257 -0.47367316 0.23753017 0.47860885 0.32166946 -0.27450755 0.07324918 -0.21096104 0.45284137 1.7858161 -0.73052317 -1.3120406 0.431005 0.7230938 0.15426466 -0.9461302 0.52353996 -1.4898839 -0.39067608 0.6419088 1.3544402 -0.21030043 0.5977333 -0.75852495 0.36742103 -1.136242
541 0.24015713 -0.41796175 0.09161905 0.7790713 0.707863 0.49434066 -1.844373 -0.36248544 -1.3060935 0.48310688 -0.12233606 -0.71480787 -0.39154693 -0.110717185 0.8847025 0.1365827 -1.0063366 0.8777074 -1.033614 -1.3559344 0.28720215 -0.10626454 -0.83955467 -0.20336711 -0.86788875 -0.95622385 1.4271995 0.84238416 -1.072414 -1.0654358 -0.8469733 -0.01645321
602 -0.2143792 -1.2741414 -0.8961391 0.23136579 0.8683292 0.24109851 -0.3974856 -1.1866381 -2.0402246 1.570821 1.6452501 0.07909724 0.4165609 0.045181144 0.68091893 0.73711497 -2.6375024 -0.31389374 0.67789024 0.30326325 1.0645401 -0.008254084 0.5235928 0.11296057 -0.015057151 -0.043412853 0.565063 -0.363346 1.4190669 0.7735917 -0.929039 -0.41691867
220 0.51004094 -1.2342911 0.061517384 0.4087281 0.16832906 0.33017817 -0.39761224 0.10056695 -0.21291459 -0.15411033 -1.2804524 -0.83137035 -0.21636894 0.58888537 -0.19893533 0.3174483 -0.94067186 0.53190094 -0.472532 0.6057135 -0.0015359616 -0.25503787 -0.3632797 -0.18837024 -0.61512387 0.15979365 -0.027619211 0.3684629 0.5558697 0.028923146 0.40892255 -1.8186361
882 -0.46830902 -0.8788133 -0.55409545 0.41509137 0.63928676 0.37691182 -0.398238 -1.3144082 -2.4511082 1.4720443 1.31906 0.02360914 0.54128575 0.23131658 0.5372744 0.76271987 -2.4851475 -0.44185054 0.3201944 0.08660153 1.1047827 -0.017656391 0.4656068 -0.055829693 0.42531538 -0.09160588 0.43720263 -0.6443052 1.3384335 0.87050045 -0.63042235 -0.3102696
150 0.45617497 -1.4619858 -0.22559844 0.31042805 0.5585447 0.39707232 -0.27338874 0.12765647 -0.2858311 -0.13240431 -1.190836 -0.9071899 -0.22176221 0.38867173 -0.3731431 -0.04348182 -0.79312307 0.23748198 -0.2285782 1.0858521 -0.24799787 -0.12715997 -0.35778016 -0.091717176 -0.4151962 0.52785337 0.2683959 0.41423652 0.41227418 -0.30244845 -0.0690822 -1.4909549
61 -0.3667851 -0.4700421 0.9047287 0.53762573 1.328091 -1.0413646 -1.1440377 -0.37022087 -0.7831389 -0.15123364 -0.7612247 -0.041512746 -0.42102477 0.40453368 1.2185906 0.6736135 0.37695667 -1.7731562 -0.51919496 0.7064661 0.7024872 -1.7734315 0.323158 0.3735328 -0.90104955 -0.07611804 0.156606 0.5462014 -1.1727546 -0.64707184 -0.36570072 -0.42098206
606 0.8658267 -1.2481376 0.077488415 2.313548 0.6104105 -2.24149 -0.19423866 1.4558357 0.27196637 0.946851 0.026669858 -0.8606965 2.8291192 0.597192 -0.8640044 1.8647658 -1.5567166 -0.33394757 0.5721095 0.16341595 1.3347634 1.131528 -0.25196707 0.39296806 -0.60583925 -0.75924855 0.2574099 -0.15288053 -1.5136275 1.1464543 -1.7518419 0.17528297
148 0.67305136 -0.9706326 -0.124749735 0.9285205 1.4111633 0.5262199 0.10146108 0.7624928 0.2599909 0.0019942252 0.04823309 -0.16742823 0.992861 0.46267208 0.8210358 0.6685763 -0.3632235 -0.747832 -0.6991953 -0.9298065 -0.73244494 -0.7500316 -0.39485002 -0.6721317 0.18602262 0.14852522 -0.4993939 -0.33316207 0.19229735 -0.4871585 -0.20799297 -0.031679954
65 -0.24830109 -0.6297077 1.0267315 0.37521344 1.5385662 -1.0581551 -0.94477564 -0.16566782 -0.7589273 0.035315692 -0.6876296 -0.31177005 -0.45138052 0.46155512 1.1775414 0.8064947 0.6188032 -1.7460868 -0.54318255 0.9947033 0.60842574 -1.84754 0.13608661 0.47213253 -0.9756114 -0.089533865 0.37265134 0.2443498 -1.3816949 -0.8207384 -0.2574702 -0.4684513
731 0.85600954 0.10368117 1.1177052 0.85480905 1.2637895 -0.68338567 -1.0885459 0.6664796 0.20398703 2.4730456 -0.7642702 -0.62486076 0.4678059 -1.1899809 -1.4056658 1.1865566 -1.4145759 -0.2338769 -0.331528 0.5568999 0.19438612 0.17295593 -0.24162576 0.91208994 -0.5500128 0.40075904 0.032155164 1.8897989 1.3514087 0.3835628 -0.62591505 1.3208168
829 -0.100851834 -0.5735463 0.7412385 0.7673275 0.7728621 -0.307778 -0.14632423 0.48258564 -0.694347 0.4147788 -0.26888773 -0.85604614 -0.026654383 -0.6664467 1.1167694 1.5615934 -0.021313468 -0.92458177 0.58999044 0.6715377 0.68583935 -1.1936138 0.18800178 0.909242 -1.5460644 -0.19673315 0.07772959 -0.27973625 -0.09067001 -0.42115477 0.28169492 -1.1325237
43 -1.7812676 -0.78339726 1.6323168 -0.9183776 0.16422567 1.2340769 -2.3549392 1.3274623 -2.318974 0.13152198 2.5076618 -2.1886454 -0.007266563 -1.1719283 -0.20086657 2.7655482 0.11190711 0.41179866 -1.3970853 -0.984862 0.32805377 -1.1517538 0.06319817 -0.57899594 -0.67097425 1.073118 0.24070722 1.623385 -0.47189322 -0.26093096 -1.0185703 1.0246608
998 1.1034012 -1.2633532 0.68203837 -0.6174077 0.3547778 -0.9918123 -0.35697648 1.103295 -1.0690126 1.128445 0.17215581 -0.8340208 0.028141692 0.6440582 0.67729723 -0.5350065 -1.2987454 0.024310822 0.74049854 -0.26332226 0.5779973 -1.2909583 -1.950885 0.18360338 0.17032051 1.0886582 -0.5729703 0.1658384 -0.13861792 -0.05731946 -0.8248396 -0.11466611
45 0.48932424 0.33759788 0.11396048 -0.99120367 1.9789943 -0.476765 -0.6121596 0.7000302 -1.250259 1.2361302 -1.0144774 0.28545678 0.7525609 -0.2989328 0.4036345 1.0133438 -0.47160774 -0.35303628 -0.04792562 0.47487813 -0.34867036 -1.722554 0.07960728 0.8425066 -0.4806054 -0.5167939 0.119278096 0.5784264 -1.830278 -0.32119498 0.91286415 -0.030122155
997 1.1105595 -1.2245227 0.6878139 -0.6265207 0.3389861 -0.9549997 -0.3626821 1.0616612 -1.0548915 1.1078274 0.18956673 -0.85086304 0.09669433 0.6175275 0.72240674 -0.57223064 -1.319901 0.02306121 0.73404604 -0.20308606 0.59450465 -1.3199788 -1.9599313 0.22002769 0.16851641 1.1212245 -0.5979444 0.19194123 -0.13148543 -0.040113658 -0.76151884 -0.10637523
135 -0.48163825 0.8925211 1.3290441 0.1198517 0.16356987 1.0480188 -0.11955456 0.9688847 -0.34624475 0.7507491 -0.21793184 0.0103825675 0.3827457 -0.030383198 0.71095663 -0.09559961 -1.2246432 0.1921794 0.7104973 0.0012836539 -0.7503974 -0.3515014 -0.4989084 -0.24499275 -0.37443158 0.67871124 0.8422005 0.1865415 0.14718455 -0.47174343 -0.57509726 -0.7626369
872 0.92666817 0.42259765 0.094527915 1.5188934 0.9376344 -2.371081 -1.0110923 1.8532826 0.46213213 1.0981231 0.8497094 -0.3786481 1.8886684 1.091076 -0.68629396 1.2637421 -1.4719087 -0.32467684 -0.11306963 0.42433584 1.828759 1.1784341 -1.2750661 0.6690328 -0.3653382 -0.034728922 0.3711221 -0.6248699 -0.41608408 0.42568767 -0.85183126 -0.45733675
877 -0.21704392 -0.2752374 0.72603726 -0.6896367 1.5922847 -1.7252508 -1.2940345 -0.3152778 -0.3350555 0.81055534 0.017588142 0.13403735 -0.10528297 0.5988716 0.9551313 1.7203122 -0.09434766 -1.1763792 0.1013319 1.1334825 0.5521047 -1.3293142 1.082277 -0.661616 0.52651596 0.16031528 1.1050628 0.107481 1.0251667 -1.519613 0.31231356 -1.2850838
1074 0.7472913 -0.10928679 1.2622006 1.084292 1.5420531 -0.671949 -1.2342976 0.83407456 0.1528829 2.3543084 -0.7077996 -0.6089661 0.38580015 -1.1955649 -1.4065318 1.1350235 -1.3088758 -0.34675577 -0.10504511 0.21034844 0.19132672 0.018475387 0.20747094 0.9451086 -0.5105937 0.46375024 0.12987195 1.8215269 1.5718203 0.5975886 -0.6246911 1.0891459
1273 -0.52224916 -0.8819558 -0.36468112 0.37918875 0.59444875 0.19936469 -0.2593924 -1.3427502 -2.65252 1.2487538 1.264543 0.29030347 0.6157255 0.36098433 0.47246033 0.6619182 -2.603866 -0.3121511 0.26559347 0.2146646 1.1524487 -0.5081144 0.41665462 0.01104972 0.39758453 -0.061162274 0.31031397 -0.44788587 1.3528866 0.68794304 -0.59481066 -0.36926335
197 -0.483138 0.855285 1.297745 0.12569079 0.18436499 1.0179037 -0.1410589 0.978188 -0.3510294 0.7554244 -0.25969833 0.07643578 0.36864412 -0.004917861 0.7008752 -0.07522167 -1.2405365 0.15162474 0.70292085 0.03502937 -0.7474183 -0.33251435 -0.4661531 -0.25006652 -0.2837327 0.6926808 0.8536217 0.19801268 0.17510241 -0.5057216 -0.5912502 -0.7525703
278 0.07744689 -0.27710432 0.77571434 -0.40763587 -0.25871596 0.25369626 0.15823285 -0.05329804 0.21284488 1.234808 -0.49372023 -1.2243954 0.6241642 0.53737384 1.0778369 0.37013453 -1.2298563 -0.20848456 -1.579771 -0.28467748 0.15617652 0.011076379 0.79208034 0.8061334 -0.39550713 1.0061361 0.5040619 -0.5172846 -0.29486603 -0.17231046 -0.11181853 -0.18142217
290 1.2224572 -0.30631423 0.06294348 0.13868529 0.2756611 0.49810225 0.7017512 0.078100145 -1.4274033 1.2321756 0.15411271 0.23267797 -0.18745932 2.6907198 0.31229377 2.0935626 -0.13484028 0.36730415 0.35229772 0.73469317 0.28510454 0.0892008 0.23950237 0.61530834 -0.82053596 0.8225332 0.0018472759 0.7537881 0.27245322 0.030080313 -1.1732538 -0.45952383
409 0.1116038 -0.20279182 0.28857157 0.179893 -0.41878435 -0.49933213 -0.6344923 0.28800368 -0.89410496 0.47969303 -0.6066924 -0.092981756 0.52524596 0.054815143 1.4688729 0.42010593 0.0532488 0.73046887 0.009741408 0.93207836 0.06021444 0.36126903 -0.44886097 -0.6445627 -0.5305455 0.61097175 0.28000155 -0.6088247 0.39595678 -0.3014108 0.41324338 0.7284694
741 1.380549 -0.08742378 0.54654723 0.6757903 0.03529567 0.40904692 0.4166618 0.21924014 -0.8699081 1.243607 -0.55524 0.07407757 -0.8384504 1.1170672 1.0921762 2.1540208 0.005867606 -0.24589828 0.09039492 0.69920224 0.6660127 1.1673443 -0.14160277 -0.08552669 0.02048363 0.9688647 0.2814473 0.90212977 -0.5083295 0.015727535 -1.4481024 -0.488815
553 0.7856796 0.031841062 -0.3232323 -1.0471172 0.8797616 0.0579344 -1.4601122 0.48609224 -0.36032012 0.59258497 -0.93143475 0.7375006 1.1025239 -0.3367007 1.9500098 0.96240616 -1.1913925 -0.55379397 0.75665164 -0.0061153667 -0.76837194 -0.6992686 0.7514715 1.1201372 0.04187329 0.3242738 -0.058865186 0.7394668 -1.0871125 0.8229257 0.91846395 0.001058114
14 1.2709266 -1.0736227 0.8482081 -0.28441808 0.19669057 -0.64402264 0.037180528 0.5796958 -0.9691889 0.7013041 0.022483869 -1.0198491 0.41955203 0.48788232 1.0019416 -0.77884305 -1.3474324 -0.19888662 0.6127856 0.062282857 0.58356977 -1.4541228 -1.9531115 0.08350114 0.86877114 1.0325336 -0.5411625 0.57253414 -0.43631676 0.3325851 -0.36940747 0.36973706
1358 -0.41486296 -0.79166806 0.27716565 0.65589786 0.43079802 0.14507006 -0.008150265 -1.197416 -3.2269907 1.0906832 1.1359558 0.9136613 1.1235431 0.7964956 0.3762467 0.58022445 -2.5459206 -0.008560199 -0.19522972 0.5124966 0.83737856 -1.2851825 0.14405574 0.55500466 0.5694154 -0.3111629 -0.11631314 -0.24784741 2.1465812 0.6930606 -0.3771885 -0.8979361
217 0.74640936 -0.8704219 0.08926047 0.97720504 1.546608 0.5679295 0.021252878 0.6697789 0.13915814 0.057800718 -0.055930585 -0.32431468 0.9699867 0.60596645 0.7300704 0.8450801 -0.21669224 -0.7511041 -0.6425205 -1.0590831 -0.8170666 -0.70835984 -0.4292221 -0.5976095 0.2596521 0.114243515 -0.64683163 -0.3606326 0.2218411 -0.55935234 -0.14971241 -0.048619386
568 -0.33668715 -0.1557277 0.3077454 -0.4028996 0.5720741 0.4666458 -0.15544318 0.29345503 0.5889738 1.7199107 -0.72178245 -0.785524 1.7903314 0.48218077 1.057765 0.29357785 0.81590366 -0.0018446689 -0.014891836 0.63226956 1.1648592 -0.43039533 -0.5436711 -0.87633556 0.36479864 -0.2858769 0.8227498 0.8606826 0.85904527 0.8293023 -1.466849 -0.75549024
807 -0.12633747 -0.38372144 0.45979917 -0.73158514 0.56094366 0.5566411 -0.45727003 0.15664509 0.73022634 2.4183722 -0.6555727 -1.5615345 2.2797134 0.92378676 1.2460757 0.43804196 0.90493065 0.60375506 -0.2967593 -0.28086537 0.9227452 -0.7186332 -0.5352189 -0.9523972 0.41946617 -0.6207478 1.0445268 1.1276867 0.62935805 0.80098706 -1.2877433 -0.96288395
372 0.11397964 -0.2963733 0.40176022 0.17974062 -0.4201347 -0.48267636 -0.6185767 0.33298627 -0.8908842 0.48951095 -0.61338264 0.003958336 0.53889966 0.013139814 1.5269332 0.36237195 0.07755172 0.7380468 -0.02724488 1.0134476 0.11167093 0.38746575 -0.43780652 -0.6684274 -0.630349 0.58174354 0.36478922 -0.62027127 0.48609433 -0.31163457 0.42961973 0.77311426
375 0.11810678 -0.2771471 0.42415726 0.17734529 -0.40267736 -0.4859757 -0.61909354 0.3312874 -0.90002716 0.47604826 -0.6188449 0.014564305 0.5507191 0.0071103997 1.5482124 0.35294673 0.028868468 0.7245375 -0.037527725 1.0367811 0.13475333 0.3921113 -0.4280189 -0.6648437 -0.61950105 0.57907635 0.36584005 -0.64099705 0.47414795 -0.33448747 0.43843403 0.7514662
653 0.7104983 -0.22771326 1.1531569 1.0933486 1.610447 -0.4373807 -1.3099957 1.0408982 0.14975739 2.3973591 -0.48299068 -0.770911 0.27511176 -1.0215445 -1.5197996 1.1326866 -1.1456046 -0.5586256 -0.018441949 0.2890211 0.077039406 0.029212318 0.23811513 0.98358804 -0.4171872 0.638216 0.11320139 1.6663616 1.444059 0.55186325 -0.6458169 1.0208966
939 -0.084430486 -1.2330136 -1.0730127 0.15552321 0.6329038 0.6281345 -0.6630639 -1.6717168 -2.249037 1.6642296 1.7705061 -0.17953806 0.5200961 -0.03226653 1.0554982 1.0557104 -3.040864 -0.43252164 0.4982776 0.14832053 0.78048843 0.4818541 0.33852494 0.38382846 0.3206492 -0.1908131 0.4476164 -0.5679091 1.3996687 0.9448336 -0.91471636 -0.7640681
272 0.532007 -0.89874923 -0.20404802 0.82912856 1.3707083 0.4381673 0.20806608 0.7487176 0.096098855 0.017432848 0.026279995 -0.14628576 0.89931786 0.372593 0.75776076 0.5781967 -0.30215746 -0.69041175 -0.7080275 -0.82953185 -0.6531431 -0.69359046 -0.34245342 -0.67282057 0.18364063 0.14540398 -0.47415394 -0.33389634 0.15168525 -0.44230995 -0.24672943 -0.027934456
360 0.12200469 -0.30908558 0.44032463 0.18792282 -0.41870204 -0.50046784 -0.60020787 0.3188251 -0.900868 0.45453864 -0.62558866 -0.010082498 0.51539516 0.0079146465 1.5325811 0.3141876 0.05263567 0.70909125 -0.06309764 1.0455438 0.11935185 0.3807797 -0.41720924 -0.65784377 -0.63028485 0.59926796 0.3638646 -0.61439514 0.47790736 -0.3095892 0.43851653 0.7617279
367 0.10471571 -0.29022992 0.43684644 0.20504962 -0.43888456 -0.4835455 -0.6165226 0.33157516 -0.9081623 0.46340007 -0.639459 -0.009072208 0.5489501 0.0047691194 1.5173041 0.35539696 0.06758364 0.7173787 -0.044294976 1.0367182 0.13844143 0.37007058 -0.41618192 -0.64551705 -0.6007501 0.5940948 0.3714666 -0.61633235 0.4577323 -0.3092261 0.44279784 0.72835815
838 -1.0698973 -0.9751969 -0.5434926 0.52636015 0.5050134 -0.06066998 0.033172347 -0.89580244 -2.4805822 1.4637023 0.6570116 0.34789294 0.22721644 0.604792 0.14126663 0.5961266 -2.1625721 -0.26753852 0.23664676 -0.11945599 1.4564208 -0.7063155 0.3412192 -0.06704457 0.5442884 0.094260424 0.43748027 -0.55855507 1.2841498 0.87321556 -0.81776196 -0.025139121
462 0.11440399 -0.27511135 0.39987046 0.17628588 -0.41659752 -0.4932533 -0.61946625 0.3096409 -0.8984671 0.46990284 -0.6236 -0.019500783 0.5347872 0.007443559 1.5383507 0.34856617 0.064191684 0.7377534 -0.0327408 1.0143697 0.1334509 0.37892297 -0.43159494 -0.6475321 -0.61374384 0.5976991 0.3869957 -0.61700845 0.469556 -0.28525585 0.42982244 0.76857257
1118 0.32203248 -0.24637195 -0.055143207 -0.6715063 1.062499 0.091693126 -0.3066754 0.10704403 -0.8278107 1.093046 -0.75514 0.34023395 0.91341645 -0.81281054 0.86716014 0.9980459 -0.68907315 -0.67258376 0.63666564 0.5876136 -0.4107114 -0.92562115 0.397593 0.457558 -0.43910116 -0.23792076 0.06711288 0.66504025 -1.4730737 0.3520882 0.46021977 -0.03766154
169 -0.92031366 -0.6579845 1.290768 -1.3737959 0.742797 -0.47724593 -0.55941594 -0.24548072 0.87618834 0.81429446 -0.84988433 -0.84725475 0.7076529 1.0092736 1.9358393 0.7137094 0.29875153 -0.45555732 0.44213015 0.4078434 1.4396685 0.5182172 -0.26244512 -1.1003788 -0.12300814 -0.95594025 0.6108043 1.0713097 0.5285074 1.1241455 -2.522059 -0.41308218
481 0.017183457 0.29303512 -0.046211664 0.051404424 -0.52180713 -0.5971046 -0.68830556 0.23836474 -1.106498 0.7352907 -0.82329935 -0.42306212 0.7244671 0.4759929 0.98010224 0.76494336 0.21629474 0.55602103 0.16319835 0.8452847 -0.31302723 0.013303827 -0.617317 -0.6058977 -0.13944843 0.628712 0.08466208 -0.68724793 -0.09653443 -0.32260087 0.5271484 0.61090904
480 -0.007887234 0.30502507 -0.0863139 0.030320587 -0.4729861 -0.59895223 -0.6624859 0.21296352 -1.0530655 0.7363073 -0.81056404 -0.44403675 0.6800994 0.47828665 0.93057156 0.79431623 0.22624601 0.5583713 0.17286508 0.83749884 -0.33468133 0.010933477 -0.60573316 -0.6203971 -0.1154708 0.62473977 0.09464192 -0.6483889 -0.10923344 -0.301359 0.47285104 0.5841273
12 -0.22669545 -0.5318488 0.94077224 0.23502234 1.7743065 -1.1461889 -0.94224477 -0.20372134 -0.6150668 -0.019228641 -0.67014456 -0.3181305 -0.41676462 0.6555532 1.0523541 0.80670786 0.5962304 -1.8325936 -0.48753628 1.1243554 0.52461463 -1.7560383 0.19027306 0.40674913 -0.75781304 -0.049792804 0.6629817 0.0976806 -1.3565922 -1.0297091 -0.13336498 -0.45633152
423 -0.41540015 0.8366462 1.3089695 0.23540957 0.19648771 1.0210985 -0.06312697 0.9944469 -0.2888664 0.70008355 -0.23422325 0.23237176 0.415836 0.024067612 0.79477775 0.048320796 -1.1123573 0.10817172 0.6644467 -0.046172995 -0.7842277 -0.22268683 -0.41382214 -0.28196388 -0.315992 0.65614927 0.85493636 0.24684979 0.24752946 -0.4316173 -0.5328139 -0.8268108
791 0.4017991 -0.19607586 -0.048876062 -0.80833316 1.1611928 0.09923801 -0.42715064 0.19272487 -0.8323508 1.0266632 -0.7822399 0.4049277 0.9866929 -0.7849491 0.88431346 1.1253742 -0.80698174 -0.5590211 0.67575085 0.5592483 -0.45197403 -1.005524 0.45745698 0.44494 -0.49625456 -0.22562319 -0.0015013055 0.75885713 -1.5323049 0.43591198 0.43331248 -0.08026427
1034 -0.0031793725 -0.3725579 0.60381603 0.11545415 1.5979347 -1.2507001 -1.2797939 -0.41738605 0.11117118 0.32112902 0.45584047 -0.387973 -0.008300605 0.11990625 1.1981694 1.1144512 0.25292107 -0.9531276 0.5645466 0.84350944 -0.17534131 -0.5701748 0.6216032 0.046823323 -0.392773 0.75589085 0.7906773 0.46307904 0.1581007 -0.49068928 0.31346044 -1.0840819
232 -0.5103518 -0.90024763 -0.054973423 1.3662006 1.1163427 -0.12950218 -1.2894351 0.56199175 -0.041636832 0.47705257 -1.2136949 -0.9771146 -0.33992007 0.80027544 0.90812653 -0.065024525 -1.4622372 0.81484616 -0.18901414 0.6383116 -0.44514397 0.39483464 0.25697026 -0.34501156 0.3378686 0.1178703 -0.24455568 0.13635233 -0.07735838 1.0525985 0.039695077 -1.3742572
738 -0.07040027 -0.49527633 0.3916372 0.046692535 1.6086109 -1.1481631 -0.8517538 -0.39797288 0.0153484745 0.22801018 0.40604475 -0.18911855 -0.032984547 0.08883335 1.0356157 1.0898043 0.07715073 -1.1139035 0.48857966 0.9516512 0.05762822 -0.5774656 0.39881548 -0.13681875 -0.33255327 0.73474765 0.8348297 0.2637008 0.17777346 -0.6010418 0.5254471 -1.0054265
821 0.60380924 -0.290034 1.0436531 1.1560264 1.2736806 -0.32412574 -1.1824653 1.0384005 0.15547036 2.2530065 -0.48973325 -0.58284104 0.20021868 -0.98108697 -1.521653 1.1737815 -1.1782584 -0.6059985 -0.22884881 0.2969187 0.29772082 -0.000120883604 0.12584667 0.8487371 -0.32529983 0.6574852 0.102976084 1.5215769 1.4797318 0.67133266 -0.80631983 1.248027
1032 -0.82770413 -1.3070209 -0.490482 -0.12624994 0.518159 -0.99990064 -0.8793329 0.6557664 -0.925323 -0.2470841 -1.1643908 -0.6266143 1.7400159 0.9731092 0.38432106 0.36032084 -1.2533166 -0.98684484 0.14102705 -1.6040009 0.8057151 1.5878457 -0.64137036 0.4471872 -0.5884102 1.3224031 0.35864484 2.2766593 1.2171068 -1.0713497 0.566679 -0.28191215
1051 -0.27244705 -1.2096151 -0.96365654 0.27822453 0.9500317 0.17764273 -0.3991256 -1.3847626 -2.12327 1.4656461 1.6285644 -0.037640586 0.35409254 -0.14463422 0.76944995 0.8504815 -2.824412 -0.29203007 0.7407997 0.46027672 1.1254015 0.10123361 0.49068925 0.061413657 -0.10168663 -0.06241795 0.5780222 -0.49326387 1.3211648 0.6735969 -0.98165876 -0.32042074
1149 -0.1530178 -0.051684014 0.2920287 -0.34032658 0.6868942 0.6720669 -0.29688504 0.2308432 0.4149274 2.0454133 -0.5169053 -0.9007295 1.8723997 0.4656325 1.0833646 0.14573686 0.87790716 0.08893944 0.046443984 0.69482225 1.2124137 -0.59247875 -0.5119355 -1.0591949 0.5467098 -0.28314045 0.9199018 0.77996063 0.78963006 0.567996 -1.5183524 -0.784377
789 0.007862685 -0.5274232 0.2968062 0.64503664 0.27126166 -0.20377143 -0.111866124 0.44829202 -0.66703933 0.80090415 -0.70429736 -0.4985701 -0.01396847 -1.0000672 1.5365694 1.5710341 -0.25483924 -1.8640066 0.28719416 0.36740062 0.3810221 -0.9167899 -0.40590477 0.91141725 -1.7934568 -0.1785806 -0.21564165 0.20767742 -0.8781087 0.12207332 0.49171668 -1.0469576
1150 -0.1705895 -0.052424528 0.30389008 -0.34763643 0.73245406 0.66809285 -0.29796946 0.22564963 0.41003382 2.0405748 -0.466641 -0.90601015 1.87072 0.45531198 1.0966517 0.19121885 0.83377796 0.1148877 0.07355586 0.7019507 1.2560278 -0.59083724 -0.51714635 -1.0875475 0.51867145 -0.31589583 0.88219225 0.757978 0.83067894 0.58127266 -1.5565097 -0.79209197
564 -0.60399646 -0.9537143 0.45017916 1.0315013 0.5650845 -0.19537789 0.14121798 0.34033293 -0.82414883 0.69445384 -0.4815728 -0.27464443 0.20284428 -0.76501125 1.2801243 0.94398594 -0.26579472 -1.5626886 0.47645527 0.7460934 0.56028914 -0.6957135 0.0011966964 0.6738194 -1.0724694 -0.33766586 0.123574495 0.5582936 -0.9412966 -0.42943278 0.5770146 -0.52809966
134 0.53372556 -1.2886276 -0.0206324 0.4307488 0.20672153 0.3189261 -0.35023102 0.15703806 -0.17902605 -0.18835196 -1.2546207 -0.8798549 -0.19500116 0.55891395 -0.16250797 0.2687873 -0.8949169 0.4839585 -0.47060233 0.5947199 0.0017111319 -0.24996616 -0.3856662 -0.14237541 -0.48361823 0.23269184 0.042822067 0.34354815 0.56284636 0.05747246 0.43054977 -1.8548304
596 0.5515087 0.013427116 -0.61239547 -0.90691704 0.9024416 0.17339851 -0.8486708 0.4052778 -0.6284473 0.93222773 -0.85261256 0.5822676 0.7773966 -0.6681474 1.0525962 0.9281267 -0.9042813 -0.181162 0.44862956 0.3580178 -0.41815564 -1.0697228 0.69502133 0.25550017 0.060587075 -0.18654303 -0.050635047 0.8818851 -1.0107073 0.5340837 0.16358683 -0.13965937
153 0.29320654 -0.6436356 1.057584 -0.7523899 0.59015006 0.18270883 -2.3708024 0.48740366 -1.1705418 0.79581267 -0.30508098 0.13835241 1.6090962 -0.93546975 0.72200435 0.98711795 -1.0340824 -0.038505282 -0.15838042 0.720576 -0.47832742 -1.4744222 0.6422904 0.52906704 0.97883624 0.20823355 -0.42342588 1.5522739 -1.9522268 0.107603446 0.44545358 0.0021523153
188 0.04604398 -0.13754977 0.8872433 -0.5586752 0.110796764 0.43524027 0.22968517 -0.14269882 -0.5393663 1.2884816 -0.8290693 -0.7701535 0.8540854 0.6316847 0.19038816 0.551716 -0.9339785 -0.5856558 -1.7205828 -0.2647022 0.35115492 -0.31983596 1.0110892 0.5617381 -0.3692092 1.395367 0.78788126 -0.54362977 -0.6620542 0.122387156 -0.010918698 -0.16016525
235 -0.6884836 -0.8508103 -0.5786887 0.78759784 1.0524709 0.74206287 0.1236362 0.7169272 -0.090071164 0.48996097 0.014215514 -0.0031959598 0.53776014 0.2787128 0.98867524 0.27386042 -0.10959129 -1.0381579 -0.992445 -0.3434859 -0.46410242 -0.53920597 -0.39849088 -0.5723922 0.010053257 0.8081846 -0.77619296 -0.2764489 0.46694383 0.104083896 -0.8553207 0.13332342
639 0.8706997 0.07145614 -0.5327125 -1.0323825 0.69343776 0.27617112 -1.2285198 0.453011 -0.48026788 0.6105535 -0.82032454 0.49873194 0.9060772 -0.5946833 1.4957832 0.9156963 -0.9770954 -0.18013026 0.49766833 0.2160443 -0.36208835 -0.985594 0.75963336 0.47926596 0.22177742 -0.05377297 -0.18360129 0.67079616 -0.715702 0.34453514 0.258759 -0.17507021
902 -0.21022083 -0.24059509 0.85437536 -0.16644894 0.2814204 -0.56887907 0.7743404 0.1542263 0.024411058 0.43417802 -0.20645575 -1.7416917 0.8578198 0.9490495 1.0149311 -0.1404787 -1.2142432 -0.034466304 -1.1578997 0.19983616 -0.18092951 -0.03333391 0.57795334 1.0635401 -0.32148728 0.18263441 0.56512034 -0.093042545 -0.22288808 -1.0287647 -0.5540766 -0.08993416
325 0.09012033 -1.4788035 -0.3233025 0.34841445 0.9225012 0.43601087 -0.28488618 0.29317367 -0.3188116 -0.020450734 -1.2103142 -1.0073783 -0.32933778 0.3325255 -0.34874728 -0.23515728 -0.94401467 -0.03165911 0.06132671 1.4361985 -0.23144695 0.06876608 -0.33168745 -0.16283646 -0.20525481 0.6490144 0.51235914 0.17690708 0.25927916 -0.4695004 -0.40281877 -1.0816011
1147 -0.17837214 -0.030686397 0.2830758 -0.32503363 0.72965264 0.6338558 -0.29575455 0.24719277 0.42097202 2.0252361 -0.48999897 -0.9020772 1.8372414 0.46086472 1.0630864 0.18508081 0.8419156 0.11191747 0.046975553 0.6553442 1.269953 -0.59944385 -0.5223007 -1.0525308 0.49743152 -0.30238083 0.907424 0.75030786 0.8116812 0.58078796 -1.5116601 -0.8095232
273 -0.7611123 -0.4404771 1.3653307 -0.9751074 0.41532287 -0.07296428 -0.51353604 0.2879362 0.71521574 0.6901867 -0.919997 -1.4297793 1.1244667 0.7575981 1.7980132 0.6581523 0.6690592 -0.57690024 0.36580834 0.27552253 0.9242509 0.10090243 0.20473267 -0.98817474 0.32902062 -0.73172385 0.8255238 1.276366 0.62983197 1.052628 -2.2359798 -0.22361152
29 0.28355104 -0.6508644 1.0084155 -0.76261836 0.49636188 0.27136183 -2.4894018 0.55562145 -1.2126511 0.837061 -0.2976438 0.11676048 1.6188627 -0.9827287 0.826671 1.0095354 -1.0404499 -0.059343625 -0.19301508 0.74668634 -0.4783128 -1.412497 0.74654335 0.48726034 1.0136822 0.26508844 -0.45673144 1.561024 -1.8696232 0.13092078 0.42543942 -0.029371122
296 -0.5495718 -0.12953229 -1.1376212 -0.055061724 0.35426816 -0.3530774 -1.4457998 0.22848238 -0.49253383 -0.016389899 -0.8094586 -1.015773 1.1288732 0.3180569 0.4176972 1.5991706 -1.2731845 -0.27092788 0.1462449 -1.3296431 1.6824924 0.3916076 -0.83559215 0.9706799 -0.48002696 1.5502219 -1.391322 1.3305281 1.6582786 -1.9896867 0.8174898 -0.5824456
1065 -0.6431921 -0.8589194 -0.12246452 0.5855052 0.5137527 0.15933849 -0.011483179 -1.2465982 -3.0529795 1.2565464 1.1395017 0.5150548 0.83727604 0.5844062 0.35308558 0.47953615 -2.6096795 -0.18775101 0.14570874 0.43441677 1.0071329 -0.9262264 0.3232405 0.2165553 0.49022117 -0.13108191 0.2337958 -0.2929718 1.6327572 0.74633515 -0.40717867 -0.46806437
458 0.26329672 -1.0234066 0.23402153 0.6933556 0.76159316 0.5884091 0.25281832 -0.060362834 -0.26032034 -0.49045306 -0.45237386 0.07282302 1.0259693 0.5515635 0.7625341 0.11507506 -0.8000014 -1.129992 -0.48078737 -0.1897539 -0.42562807 -0.62815523 -0.3872402 -0.9280619 0.36667824 -0.3718072 -0.68607825 0.6885104 0.47142 -0.2750326 -0.5983055 0.52598846
601 0.035552148 -0.34368676 0.47047994 0.22829027 1.5851585 -1.3121663 -1.1156353 -0.3737714 0.16496934 0.38506722 0.4576709 -0.47037888 -0.035277177 0.14460394 1.1648495 1.141342 0.1876514 -0.9707694 0.5651425 0.7580861 -0.21709229 -0.68955696 0.5696298 0.058588233 -0.5930658 0.7605079 0.681813 0.30347744 0.19087191 -0.45272475 0.29216543 -1.1713054
124 -0.7677589 -0.6558489 1.1531837 -1.4428647 0.7270721 -0.4461102 -0.51024294 -0.11250789 0.8615418 0.9816577 -0.69151163 -0.76478547 0.71783143 0.91661155 1.8442231 0.7361262 0.2542854 -0.25612107 0.5375306 0.41944966 1.3877916 0.45923185 -0.35924318 -1.1142488 -0.3300029 -0.9286281 0.6147817 0.86257064 0.62675905 1.0417159 -2.3360891 -0.46154633
332 0.07703906 -0.21819305 -0.035705786 0.6936684 -0.20518048 -0.092898555 -0.84921145 -0.39336595 -0.09075662 -0.4606499 -0.54278135 -0.048260286 1.1062102 0.75889224 1.1109343 0.42671266 -0.21933682 0.52961653 0.48226357 0.5292179 0.07470061 -0.7071301 -0.28225422 0.13763736 -0.38836145 0.6168064 0.49637714 -0.56000346 0.31665936 0.17771958 0.111989625 1.2437005
1278 1.3844485 0.48924744 0.63935393 0.30490494 -0.20853278 0.77676773 -0.4338974 -0.26152322 -0.19146034 0.61037654 0.49812126 -1.0666398 -0.5173842 2.3813972 1.2603257 1.8165716 -0.5652403 -1.020867 0.9731535 0.6544117 0.34078857 1.1730402 0.25420326 -0.07178203 -0.72310776 1.2811475 -0.3901352 0.722845 -0.19790587 0.42283386 -1.2203261 -1.0240518
184 0.5996928 -1.2970916 -0.26542515 0.49946344 0.35728893 0.46661985 -0.48039937 -0.07474515 -0.32759887 -0.13371941 -1.4244486 -0.7831007 -0.054180667 0.5626369 -0.4715618 0.21269035 -0.72710586 0.29440507 -0.28606454 0.7280662 -0.24528019 -0.25507972 -0.4819744 -0.26509568 -0.55541253 0.39653358 -0.095271446 0.56438744 0.19272232 0.11381658 0.24197952 -1.8562214
763 -1.0291624 -1.2451897 -0.38421938 -0.10943221 0.4950437 -0.90586746 -0.7318558 0.46369112 -0.7592925 -0.12549147 -1.0745159 -0.5041691 1.8115357 1.058828 0.4806649 0.657817 -0.98903227 -0.5656983 -0.0745768 -1.6084064 1.0901934 1.3529239 -0.45241278 0.39184004 -0.61860335 1.3703289 0.05489425 2.0071568 1.1336093 -1.1019418 0.52946365 0.037502263
407 -0.48334077 1.0499341 1.1881117 0.30044243 0.6979752 0.9096364 0.18498988 1.2387012 -0.5313132 0.5323633 -0.14523084 -0.057982206 0.4243071 -0.14927547 0.6926615 0.15981355 -1.1734687 0.23894686 0.6647274 -0.03163331 -0.8021881 -0.38828158 -0.43127048 -0.24285594 -0.14605749 0.6753785 1.1075943 0.07242733 0.10580529 -0.6049787 -0.61823386 -0.749008
291 -0.33849528 0.267127 0.8282605 0.5201818 -0.45408377 -1.3727844 -1.4118394 -0.8395454 -0.83044016 0.723189 -1.4902519 -0.08716533 1.1821251 0.030923327 0.31117833 0.29055575 0.25065652 0.039186988 -0.112627715 1.1205064 -0.5598853 -0.26604605 -1.0200942 -0.5813371 -0.42154863 0.90302426 -0.23001094 -0.43709317 -0.18283358 -0.5439428 -0.28869364 0.363794
129 -1.1839029 -1.0751961 0.33057877 0.8843083 1.1330725 1.2333668 -1.2405546 1.0209358 -0.505813 0.17937768 -2.114792 -1.646894 -0.75251615 1.488018 0.110172905 0.2207268 -1.7338939 -0.05474937 0.19315995 1.5570875 0.43198034 -0.18971434 -0.48857298 -0.65773004 0.2721012 0.08221169 0.2888092 -0.24178131 0.28525695 0.6083238 0.22728932 -0.5091362
472 0.06927754 -0.23638439 -0.077884875 0.69295615 -0.1834297 -0.091235265 -0.8320555 -0.3889311 -0.11624376 -0.44916743 -0.5121036 -0.06067414 1.0784316 0.7631464 1.0719246 0.44165227 -0.16854946 0.5407691 0.49252284 0.5318999 0.047578227 -0.709252 -0.25750875 0.097343035 -0.38077176 0.6360985 0.44897613 -0.5410558 0.2929911 0.1906976 0.11190649 1.233726
926 -0.07483875 -0.34661213 0.45160863 -0.4758526 0.6391367 0.70950496 -0.49784544 -0.05100145 0.6191114 1.9622953 -0.27103323 -0.90235126 1.9413356 0.49500114 1.1014479 0.13850111 0.7601962 0.18561125 -0.08041551 0.20980336 1.3132373 -0.547503 -0.54598004 -0.95302546 0.54213697 -0.27985954 1.3940479 0.85122585 0.54337096 0.65522593 -1.3383573 -0.8715432
473 0.059321996 -0.22247356 -0.051138606 0.68378556 -0.16872962 -0.11528989 -0.80287915 -0.41107807 -0.1432232 -0.4649729 -0.5043398 -0.1213968 1.0295837 0.7584268 1.1123071 0.462249 -0.18951686 0.55895346 0.47397497 0.4988911 0.023294264 -0.7170489 -0.22839649 0.08404597 -0.37836984 0.66685086 0.47510844 -0.5161034 0.30003157 0.24766096 0.069054395 1.2361288
189 0.05847457 0.01926072 0.1411985 0.210675 -0.48104241 -0.55173004 -0.6007785 0.19481125 -0.83529115 0.5896834 -0.67123544 -0.22774144 0.54280776 0.29311326 1.1820693 0.44635302 0.10472958 0.5870155 0.060894135 0.9759144 -0.091902286 0.044139262 -0.5208376 -0.56639373 -0.32381976 0.6278436 0.22821604 -0.6085209 0.14985628 -0.29177782 0.45342308 0.7059643
1363 1.6514136 0.16114105 0.6369074 -0.114529595 -0.17951846 0.650135 -0.3956406 0.3109367 -0.21885327 0.4028046 0.77828 -0.705845 -0.44331095 2.5982149 1.2506987 1.0326076 -0.7891597 -1.0714138 1.2547803 1.0749389 -0.061978348 0.45544058 -0.07880736 -0.16680433 -0.73070407 1.6377383 -0.49090815 1.2094628 0.34494638 0.026675757 -1.2444203 -0.56006855
284 0.05949926 -0.25047287 -0.0491084 0.71333003 -0.20276147 -0.058207165 -0.8540661 -0.41728583 -0.10247146 -0.45874032 -0.54714906 -0.07372652 1.1225066 0.7578362 1.0553774 0.43109518 -0.16594525 0.5098138 0.49301952 0.54310614 0.04230572 -0.75142103 -0.27723768 0.12364516 -0.35732648 0.6168281 0.42290604 -0.5311944 0.28497177 0.17315556 0.111527935 1.2091534
322 0.072013 -0.20377313 -0.029322516 0.6777283 -0.18567091 -0.1191005 -0.905985 -0.4220839 -0.11353121 -0.41772014 -0.56648636 -0.037252296 1.122473 0.76794016 1.0278131 0.41769242 -0.14272225 0.53175443 0.46091256 0.53817815 0.037447505 -0.7479741 -0.31975698 0.12496757 -0.3840983 0.6363769 0.44360727 -0.5513604 0.26621914 0.19359186 0.09576858 1.1932156
297 0.30203226 -1.396163 -0.024766633 0.9843724 1.1551265 0.8478536 0.2679154 0.60441285 0.13839878 0.58350337 -0.12391759 -0.019938108 0.87776303 0.3221198 0.819586 0.5968104 -0.3270323 -1.4121675 -0.46561575 -0.5144367 -0.7048526 -0.06435656 -0.7299347 -0.7233474 0.35090467 0.45011577 -0.3953441 -0.47620907 0.113423996 -0.35896447 -0.21268535 0.4017841
1107 1.432482 0.010337283 0.62617064 0.5297514 -0.09683761 0.44881195 0.054886237 0.11574625 -0.61737704 1.1565136 -0.3467093 -0.20279221 -0.8706798 1.3315786 1.1682837 2.2054765 -0.12893856 -0.50688255 0.3498175 0.8251858 0.63807124 1.1677377 -0.11231136 -0.0799529 -0.14462338 1.1150405 0.06953004 0.89644176 -0.66744214 0.09027616 -1.3882447 -0.65754
750 0.4879453 0.68813944 -0.48316714 -1.0255346 0.6041771 0.22435172 -1.4490832 0.75603735 -1.0072092 -0.21428515 -0.270764 -0.03311239 1.1298244 -0.37430954 1.1197568 0.55949044 -0.86821973 -0.5116872 -1.3171921 1.06084 -0.31289747 -0.16033696 -0.69661564 1.0418758 0.46814036 -0.53273076 0.17822792 0.17138237 0.21092626 0.53726804 -0.6379969 -0.5544692
451 0.08050407 -0.17289583 -0.04804035 0.6524482 -0.16006431 -0.13757543 -0.82305646 -0.3990618 -0.17575559 -0.45184958 -0.54541284 -0.1101758 1.0480394 0.75065875 1.087053 0.40160424 -0.16002335 0.5558799 0.4814187 0.4768774 0.011359015 -0.7277886 -0.23200782 0.07725365 -0.4214072 0.64638346 0.48431548 -0.5149265 0.2855652 0.23083301 0.06608759 1.2023698
708 0.0068494217 -0.7078066 0.800821 0.17981751 2.1214566 -1.3045812 -1.2358706 -0.5040667 0.13837035 0.26294225 0.54427046 -0.0813458 -0.079422034 0.26495364 1.5418082 1.1410966 0.24457148 -1.5255995 0.5139909 1.1052542 0.11786849 -0.52790666 0.38277003 0.1347176 -0.17111036 1.1274552 1.2117832 0.36934012 0.20469572 -0.4893378 0.8962715 -1.2024037
427 0.07192036 -0.21543463 -0.01589683 0.6820453 -0.1945995 -0.10785672 -0.87326527 -0.40151295 -0.092039004 -0.4617087 -0.5479768 -0.039688546 1.1244913 0.7742345 1.0896578 0.4359872 -0.18815857 0.5552689 0.5022596 0.53862077 0.07811264 -0.7063613 -0.30905187 0.12826708 -0.3976996 0.6354289 0.46584907 -0.5693194 0.28731295 0.17754932 0.104587674 1.2213316
603 0.30614215 0.3499949 0.02332646 -0.82300985 0.2516631 0.30822545 -1.578035 0.80625004 -0.91538256 -0.9021688 0.19738115 -0.21125893 1.0975709 -0.42619562 0.7664733 0.75428075 -0.7538047 -0.29482415 -1.2841458 0.703165 -0.1554712 0.012913387 -0.81282055 0.5762232 0.2938071 -0.07258961 0.4496293 0.34385112 0.10406757 0.60256225 -0.81514513 -0.50264573
446 0.069856144 -0.28687742 0.34794742 0.83860576 -0.69130147 -0.318722 -0.7131421 0.16246246 -0.74451494 -0.26186168 -0.43843764 -0.032029815 1.0850861 0.7238705 1.5904571 0.098172374 -0.33637393 0.34332103 0.048607606 1.4334764 -0.019357072 -0.4468267 -0.23556931 -0.41732585 -0.5732194 0.36465076 0.13514575 -0.08285801 0.6163423 -0.43794286 0.5330172 1.3103327
800 -1.0541592 -0.2695551 1.4261405 -0.9215529 0.7678375 -0.076525465 -0.6205167 -0.21651381 0.6189786 0.5346775 -1.3306202 -0.7761434 1.2041197 0.80547404 1.8672557 0.36921716 0.5528699 -0.8788146 -0.18902788 0.4142611 1.6522404 -0.026849115 0.24611151 -1.292372 0.5103256 -0.697142 0.75319016 1.3440789 0.96315545 0.8126228 -2.8259537 -0.18400808
359 0.054819446 -0.19841953 -0.08251895 0.71960956 -0.15802291 -0.11610948 -0.8491692 -0.4226986 -0.15274483 -0.46194607 -0.5572955 -0.13476762 1.0701008 0.7438923 1.0783548 0.44354028 -0.18063925 0.54077667 0.46454564 0.49199578 0.01609883 -0.7383586 -0.23063834 0.0827534 -0.40179133 0.64315253 0.47699046 -0.52663785 0.28369027 0.2551541 0.03088435 1.2309679
459 -0.12253144 0.40402144 -0.4244389 0.122668035 -0.2689647 -0.52109027 -0.69374454 0.1693262 -1.1069856 0.46952695 -0.83573294 -0.58047897 0.95907235 0.50817347 0.73355365 1.0462314 0.21123597 0.4884743 0.40908644 0.6855693 -0.4169897 0.1865433 -0.6856825 -0.5636695 0.16088498 0.62412727 -0.0715774 -0.5412322 -0.24658076 -0.59372354 0.3812917 0.7579692
681 0.14645019 -0.71461576 0.27515715 0.8443227 1.0027368 0.12360572 -0.23168242 0.5597903 -0.380533 0.30271417 -0.51283973 -0.14425945 0.13157967 0.7759704 0.6862098 0.9401882 -0.22566977 -1.3835611 -0.94800997 -1.0848781 -0.9606155 -0.6416402 -0.5067801 -0.53965276 0.29476434 -0.08110639 -0.6674821 -0.5263152 0.5586632 0.4228792 -0.73566276 0.24394186
1192 1.2845407 0.13038959 0.51155347 0.43947518 -0.20932059 0.29144204 -0.4722684 0.40164185 -0.76266104 0.89767563 -0.18439792 -0.12243251 -1.0315516 1.8437898 0.72611076 2.1158063 -0.2931894 -0.52769107 0.12934455 0.32936913 0.7484728 0.005430702 0.20163035 0.07455 -0.12382534 0.95632786 -0.27777508 1.089836 -0.7094003 0.05909399 -1.6857659 -0.35510978
924 0.16245286 0.27658617 -0.21270436 -0.3564544 0.17707834 0.7931864 -1.2842488 1.1571399 -0.9298927 -0.6324762 1.005025 -0.5211132 0.5834784 -0.11031114 0.181203 1.1133951 -1.2055237 -0.15711954 -1.623427 1.1014013 -0.003864295 -0.33894742 -0.82016027 0.18692611 0.005698932 0.345369 1.0189437 0.94117093 -0.07702231 0.3480341 -0.700921 0.1976937
81 1.0321676 -1.0225888 0.6088475 -0.24706216 -0.007180814 -0.7837325 -0.329099 0.8950622 -1.394964 0.53283685 -0.22562549 -0.6507457 -0.11406334 0.38442272 0.45930716 -0.114398636 -1.1958762 -0.10052945 0.8442859 -0.5553422 0.5133185 -1.2387316 -1.2244365 -0.14167234 0.88826555 0.62280256 -0.12332152 0.2535352 -0.6281891 0.2683718 -1.0558623 0.30655184
115 -0.10375841 0.53711325 -0.123073034 0.6401215 -0.32027268 -1.2316911 -0.5950696 -0.18392281 -0.6910264 0.13183692 -1.1546714 -0.6695663 0.6405655 0.06288992 0.5702343 0.5281973 -0.25990382 0.12210711 -0.035410233 0.62829673 -0.35019794 -0.13933273 -0.46666062 -0.8331614 -0.18513134 0.73922914 0.22612372 -0.5119907 0.052135076 -0.32876974 -0.21346024 0.93087363
1193 1.259036 0.13321391 0.51888764 0.43963894 -0.16742548 0.2898726 -0.4297342 0.42846712 -0.7813541 0.87110233 -0.19239025 -0.11854251 -0.9974861 1.8072698 0.7167812 2.0874388 -0.24971911 -0.45631528 0.08732355 0.33129907 0.70474607 -0.015723856 0.22853619 0.060334787 -0.096434444 0.920954 -0.25619918 1.0582893 -0.6769418 0.032715518 -1.7019545 -0.3257504
419 -0.3543762 -0.76055896 -0.58995897 0.53375536 0.7254068 0.7540303 -0.26104158 0.8961034 -0.028406642 0.8310069 -0.2647238 -0.19014278 0.43857175 0.56471324 0.7507775 0.028007088 -0.14817534 -1.4219108 -0.59928584 -0.49040967 -0.6885528 -0.6503644 -0.29818895 -0.38519746 -0.34882712 0.3440078 -0.66566354 -0.5523153 0.646371 -0.42832386 -1.2530236 0.1694598
41 -0.25657043 -0.395638 0.7399954 0.37863776 1.7287884 -1.115323 -1.2390653 -0.5658526 -0.5857475 -0.17046931 -0.54341686 0.017804157 -0.3785871 0.5698731 1.111772 0.69873255 0.36748382 -1.782689 -0.4477301 0.8834706 0.61689883 -1.6422875 0.41661978 0.2652703 -0.6477947 0.2199662 0.47418457 0.5177704 -1.1572951 -0.85312384 -0.24195336 -0.41643283
669 0.08349362 -0.1027368 -0.50079256 0.26046973 0.52876776 0.9374746 -0.94173276 0.24666251 -0.6836128 0.37608674 0.5027891 -0.53700256 -0.03518418 -0.06926179 0.20786269 0.87057316 -0.94739693 0.18072642 -1.3472799 0.2991969 -0.16241224 -0.17864844 -0.76281863 3.4053137e-05 -0.19313046 -0.31764552 1.0460294 1.0235969 -0.6457436 -0.3209226 -0.37858546 0.51264095
317 0.047034815 -0.1960338 -0.057070397 0.6915378 -0.1616143 -0.12156424 -0.823624 -0.40107647 -0.15157954 -0.45504525 -0.54505426 -0.08841394 1.0681479 0.7491572 1.1031992 0.41199806 -0.1720793 0.555462 0.4833236 0.48208076 0.03244287 -0.7117105 -0.23379 0.09669739 -0.41864803 0.6536548 0.4603905 -0.5284182 0.31226993 0.20507023 0.06494948 1.2334728
632 -0.049078934 0.58124965 -0.2368399 0.55179745 -0.28995645 -1.0308652 -0.50605947 -0.050529998 -0.6985831 0.11140855 -0.9510098 -0.7264842 0.5342642 0.012876746 0.7902337 0.61010236 -0.3974091 0.29999858 0.06546901 0.6158401 -0.119207464 -0.04184284 -0.48552543 -0.83003813 -0.36968645 0.75681937 0.26428932 -0.6893347 0.1537593 -0.44157553 -0.16771512 1.0149306
762 -0.88191545 -1.1585522 -0.5759669 0.008376386 0.47252485 -0.9718554 -0.89693344 0.5952996 -0.86133516 0.029878056 -1.2668191 -0.35326475 1.8171774 1.1294823 0.73467326 0.2653801 -1.3208667 -0.9296106 0.1755351 -1.8237737 0.7872197 1.268746 -0.75080526 0.6606241 -0.9284106 1.5788038 0.079926424 2.4679615 1.4625944 -0.7611478 0.4096672 -0.22121221
726 1.203295 -1.147162 0.70632535 -0.56322885 0.34040457 -0.85279286 -0.3137 0.90647745 -1.0862828 0.9832764 0.13867547 -0.89352185 0.08647619 0.5648391 0.7959364 -0.6400457 -1.2863815 -0.06906203 0.66770476 -0.19260268 0.55680096 -1.2841316 -1.9760814 0.1516044 0.41685703 1.1490651 -0.537286 0.24998072 -0.18019502 0.103509516 -0.73338765 0.034352385
589 0.15712228 -0.59052515 0.14875475 0.70191175 0.1822773 -0.31884214 -0.2675486 0.39953485 -0.4710946 0.9577619 -0.5890408 -0.4699182 0.06904079 -0.9424293 1.6312828 1.6674932 -0.14109582 -1.8507689 0.088198535 0.34565887 0.38938963 -1.0856544 -0.41634947 0.83091533 -1.8319945 -0.009505943 -0.25046992 0.16906752 -0.9393289 0.05005305 0.45829192 -1.1272464
351 -1.1140808 -0.9620568 0.08711475 0.8007791 1.2543147 0.5329567 -1.0865343 0.8039918 -0.36920077 0.0552414 -1.99004 -1.0780075 -0.75993687 1.1012101 0.24126185 0.3426803 -1.1293036 0.26596665 0.046340145 0.5743834 0.868284 -0.14574406 -0.4532252 -0.42489508 0.86886287 0.08016922 0.38382974 -0.38740173 0.09829449 0.45720923 0.053509384 -0.3496819
333 1.0535977 -0.9926966 0.5871326 -0.2694448 0.08887757 -0.7996822 -0.19295947 0.7310635 -1.3055035 0.6073026 -0.12357552 -0.7189063 -0.007627052 0.28042206 0.53076583 -0.16988066 -1.2587872 -0.07707494 0.72641855 -0.42546594 0.5426002 -1.1703193 -1.2708087 -0.119228624 1.0033598 0.62270576 -0.13725905 0.3552797 -0.6615393 0.17614987 -0.91506547 0.3710702
402 -0.34648052 -0.7923734 -0.60778767 0.53474367 0.72656065 0.7641599 -0.2887454 0.9484438 -0.01552502 0.8860675 -0.23996201 -0.22999386 0.44410473 0.5394958 0.7721197 0.06796466 -0.13482955 -1.4226693 -0.60323817 -0.5048399 -0.71450263 -0.66226774 -0.2865974 -0.34444496 -0.35118484 0.3582891 -0.65489614 -0.5738512 0.6866668 -0.42559662 -1.2839031 0.1567213
500 0.07601994 -0.23560329 0.33302796 0.8372979 -0.6399925 -0.3092008 -0.6950567 0.16235578 -0.75433415 -0.26771945 -0.43491513 -0.060945198 1.0426313 0.7601139 1.5486621 0.1166782 -0.29046094 0.32479513 0.07751206 1.4079022 -0.027896686 -0.43907437 -0.2506316 -0.397242 -0.53807217 0.3983931 0.13089046 -0.10122786 0.564336 -0.38173035 0.51659614 1.2985581
824 -0.032842018 -0.8395931 1.0971572 0.77670366 0.83902323 -0.6130796 -0.355457 0.3494715 -0.8987649 0.2968361 -0.26351357 -0.64606375 -0.015521689 -0.9006849 1.3017683 1.7487657 0.040933575 -0.96691483 0.03797768 0.6734954 0.8937938 -1.3263452 0.16676296 0.6948957 -1.656992 -0.3014773 -0.2964515 0.12471334 -0.25881517 -0.4448061 0.09696103 -1.2401931
658 0.49740586 -0.25501552 -0.124303475 -0.795035 0.84322727 0.13461703 -0.5225894 0.11365222 -0.9011189 1.2068212 -0.8021224 0.3710167 1.2384479 -0.8243414 0.8588455 1.1572119 -0.99655205 -0.41219836 0.70953757 0.6097898 -0.74845326 -0.9321845 0.4785263 0.36990368 -0.33086595 -0.33263907 -0.11356353 0.90924174 -1.4753793 0.62157345 0.40914333 -0.110042974
620 0.18496203 -0.8482639 0.19033378 0.86729276 1.0205755 0.22956014 -0.20653272 0.6215776 -0.28888443 0.1819316 -0.42926562 -0.16397569 0.28242806 0.6792235 0.7070359 0.8823249 -0.19638056 -1.3619019 -0.83041865 -1.1015961 -0.9130148 -0.6112645 -0.4594694 -0.53922004 0.3532452 -0.001805456 -0.57240164 -0.53913295 0.48191187 0.2822454 -0.6660793 0.28097993
868 -0.29273432 -1.1595749 1.126632 1.1833384 0.43876222 -0.41408357 -0.2532588 0.3440544 -1.1085149 0.38624573 -0.1566854 -0.69106454 0.1573639 -1.3130493 1.1167402 2.1762316 -0.29649723 -1.057727 -0.2315324 0.60075384 1.0005448 -1.4321523 0.13547055 0.35733208 -1.8154194 -0.5002743 -0.53954417 0.43166408 -0.6075537 -0.5728506 0.1372035 -1.3279893
358 -0.093295835 0.39974695 -0.40878302 0.115391456 -0.2797631 -0.5411958 -0.68443364 0.09293188 -1.0489498 0.3800125 -0.80870974 -0.5179936 0.9136169 0.5241978 0.68480825 1.0154971 0.21177107 0.4819054 0.37308612 0.6960249 -0.3930746 0.117325656 -0.6359302 -0.5171778 0.14644384 0.634225 -0.06430853 -0.53511417 -0.23763418 -0.5522284 0.38937867 0.7658256
66 -0.22687009 -1.7725528 -0.76461506 1.2452575 1.444693 0.1394052 0.2871059 -0.8019451 -2.7547793 2.0240018 0.96838367 0.33808318 0.91512734 0.22668228 0.28880793 0.15685517 -1.8048731 0.8096812 0.5763859 0.2244761 0.76168156 -0.62161005 1.0306202 0.18183227 0.508709 -0.084291115 0.770416 0.1414114 1.163937 1.2320372 -1.2774392 -0.213234
246 -0.5717756 0.84610903 1.2709304 0.08068865 0.08932535 0.9712931 -0.10397968 1.0678883 -0.31618336 0.7561084 -0.29834425 0.06970942 0.24389741 -0.04401311 0.81180894 0.04925424 -1.1786189 0.11198064 0.64650136 -0.073850274 -0.89393157 -0.36570323 -0.41873643 -0.28099108 -0.37326786 0.7469467 0.798618 0.20449585 0.24660128 -0.27713674 -0.6587067 -0.71965516
94 1.1735193 -1.032647 0.73087776 -0.44210812 0.39223224 -0.6183926 0.024144327 0.5387166 -0.9950095 0.7425363 -0.005569227 -1.064151 0.29136866 0.24137945 0.8138807 -0.6117472 -1.1549003 -0.11934949 0.46370426 0.027442625 0.57139915 -1.2541814 -1.7206463 0.10663338 0.7936617 1.0813481 -0.47775 0.4578915 -0.5005135 0.24220288 -0.57049984 0.37791827
999 0.38301766 -0.11359213 -0.39123055 -0.79449606 0.9784085 0.20009102 -0.5969446 0.28326634 -0.74572873 1.0234606 -0.8712778 0.5515488 1.0774145 -0.70281506 0.8329494 1.0618045 -1.0702204 -0.38062534 0.6957111 0.4409831 -0.62165993 -1.0250078 0.5392525 0.43061486 -0.416851 -0.25556377 -0.03383828 0.803463 -1.376183 0.5933215 0.3309707 -0.09724201
1108 1.417989 -0.07671107 0.43166676 0.5391166 0.03868458 0.30258676 0.37757197 0.2263448 -0.8589143 1.2836716 -0.60591877 0.05815719 -0.82988673 1.3139358 1.0118911 2.1335397 -0.023336409 -0.18661435 0.1836239 0.7227138 0.49905613 1.0060761 -0.1644723 0.020920465 -0.059848584 0.8861231 0.2339621 0.9506746 -0.56745464 0.017212467 -1.4283214 -0.4625512
252 -0.14196442 0.40324587 -0.42938232 0.12410005 -0.27023447 -0.54576975 -0.6592703 0.1372965 -1.0427685 0.3906631 -0.76935774 -0.539817 0.8799201 0.5134973 0.72413933 1.0320646 0.20888302 0.5045735 0.3671513 0.68317366 -0.37410757 0.16628452 -0.6329196 -0.5385932 0.11486415 0.63711333 -0.042011004 -0.53228766 -0.23661138 -0.57849157 0.34864283 0.7564984
621 0.19696444 -0.8769676 0.22102714 0.8663696 0.9840681 0.1789886 -0.18891649 0.66304225 -0.25393522 0.21593286 -0.44312334 -0.15047583 0.24802019 0.7060091 0.69608337 0.9486255 -0.24465299 -1.4465756 -0.8363684 -1.0897458 -0.9532636 -0.5800148 -0.49627772 -0.5855579 0.332908 -0.030281704 -0.57469594 -0.5502234 0.5259261 0.34552106 -0.6754976 0.33885986
846 1.3826284 0.20726512 0.45884016 -0.19669761 -0.18123114 0.64448184 -0.4079605 0.32652357 -0.22035454 0.67916274 0.7616521 -0.7272202 -0.60997707 2.4972875 1.0274546 1.1803038 -0.6841153 -0.94085616 1.1519752 0.90008205 0.054730803 0.5282678 0.07589481 -0.042050976 -0.9156944 1.6835246 -0.41814664 0.9552313 0.18751694 0.034916416 -1.3003793 -0.7384108
457 0.11949473 -1.3895876 -0.32426128 0.28740212 0.96741194 0.47433656 -0.19870193 0.32093915 -0.35147095 -0.06936261 -1.3320088 -1.0025395 -0.34957138 0.21933636 -0.37203842 -0.20631288 -0.9348694 -0.11464251 0.06459228 1.4626497 -0.22993954 0.068608664 -0.2964144 -0.12762797 -0.31606138 0.6104974 0.57433516 0.17631659 0.30427653 -0.47779596 -0.44286638 -1.09174
373 0.14162758 -1.0532095 0.42287475 0.26821664 1.0834905 0.38380963 0.35341042 -0.26625973 -0.3528421 -0.2833497 -0.7331199 0.17406331 0.97724366 -0.010167331 0.37146124 0.2725636 -0.56374496 -0.7417839 -0.4549704 -0.04543138 -0.38414133 -0.21215287 -0.5130736 -0.79788035 0.09063549 -0.10354446 -0.8410574 0.45336875 0.19898766 -0.34741274 -0.91890013 0.16658908
661 -0.5662713 -0.9001924 -0.4785073 0.5282533 0.6275307 0.09544051 -0.00211137 -0.9673717 -2.2665849 1.3587245 1.2619077 0.24634892 0.4856782 0.26399565 0.40446666 0.5056343 -2.277634 -0.12374895 0.36468366 0.25387844 1.1581804 -0.5001325 0.4270796 -0.11832709 0.14358503 0.0739958 0.32063854 -0.3291839 1.3603294 0.6569225 -0.6316994 -0.26651064
163 -0.28220293 -1.7166531 -0.7568127 1.2201911 1.3368151 0.11445547 0.24975182 -0.8268871 -2.621095 1.9330827 0.9455332 0.31540155 0.9110166 0.3190606 0.32239634 0.22952962 -1.8191369 0.70090514 0.5417867 0.0786477 0.69026214 -0.6081318 1.0722466 0.22614336 0.45959157 -0.0932191 0.6641414 0.15152927 1.22124 1.3137724 -1.2807842 -0.2510968
1089 -0.07865345 -0.11147854 0.36211392 -0.32595038 0.78044236 0.6838325 -0.45518896 -0.048827358 0.5961528 2.0927875 -0.35800743 -0.76941806 1.8682073 0.6062199 1.1579217 0.16462056 0.7629261 0.17486279 0.06821242 0.30181092 1.4025989 -0.7376777 -0.5226233 -1.0694132 0.51772654 -0.3373335 1.2861562 0.8511064 0.6046809 0.5330423 -1.5631874 -0.9163995
161 0.95263594 -0.9399572 0.7297829 -0.39070427 -0.116023146 -0.8919284 -0.5039562 0.81960756 -1.3487543 0.5130774 -0.29810488 -0.9222488 -0.34098417 0.4565014 0.71472317 -0.109929524 -1.0992205 -0.43804738 0.76556325 -0.7696707 0.2494388 -1.2513492 -1.2657127 -0.09896444 0.7524037 0.7950757 -0.26703113 0.20444334 -0.33758593 0.6019507 -1.2033333 0.36722198
274 0.1138615 -1.0448052 0.42552993 0.29874998 1.139523 0.41868737 0.36260825 -0.2781331 -0.40448594 -0.25021935 -0.7047927 0.14022359 1.001248 0.012528853 0.40927264 0.26221374 -0.5665991 -0.7027046 -0.4554714 -0.059201982 -0.34217304 -0.20339586 -0.48420367 -0.80480266 0.0771053 -0.093345486 -0.9180615 0.4718734 0.19994335 -0.35124728 -0.9038706 0.08849545
103 -0.1218113 0.6668492 -0.14463477 0.68019885 -0.29108202 -1.3089784 -0.5221862 -0.17867744 -0.73591685 0.07746985 -1.2068819 -0.7626187 0.6666857 0.03594007 0.5591225 0.551456 -0.353256 0.083918795 -0.062329154 0.5896466 -0.3935379 -0.16023545 -0.47314465 -0.8712947 -0.22629791 0.7016644 0.24662104 -0.51652014 0.05469055 -0.3575162 -0.2799664 0.97486824
550 0.7428331 0.38789284 -0.13708614 1.3643546 0.68605506 -2.2093513 -0.9653054 1.5440089 0.7648549 0.9232579 0.7646817 -0.24537125 1.7965827 1.0752057 -0.5839517 1.0732018 -1.719439 -0.37398297 -0.26899275 0.6172955 1.6217606 0.8999486 -0.98632824 0.49419108 -0.44154757 0.22958511 0.11017138 -0.27380222 -0.45160753 0.21456222 -0.9861953 -0.10786737
400 -0.45650375 -0.85488445 0.019173738 0.4802093 1.4397932 0.5184103 0.33558914 -0.052108273 -0.18886656 1.0061223e-05 -0.4681515 0.22843929 0.8325446 -0.20504028 0.69211966 0.48259786 -0.23833027 -0.37987643 -0.8826553 -0.13891736 -0.12718137 -0.27007613 -0.5329836 -0.6248611 -0.13254887 0.49796572 -1.0536765 0.06873298 0.22219898 0.14228176 -1.060908 -0.09469856
1164 -0.7827849 0.29184315 0.95413053 -0.14818186 -0.018070256 0.39623365 0.75133014 0.24846885 0.5782715 0.27880394 -0.23506051 0.3392489 0.1759172 0.29986545 0.82209855 1.0559064 -1.6681952 0.561237 0.07333161 -0.10438929 -0.42990872 -0.94220483 -1.4270521 -0.30031028 -0.20373887 0.402806 0.19582908 0.8285824 0.053887848 0.07699061 -0.074276075 -0.36563373
922 0.74532115 0.19958636 0.6836618 0.95632374 1.0047307 -0.43038306 -1.0295503 0.94950897 0.33282956 2.7344534 -0.58312374 -0.63059705 0.24915896 -0.9665576 -1.0197916 0.8780726 -1.6142658 -0.31860343 -0.34004703 0.65058726 0.002547224 0.30160406 0.07647495 0.7668094 -0.6930261 0.767946 -0.27427256 1.7813796 1.3797867 0.23986736 -0.6248759 1.2397817
310 -0.09484384 0.3253079 -0.3780535 0.091118366 -0.25428653 -0.5150244 -0.6701611 0.17131655 -0.9748147 0.42176852 -0.7388973 -0.4664472 0.8304636 0.52094376 0.82479286 0.9397473 0.21715936 0.57068115 0.33287156 0.6885158 -0.33680642 0.16790004 -0.56457245 -0.5508796 0.029561747 0.64429784 0.0063159447 -0.50576365 -0.13329193 -0.5006508 0.37280127 0.77716315
1177 1.327463 0.1997347 0.5105039 0.42704204 -0.09731986 0.32337868 -0.20833084 0.11984805 -0.5536728 1.0726957 -0.28960937 -0.18564934 -0.9622939 1.7110941 1.0479925 2.1242816 -0.22420351 -0.5318879 0.27462998 0.6733292 0.58130246 0.60607314 -0.014241229 0.05858932 -0.27033365 1.0248141 -0.26123148 0.92109287 -0.61780816 0.11605044 -1.5184863 -0.65571445
74 0.29600433 0.29229087 0.41304126 -0.8531943 1.964719 -0.43705878 -0.48783228 0.5772824 -1.460756 1.2404115 -1.0837774 0.10697897 0.8284589 -0.41207314 0.22684121 0.94493634 -0.31151375 -0.42341077 0.044785537 0.51416755 -0.24036402 -1.7045792 0.027030328 0.8853115 -0.4559221 -0.5735518 0.20903179 0.5115096 -1.8289483 -0.51217383 0.83283734 0.056265913
777 -1.0231458 -1.3243738 -0.28551078 -0.33816177 0.57037336 -0.93955046 -0.77897114 0.61339504 -0.8916313 -0.17226572 -1.008303 -0.56511587 1.6806718 0.9562865 0.3463895 0.70493454 -1.0431812 -0.6119169 0.018422004 -1.534871 1.1140932 1.4531614 -0.39565825 0.24542728 -0.6962769 1.2546564 0.08446043 2.0804422 1.0924747 -1.1733347 0.59699684 0.037273552
118 -0.37454775 -0.79831856 -0.63570106 0.59098387 0.7514948 0.75495243 -0.22194259 0.92696023 -0.01537903 0.8242188 -0.253735 -0.19602296 0.45460314 0.5315129 0.73331445 0.0584692 -0.13011186 -1.4325477 -0.60384494 -0.5183491 -0.69562954 -0.6668137 -0.27949864 -0.39236268 -0.31803307 0.45973536 -0.6477843 -0.56682473 0.63033706 -0.37247074 -1.2331517 0.19046502
1093 -0.004083004 -0.35865855 0.42074707 -0.32428032 1.6727252 -1.5313771 -1.1613411 -0.5136358 -0.019427013 0.49622545 0.061099436 0.07084441 -0.04166016 0.24240507 0.98830914 1.3815215 -0.05106359 -1.1100066 0.35103834 0.94975954 0.22660777 -0.80730695 0.84006816 -0.5535707 0.08499176 0.46982267 1.0141003 0.239655 0.6161054 -0.96902066 0.41208518 -1.1130735
238 -0.12754112 0.6103278 -0.16317959 0.6457618 -0.3544847 -1.2801632 -0.5719259 -0.1880399 -0.6834802 0.12708998 -1.1627014 -0.73032117 0.6570525 0.05374947 0.55039346 0.5715113 -0.31548142 0.08527996 -0.04530679 0.62342787 -0.41553158 -0.1685332 -0.4836718 -0.86209697 -0.24026433 0.6963048 0.23586242 -0.5121849 0.031768017 -0.36108097 -0.23950416 0.94869745
749 0.46088573 0.6128564 -0.654272 -1.3798583 0.6826878 0.1811936 -1.6156518 0.8506745 -0.7638153 0.1188224 -0.632891 0.1927652 1.0286885 -0.6085 1.4852734 0.52731705 -0.9831538 -0.52411985 -0.80371696 0.7246303 -0.19269884 -0.18788677 -0.23922573 1.0111313 0.3473229 -0.622345 0.01172586 0.17386112 0.32597262 0.47736645 -0.67419666 -0.3829795
803 1.3231866 0.4119545 0.5454206 0.2549756 -0.18086691 0.6862985 -0.3903694 -0.19259572 -0.24559939 0.61558706 0.45120546 -0.9404678 -0.55784917 2.3316643 1.1626124 1.6484859 -0.55315506 -0.93285686 0.95331806 0.60386753 0.27806354 0.9947005 0.25714257 -0.02170142 -0.70417356 1.234234 -0.40283266 0.72362924 -0.19870722 0.3441974 -1.1963483 -0.8546147
117 -0.3813849 -0.81681776 -0.60714006 0.6100342 0.7998752 0.73278934 -0.25129157 0.99124384 0.0047642803 0.82917297 -0.2300424 -0.18209371 0.48305804 0.53170836 0.7347156 0.11021206 -0.13526744 -1.3733398 -0.61893356 -0.50836694 -0.72295356 -0.6959414 -0.28012255 -0.37304032 -0.30408546 0.4244033 -0.6591483 -0.5625194 0.6310155 -0.36549246 -1.2604866 0.13955691
1005 -0.24089831 -0.26165557 0.49121353 -0.5898853 0.50960684 0.5409004 -0.320607 0.2720018 0.68508726 2.0669856 -0.64152944 -1.4411328 2.0533872 0.77446604 0.98097044 0.4690574 0.79465055 0.55149996 -0.21448518 -0.21624593 0.88005817 -0.68957317 -0.39204547 -0.9169361 0.4638945 -0.53361654 0.9414155 0.983316 0.66596264 0.7118902 -1.155326 -0.98266786
321 -0.09247026 0.3228239 -0.34751704 0.108059414 -0.28302017 -0.47604474 -0.6353412 0.15105999 -0.9958183 0.43530455 -0.71452844 -0.46861893 0.82248205 0.48542625 0.8360983 0.910057 0.20586032 0.54181206 0.341611 0.7201897 -0.3317516 0.14897943 -0.59699434 -0.53371054 0.058571227 0.6281752 -0.017929407 -0.53659177 -0.13911243 -0.5036371 0.42457247 0.7605746
413 -0.15183784 0.4146863 -0.41294345 0.15057747 -0.24821477 -0.58017045 -0.69969827 0.1210371 -1.0398189 0.40594622 -0.8445996 -0.4900329 0.88054407 0.47023317 0.7095325 0.96414727 0.22420779 0.4911342 0.31442395 0.68477005 -0.3439293 0.10782881 -0.6135978 -0.522573 0.097738594 0.6593562 -0.055764094 -0.49394506 -0.20987606 -0.53260887 0.2963878 0.79667765
571 -0.084618 -0.25553375 0.7844771 -0.5660042 1.5411494 -1.3859558 -1.3619356 -0.27820632 -0.20154445 0.48506922 -0.07470586 0.051780313 -0.12452629 0.34063548 1.1196672 1.410742 0.16080153 -1.0641924 0.26588812 0.9721729 0.41434154 -0.93193 0.9748618 -0.33048868 0.40253836 0.4078241 0.98759645 0.27046236 0.4454001 -1.4241472 0.39219633 -1.0189592
324 -0.4620846 -0.8696373 -0.62701726 0.6065289 0.81636137 0.7363756 -0.13833389 0.9517654 -0.03394829 0.7484222 -0.16351166 -0.17596625 0.48684648 0.47126424 0.8047135 0.18140532 -0.1405488 -1.3487301 -0.67920923 -0.48944077 -0.7679141 -0.5780486 -0.281819 -0.4998138 -0.19224651 0.56369185 -0.65682644 -0.52068466 0.59630233 -0.13388333 -1.130542 0.15826993
925 0.02471252 -0.35885873 0.6685556 -0.24558896 1.7253513 -1.3566023 -1.5059956 -0.39960152 -0.047614504 0.4341247 0.056800317 0.19542198 -0.016187787 0.09254513 1.0868965 1.3291161 0.21129619 -0.8166023 0.19058341 0.8745784 0.35426944 -0.62289834 0.9025353 -0.4908496 0.3625406 0.5979545 1.0398092 0.47105846 0.36698222 -1.0750006 0.49161914 -1.1167182
62 -0.6664602 0.1528527 -1.2187436 0.05456036 0.4111057 -0.275277 -1.7346833 0.67566884 -0.5724857 0.40759617 -0.9423415 -0.66162306 1.0469596 0.19292244 0.6987824 1.1787125 -1.192506 -0.51248676 0.445326 -1.192907 1.7271519 0.48549947 -0.81282467 0.8472899 -1.3998511 2.1954522 -1.6099617 1.4874318 1.7726226 -1.4936259 0.54714876 -0.71342635
390 0.17845559 -0.8709857 0.21723814 0.8732469 1.0090028 0.2317118 -0.17966482 0.6017154 -0.22550675 0.17807972 -0.42658785 -0.13488482 0.2947918 0.59944403 0.67591876 0.9270085 -0.18766677 -1.3335108 -0.8393629 -1.0881901 -0.9108121 -0.58226645 -0.4632109 -0.5736424 0.3140782 0.033258896 -0.56925964 -0.518423 0.48266277 0.25681084 -0.65850025 0.27632603
20 0.1940794 -0.0077463808 0.24303979 1.7002354 0.616155 0.2959236 -1.321938 -0.021750055 0.5860788 2.16139 -0.06054542 -1.2666829 0.7337849 -0.5373486 -1.1670953 1.5663477 -0.93657744 -0.7354274 -0.039538514 1.1296859 -0.0015795631 0.15227637 -0.65365785 1.4676368 -0.17734842 0.59379137 -1.1404855 1.2095063 0.7704496 0.20653479 -0.8475008 1.0367404
353 -0.5813915 0.9304833 1.2346283 0.06661254 0.32376206 0.97836715 -0.016000437 0.99268484 -0.39629272 0.69017136 -0.22783037 -0.056275345 0.34773073 -0.079570256 0.68914723 0.022881068 -1.2301221 0.25577453 0.72391284 0.0009705848 -0.76977134 -0.4213411 -0.50876343 -0.24832912 -0.305691 0.70962524 0.8782844 0.1000389 0.13385196 -0.4344189 -0.6165798 -0.7077516
1264 1.3862449 -0.12934068 0.52508116 0.6658459 0.12518276 0.27849838 0.45237663 0.31787553 -0.8063432 1.2836794 -0.610257 0.10618067 -0.84704465 1.169672 1.2376717 2.046734 -0.010527167 -0.12526627 0.14178059 0.6369044 0.5393194 1.2753873 -0.11758356 -0.0045392346 0.05271421 0.95444477 0.5028452 1.0330085 -0.61499107 -0.05597319 -1.4216187 -0.4543597
525 0.6222307 -0.3969209 0.34348378 1.5543877 0.3856033 0.3108061 -1.9934425 -0.19660252 -1.1514629 0.75257087 -0.38180786 -0.41702527 -0.2356002 -0.7916569 1.3381125 -0.019202052 -0.58623713 0.96360844 -0.87599957 -1.6361144 0.023653217 0.16273455 -0.7333336 -0.27131772 -0.31416374 -0.7289169 0.958551 0.9547679 -0.7680527 -0.80368435 -0.7919611 -0.17886336
903 -0.80174524 -0.08226816 1.0159549 -0.56896746 0.6452327 0.1716762 -0.30105957 -0.2435949 0.39843258 1.1463358 -1.1172396 -0.53896403 1.1782645 0.73422974 1.414205 0.19055833 0.68072885 -0.72046536 -0.31061503 0.8119174 1.5033824 -0.25758365 -0.53010225 -1.181995 0.41972774 -0.4478651 0.3882886 1.0168489 1.1351569 0.79740655 -2.1866205 -0.16034597
354 -0.056507852 0.6145923 -0.21332332 0.55876887 -0.2653235 -1.0191691 -0.5049397 -0.08019568 -0.72654355 0.11036932 -0.9203855 -0.69877607 0.52633786 0.047643643 0.75079376 0.59644634 -0.33019823 0.31527844 0.093334116 0.58371186 -0.14874229 -0.06784014 -0.49811205 -0.7714974 -0.32728976 0.754545 0.2147755 -0.64039725 0.09172787 -0.41403392 -0.16491877 0.9429695
544 -0.2936282 -0.25757965 0.86852413 -0.12709725 0.25310126 -0.6427137 0.7820341 0.14410365 -0.060662612 0.46982846 -0.19480729 -1.7135092 0.83265126 0.9330662 0.9774682 -0.09391847 -1.1858879 -0.08074658 -1.1665708 0.13671745 -0.1441716 -0.048407946 0.60415614 1.0247701 -0.3123253 0.15140547 0.594919 -0.07504445 -0.2874305 -0.98320484 -0.5552881 -0.11312563
516 0.31903008 -0.1978462 -0.0008878195 -0.6802238 0.86421615 -0.00020813297 -0.33717582 0.20642923 -0.6411079 0.9059579 -0.75255746 0.35184318 0.8956953 -0.5477757 0.95592684 0.9612223 -0.8577809 -0.65959424 0.5836163 0.23585854 -0.5619647 -0.6760398 0.4909341 0.6786208 -0.3709245 -0.30287102 -0.13876562 0.5852018 -1.159268 0.48223573 0.56930053 0.06306768
801 -1.2806643 -0.40493357 -0.6303391 -0.33200487 0.9541667 -0.7347868 -0.9611127 -0.1357111 -0.88061136 0.09145076 -1.1085232 -1.2806519 1.5709853 1.188262 0.14798658 1.1149023 -0.86767787 -0.49493855 -0.04894399 -1.3853954 1.4882954 0.99832475 -0.5712493 0.38788053 -0.64703286 1.2535412 -0.65242183 1.9967884 0.8862827 -1.468708 0.41520086 0.09225905
70 1.2991525 -0.782161 0.78927237 -0.57549345 0.40268946 -0.7125492 -0.02122181 0.33210588 -1.0548643 0.87370133 -0.19528827 -0.9480145 0.14639409 0.11603486 0.96194285 -0.6044446 -1.2077578 -0.11159999 0.53326595 -0.22833113 0.49455848 -1.125922 -1.7930168 0.07958635 0.7726268 1.1660355 -0.48124838 0.28691524 -0.41408062 0.42293257 -0.44264972 0.17969678
1299 -0.20660645 -0.26411948 0.766641 -0.21532238 0.2639188 -0.5523493 0.66630316 0.12607883 0.122321874 0.5637931 -0.25439966 -1.6632631 0.6816101 0.8663298 1.0801344 -0.12897259 -1.2247671 -0.07699805 -1.2094507 0.11992467 -0.101625934 0.03399302 0.5727201 1.0589064 -0.39825818 0.24459971 0.5302364 -0.17615536 -0.19746843 -0.9401838 -0.6670426 -0.07317418
1121 -0.19529055 -0.25870594 0.3226362 -0.36359456 0.61229175 0.5833598 -0.28119338 0.27679378 0.5428651 1.8716416 -0.41622007 -0.8291372 1.8444021 0.46367216 1.137252 0.19588915 0.8035696 0.19501741 -0.032218814 0.42858502 1.2467583 -0.4745832 -0.43161234 -0.9766602 0.43117896 -0.2732117 1.1259058 0.87050885 0.6657537 0.78367966 -1.3789011 -0.8392518
1283 1.3573474 0.2691427 0.5173221 0.403718 0.01006674 0.5024572 -0.0003845683 -0.054362714 -0.5442297 1.032708 -0.12334409 -0.31110853 -0.8216867 1.825597 1.2196586 2.1584537 -0.21771763 -0.48104608 0.41962332 0.7869258 0.46141064 0.974324 0.034966107 0.02610678 -0.4486506 1.0517815 -0.29381314 0.7649325 -0.44893035 0.23425305 -1.4843416 -0.7816575
1255 -0.14490469 0.39398378 -0.31022352 0.28655338 -0.2935687 -0.6551866 -0.5884574 0.0945893 -0.8726891 0.3162175 -0.74474674 -0.44695264 0.7039807 0.36004615 0.7540825 0.7928146 0.082059376 0.43280625 0.22067158 0.6973974 -0.23696502 0.07670962 -0.55093557 -0.5375197 -0.019109579 0.68720627 0.043628182 -0.51860887 -0.106869474 -0.42933223 0.20747873 0.76964104
582 -0.09955054 0.593816 -0.11695698 0.6537305 -0.35562477 -1.2887349 -0.60277253 -0.19324566 -0.7387079 0.12501593 -1.2003274 -0.70818543 0.703563 0.07119667 0.5371671 0.5550098 -0.26310617 0.075643286 -0.035342526 0.63147223 -0.40740633 -0.1806931 -0.49909517 -0.85352284 -0.20490459 0.6970473 0.25730625 -0.5278999 0.017225016 -0.3627287 -0.2198589 0.93244016
897 0.77545136 -0.07399552 1.0096761 1.0038064 1.2444514 -0.50664616 -1.1938301 0.6291794 0.28194648 2.124738 -0.50566435 -0.7908164 0.585076 -1.2918161 -1.1897248 1.1143726 -1.0214165 -0.23874776 -0.26836774 0.43811134 0.008874721 0.17758873 -0.12565131 0.99226356 -0.2573588 0.63069654 0.020665623 1.6818104 1.0782765 0.28461325 -0.42557833 1.2388645
522 -0.28026682 -0.040826816 0.25306457 -0.6784143 0.16107951 0.40032178 -1.7313013 0.7466403 -0.96904254 -0.69436383 0.8892793 -0.6032022 0.6347662 -0.65772164 0.26515448 1.3478535 -0.6038989 -0.2845881 -1.4144951 0.64952797 -0.31620547 -0.16939074 -0.8968778 0.2357424 0.17515495 0.41630763 0.6201383 0.61922663 -0.13449873 0.3750293 -0.93485326 -0.2539293
969 1.067243 -1.0836898 0.47400302 -0.6999084 0.36870125 -0.8501307 -0.22766998 0.9210816 -1.032937 1.0464672 0.017026473 -0.8144822 0.008060327 0.4596035 0.6593723 -0.52120715 -1.1710802 0.020921435 0.6026076 -0.30085167 0.42670614 -1.110234 -1.7903595 0.09895717 0.23791765 1.0971096 -0.50158733 0.09278844 -0.11558715 0.0045611225 -0.9055628 -0.060373407
860 0.06655517 -0.033284966 -0.46429986 -0.86223716 1.0479156 0.12639011 -0.9540425 0.5320285 -0.52096224 0.89542586 -0.89997154 0.83744615 0.73040736 -0.3089043 1.1052291 0.9688562 -1.1194006 -0.45295787 0.47725818 0.115575925 -0.549143 -1.0481554 0.739429 0.690353 -0.27096185 -0.19704796 -0.12951066 0.6855954 -1.3850719 0.4220144 0.38456008 0.06297233
357 -0.27869248 0.261192 0.6557437 0.5415641 -0.4676579 -1.1836174 -1.2902994 -0.67042714 -0.85159963 0.611698 -1.352315 -0.08239139 1.1458601 0.10393118 0.38231263 0.33494434 0.22523728 0.11891671 -0.08300754 1.0972439 -0.48590282 -0.2668324 -0.89110136 -0.5095811 -0.3387941 0.8502669 -0.16615298 -0.41473025 -0.10395382 -0.47742862 -0.17690563 0.4535233
405 0.46940535 -1.1870337 -0.06204403 0.45929593 0.3365192 0.3396647 -0.4339102 0.1367698 -0.15945177 -0.15323442 -1.2345871 -0.84642 -0.23127794 0.54722863 -0.19188713 0.17090976 -0.92013454 0.4268758 -0.35609543 0.75994855 0.017410701 -0.19730258 -0.38877475 -0.15341625 -0.39166266 0.25015903 0.08655714 0.27024546 0.44503567 0.03942916 0.30802664 -1.6084325
369 0.6814373 -0.7693394 0.29778466 1.0152724 1.716067 0.6865792 -0.033477757 0.31306148 -0.03814865 0.31918064 -0.4163333 -0.06332716 0.70911604 0.72784406 0.707798 0.7759792 -0.12217174 -1.1928374 -0.83685726 -1.0075724 -0.631815 -0.31294614 -0.7097852 -0.4174573 0.34478778 0.15367204 -0.56463796 -0.6229241 0.35629204 -0.19999783 -0.1854764 0.05068939
598 -0.10373289 -1.0644468 -0.641405 0.37518987 0.5419407 0.35943827 -0.21703534 -1.401202 -2.2564192 1.3528959 1.195143 -0.0040771295 0.5103343 0.15326889 0.7094508 0.51131666 -2.3966563 -0.27967086 0.33277392 0.08563086 0.9088286 0.08652275 0.35993582 0.17484252 0.45213693 -0.25999677 0.5195313 -0.35433063 1.2455112 0.8092394 -0.6702804 -0.50859106
1367 -0.81634206 -0.9412742 -0.34407902 0.45920375 0.53504634 0.03794913 0.05395821 -1.0844693 -2.496566 1.3273402 1.0561296 0.28139085 0.48971325 0.39116997 0.2641005 0.48189932 -2.2425659 -0.026072973 0.31259483 0.19985437 1.1888498 -0.82651144 0.34216768 -0.06971997 0.2899165 0.15002058 0.39303267 -0.41322687 1.2641193 0.6782933 -0.61365837 -0.14986543
159 -0.10381023 0.17354403 -0.22692256 0.3673553 -0.39784002 -0.6169863 -0.64181185 -0.0055343774 -0.78831196 0.3601459 -0.6232314 -0.4261642 0.55591285 0.25384164 0.8430034 0.76105714 0.0020622327 0.5219518 0.20680559 0.6832793 -0.14682251 0.18394351 -0.5642866 -0.60931456 -0.12829432 0.6852174 0.10832072 -0.5159172 -0.0577987 -0.36670166 0.15465239 0.8092144
426 -0.16342509 -0.9189449 0.24771558 0.35282075 1.4357971 0.4632851 0.37465256 -0.109267674 -0.2353203 0.0068401624 -0.6177076 0.15782495 0.9459912 -0.25004363 0.48834673 0.5299205 -0.28843 -0.28841868 -0.62746924 -0.18830605 -0.1739174 -0.17168969 -0.4746987 -0.59770757 -0.14096443 0.33249983 -1.044392 0.009844714 0.085601084 -0.14593835 -1.1083905 -0.21508017
629 0.05384131 -0.60422134 0.9853795 -0.14912319 1.8371148 -1.2217562 -1.674846 -0.3246456 0.09172383 0.33423612 0.18141557 -0.078200206 -0.06453577 0.04700548 1.487604 1.2757702 0.50663525 -1.0078173 0.34601963 0.98900974 0.0933314 -0.30744424 0.8003624 -0.05685163 0.08921785 0.8845877 1.0920305 0.62089413 0.085371666 -0.8031713 0.6498726 -1.1710328
496 0.26179722 -0.6875139 0.34811983 0.73484 1.2762192 0.1033222 -0.12997733 0.38088024 -0.3317107 0.5278791 -0.5937416 0.14567071 0.36606437 0.87040246 0.6598178 0.80334896 -0.124670774 -1.2506768 -1.1147223 -0.876712 -0.92190766 -0.6332696 -0.7074721 -0.41880128 0.13429911 -0.022095 -0.8244621 -0.6051393 0.4847994 0.18341796 -0.56028074 -0.030291881
1029 -0.11102777 0.5925392 -0.10817852 0.6510304 -0.32246426 -1.2827733 -0.5885474 -0.15874833 -0.6706896 0.12174517 -1.1872694 -0.6466857 0.6918848 0.06566196 0.6051019 0.53497916 -0.3131955 0.10448687 -0.04936221 0.6303627 -0.33107954 -0.18065242 -0.46949464 -0.8604847 -0.21510884 0.69857466 0.26744097 -0.5210193 0.055330094 -0.37207052 -0.21653171 0.96408486
219 0.1973669 -1.319601 -0.07254655 0.27919823 0.5464442 0.27383956 -0.29924268 0.3049167 -0.21351188 -0.12328952 -1.1690171 -0.94008875 -0.38250542 0.44455466 -0.0942742 -0.048351627 -1.0517366 0.2660821 -0.31513965 1.1240093 -0.016896091 -0.077738345 -0.35961664 -0.027558113 -0.17753363 0.290083 0.38934177 0.04147264 0.5371213 -0.1394329 -0.035304647 -1.3398548
1152 -0.2075952 -0.28631702 0.36937037 -0.42431033 0.5127934 0.5442489 -0.32116482 0.27550584 0.6100847 1.8921517 -0.44189045 -1.0290118 1.9739319 0.4759908 0.9632591 0.29662144 0.7584221 0.17867608 -0.05214674 0.29983398 1.136574 -0.5296626 -0.45441008 -0.97919154 0.47257134 -0.37272885 1.1834954 0.91652954 0.63688695 0.76457375 -1.346631 -0.95756584
864 1.1365631 -1.152585 0.6700974 -0.5383357 0.3289019 -0.8587542 -0.32914352 0.97581923 -1.0530056 0.97850513 0.15574472 -0.8638167 0.079846665 0.55910426 0.66730493 -0.5302752 -1.295037 3.5045574e-05 0.7112012 -0.1922742 0.5995699 -1.2469631 -1.8385366 0.2107193 0.2653034 1.057484 -0.5433417 0.24153237 -0.28616562 0.019992847 -0.6989777 0.027088208
281 -0.16416447 0.3930978 -0.3765373 0.21102615 -0.27131534 -0.5634015 -0.6986306 0.060725685 -0.9634547 0.37177446 -0.79347306 -0.46710056 0.85411215 0.4662326 0.68019027 0.8944182 0.22794865 0.49806163 0.3082676 0.6376593 -0.32994536 0.07859235 -0.5927198 -0.5092329 0.04698581 0.6732388 -0.041429423 -0.50986034 -0.17603599 -0.49059555 0.249317 0.7640431
808 -0.11724463 0.11851911 0.29983142 -0.32016668 0.7319804 0.7234224 -0.3865435 0.0752115 0.41740152 1.9604096 -0.483179 -0.8751389 1.6288971 0.47269475 0.99710363 0.24058424 0.8211046 0.07531518 0.15166402 0.59679216 1.2357349 -0.60046697 -0.46047184 -1.0110909 0.46757573 -0.2505385 0.7759204 0.63633025 0.8273403 0.35731715 -1.520088 -0.758986
1336 -0.00196614 0.08193146 -0.029843694 0.25804523 -0.39768556 -0.5086228 -0.67509586 0.05108198 -0.85046923 0.44304883 -0.57709044 -0.44054586 0.5966383 0.32901487 1.011941 0.5382813 0.12591872 0.56450456 0.22735845 0.8542559 -0.1923181 0.096027955 -0.52710754 -0.51786274 -0.14436689 0.58195126 0.08168376 -0.56617934 -0.013721188 -0.25128585 0.31259003 0.71136725
127 0.18027034 -0.7219687 0.33034405 0.8503903 1.1444577 0.16627109 -0.22351967 0.51905876 -0.33582532 0.30549896 -0.5171212 -0.078429714 0.23354645 0.78215563 0.69012445 0.8981622 -0.1806052 -1.3738708 -0.9651157 -1.0501308 -0.93593085 -0.53158176 -0.56034917 -0.5081432 0.30629888 -0.0154431565 -0.7428492 -0.558972 0.5487611 0.35967562 -0.68771404 0.18898155
435 -0.023667092 0.23390189 -0.12625194 0.15530668 -0.4670242 -0.5372912 -0.6472687 0.15994814 -0.962215 0.6169284 -0.734416 -0.4159375 0.6586773 0.43644774 0.9695677 0.69463867 0.1722943 0.5151589 0.18068904 0.82241356 -0.28520018 0.09137172 -0.5801012 -0.56245005 -0.111447245 0.60190886 0.08195405 -0.6183064 -0.06306667 -0.2989518 0.46201092 0.6638207
339 -0.9792285 -0.87968564 0.08026432 0.7531426 1.245735 0.58216524 -1.0468987 0.7629481 -0.38133273 0.036216456 -1.9518138 -1.0624198 -0.7378721 1.1018006 0.18633913 0.30345717 -1.1523209 0.27031255 0.09978825 0.6614127 0.7676124 -0.20696037 -0.4312259 -0.40597552 0.76281714 0.09828141 0.32362098 -0.3774699 0.12566781 0.41044104 0.092599995 -0.3853821
128 0.16674218 -0.73800445 0.26605678 0.84467095 1.1479111 0.18676552 -0.19293426 0.48374698 -0.30594152 0.33231056 -0.53718144 -0.01027927 0.2612427 0.77372074 0.6807152 0.82984173 -0.17803136 -1.3933132 -0.9414297 -1.011065 -0.8989142 -0.5442763 -0.5764576 -0.48682934 0.27064317 -0.035000607 -0.65297574 -0.5929854 0.5205812 0.2955853 -0.65748954 0.1772421
809 -0.15092508 0.10411956 0.30440444 -0.3213682 0.710443 0.7025782 -0.344092 0.09406768 0.36785975 1.8630056 -0.51613826 -0.77356154 1.6241411 0.43850362 1.0121257 0.18557774 0.7796254 0.032190207 0.14293595 0.6736212 1.3088617 -0.60687286 -0.47487837 -1.017581 0.46452084 -0.21872383 0.7707568 0.6559657 0.85478485 0.41331938 -1.5477679 -0.7226399
867 1.1067581 -1.1925331 0.7155582 -0.5486176 0.3382242 -0.92448056 -0.32207555 0.99573797 -1.0861921 1.037791 0.1291853 -0.89586586 0.049193088 0.5476468 0.69086915 -0.54570466 -1.288864 -0.05413421 0.7352921 -0.21137102 0.5734306 -1.2480876 -1.8552 0.17221595 0.31256407 1.0706531 -0.5190581 0.19119602 -0.24074684 0.033883438 -0.7720629 -0.01360812
951 0.5312271 -0.69128567 0.13675065 0.8914471 1.4294916 0.5604388 0.043266382 0.40078452 -0.08838937 0.30976406 -0.31826508 -0.23964669 0.73753643 0.5666724 0.61272305 0.6980772 -0.06138163 -0.9495752 -0.72151446 -0.92738056 -0.6867494 -0.42379653 -0.5383597 -0.51011866 0.28191137 0.15821852 -0.68004084 -0.44086537 0.29955116 -0.4069034 -0.24475905 -0.07694699
497 0.26767993 -0.6860149 0.364534 0.72368973 1.1540043 0.1445162 -0.16412555 0.3574673 -0.24833083 0.48370942 -0.5541914 0.14957993 0.3101558 0.8488127 0.58146787 0.7593899 -0.16017547 -1.273979 -1.0561181 -0.8031188 -0.8760118 -0.5484387 -0.7047149 -0.4339137 0.11551331 0.034432255 -0.78228575 -0.6158888 0.47600174 0.21571691 -0.5369629 0.0013055374
769 -0.9013044 -1.0286055 -0.066922426 0.8735683 1.0905015 0.29237008 -1.2129169 0.39698693 -0.24267265 0.2533495 -1.2370435 -0.8159986 -0.4057851 0.80735457 0.25677788 0.27044672 -1.1589652 0.43309 -0.08039379 0.7357375 0.10745247 0.29724586 -0.26606584 -0.40865257 0.5101638 0.15274337 -0.002949065 -0.020628342 -0.34256166 0.49323773 0.01189845 -0.9854077
199 -0.4375353 -0.677269 -0.45125002 0.9081065 1.4142205 0.66113305 0.12427047 0.59520996 -0.08952434 0.29817694 0.08498554 0.26190135 0.44453907 0.26018575 1.2744602 0.11385298 -0.17426321 -0.53339726 -1.0432371 -0.37719443 -0.11440514 -0.19422473 -0.37950778 -0.7029763 -0.020115562 0.900345 -0.9413733 -0.34861708 0.23716973 0.13347866 -0.7001421 -0.15673506
463 0.18691596 -1.1360829 -0.027171312 0.5237815 0.37597945 0.08885201 -0.4109843 0.34898964 -0.102913655 -0.022333462 -1.1922532 -0.9435161 -0.34386754 0.4362491 0.21415009 0.056764927 -1.1989151 0.51333964 -0.4674325 0.8157252 0.12204368 -0.0629772 -0.32943264 -0.09190763 -0.086749054 0.022380253 0.21250483 -0.025320908 0.55567753 0.17551053 0.117683806 -1.5405364
374 -0.08156038 -0.91306335 0.21508956 0.39172405 1.419691 0.47064272 0.34062687 -0.084462 -0.16362098 0.004886437 -0.53746957 0.14162739 0.8369471 -0.23338343 0.5396975 0.53771675 -0.25008965 -0.30386916 -0.62858117 -0.26582822 -0.19847392 -0.15411116 -0.5095353 -0.64140975 -0.14766248 0.32477465 -0.95711637 -0.026723782 0.117663965 -0.11943037 -0.9640304 -0.13481188
1081 -0.167881 -0.8180887 -0.39120236 0.80186355 1.2798026 0.5223965 0.34198225 0.5746196 -0.08191221 0.1597891 0.11907219 0.04152502 0.7170192 0.16172053 0.897194 0.34501293 -0.18961553 -0.6220595 -1.0123425 -0.4236674 -0.32800832 -0.42955956 -0.39268434 -0.6726578 0.16307954 0.6150133 -0.643797 -0.19883804 0.15815449 -0.052375488 -0.40965903 -0.021521201
352 -0.96853685 -0.9066825 0.06860031 0.7819219 1.1975069 0.56227684 -1.0493364 0.76201826 -0.3382584 -0.023576355 -1.966908 -1.0831438 -0.7304962 1.082337 0.18102722 0.31553474 -1.0971123 0.22355099 0.09751419 0.6085335 0.8386269 -0.17720129 -0.41017687 -0.38604644 0.76225305 0.094170794 0.37432292 -0.37126237 0.12366065 0.38119364 0.08222846 -0.38064116
1134 -0.21977074 -0.2652876 0.89359087 -0.15037127 0.28208223 -0.5740052 0.7375239 0.14950053 -0.016908403 0.4683969 -0.1726211 -1.6160836 0.8456479 0.8968491 0.96884286 -0.095156915 -1.2034837 -0.017371386 -1.1602939 0.14899229 -0.11610841 -0.051407784 0.5916648 1.0291014 -0.3354162 0.17802134 0.57961154 -0.16046514 -0.277077 -1.0003095 -0.4999622 -0.11259413
345 -0.85547525 -0.7951689 0.17441724 0.7901748 1.2663507 0.742553 -1.0968976 0.6787606 -0.3596574 -0.07732688 -1.931219 -1.1120945 -0.6789477 1.1153349 0.0013771604 0.39087433 -1.3958983 0.21950114 0.091568716 0.8557523 0.79703265 -0.2171657 -0.4199937 -0.5702822 0.49557257 0.11175676 0.24876237 -0.36609426 0.12948935 0.27193907 0.16201667 -0.5392511
7 0.4995785 0.68517476 0.016462898 -1.01559 0.46135125 0.25088006 -2.327292 0.5102794 -0.93380094 -0.46641245 0.108933926 -0.29245952 0.80255413 -0.2768204 1.2694563 0.0943351 -1.2647156 -0.4281041 -0.9921147 0.28405216 -0.3343745 -1.454431 -0.18240118 0.6167977 0.9966763 0.60742986 -0.2595284 1.4378585 -0.18615434 0.8153265 -0.49478045 -0.28592354
254 -0.10935548 -0.9663597 0.23988767 0.33881754 1.4380971 0.4237159 0.28973365 -0.09810534 -0.20860253 -0.027702421 -0.62106985 0.18386151 0.8307738 -0.2788077 0.48749653 0.55375355 -0.307555 -0.31975126 -0.63577056 -0.2735019 -0.19357409 -0.13454053 -0.46948877 -0.6272404 -0.17550598 0.344831 -1.0005645 -0.06336141 0.07394222 -0.03916296 -1.0929707 -0.20520489
175 -0.13267854 0.51053846 -0.08492495 0.61839515 -0.34907344 -1.1887798 -0.60700643 -0.14459221 -0.629269 0.12061784 -1.107033 -0.64921975 0.6297444 0.038803726 0.5799635 0.54786617 -0.2657101 0.17876646 -0.056610692 0.6376829 -0.329086 -0.13803534 -0.45233554 -0.8398356 -0.2733269 0.72093636 0.25067535 -0.5193129 0.093723536 -0.369837 -0.21698867 0.9030394
1098 -0.4171897 -1.0341234 -0.40158442 0.4884935 0.6482585 0.24612692 -0.030631568 -1.1552798 -2.668982 1.1576002 1.2535672 0.35690045 0.669403 0.30459496 0.30443722 0.4565331 -2.5364704 0.00064373127 0.36460677 0.34860674 0.9699609 -0.7393667 0.29673505 0.07034891 0.38177612 -0.053315934 0.3300766 -0.16664888 1.3134784 0.83045727 -0.56948656 -0.3309854
523 0.026231656 0.22328822 -0.1683886 -0.48941422 0.31831372 0.59641916 -1.6114019 1.0513968 -0.8950109 -0.58075756 1.1013669 -0.6504134 0.5283259 -0.23776558 0.15310162 1.3199466 -1.0692732 -0.15360048 -1.6044102 0.9416772 -0.094027825 -0.39529762 -0.8474711 0.21837978 0.11721158 0.4681967 0.87894267 0.90022016 -0.17487435 0.21926826 -0.8555077 0.11840903
346 -0.9509062 -0.75969493 0.13613467 0.83282214 1.3060434 0.80855745 -1.0921197 0.7277662 -0.35953188 -0.029538909 -1.9566969 -1.1372101 -0.66060835 1.1139613 0.06148263 0.415639 -1.4149973 0.2555076 0.12203995 0.8000491 0.8748871 -0.20100634 -0.413115 -0.5693029 0.46584728 0.061729196 0.24149828 -0.43838093 0.063238025 0.32436472 0.18334936 -0.47865435
328 0.07349414 -0.2795184 0.3763212 0.28085774 -0.40878493 -0.48168036 -0.6296799 0.22910714 -0.81028664 0.3441986 -0.55938447 0.059642117 0.5468588 0.105366305 1.4208763 0.3095169 0.039400652 0.7298192 -0.016188271 0.97093326 0.10154428 0.27811277 -0.35018483 -0.59535 -0.6700327 0.55421257 0.26966003 -0.4907431 0.50551623 -0.3044176 0.34162152 0.78876245
631 0.13335876 0.5007036 -0.4806056 0.09039158 0.318833 0.8554116 -1.3159131 -0.05244514 -0.414578 0.4759996 0.36410183 -0.88407826 -0.2095462 -0.06471499 0.44229046 0.9585307 -0.6318638 0.32100502 -1.2402725 0.019034654 -0.06414802 -0.50662005 -0.9591769 -0.10839531 -0.59630144 -0.24405394 1.0624804 0.9889311 -0.36901197 -0.35207355 -0.3005531 0.33714408
1057 0.55072033 -0.70461476 0.11859737 0.88084 1.4928545 0.59671587 0.03433854 0.40395206 -0.09748022 0.41222355 -0.33454546 -0.23879814 0.7943165 0.69610333 0.618723 0.749308 -0.035394482 -1.0268631 -0.7330739 -0.9612872 -0.7423054 -0.4231482 -0.57612854 -0.42179868 0.2670976 0.10965277 -0.6739784 -0.5343453 0.31440097 -0.41102645 -0.24140607 -0.03547895
935 -0.264109 -0.21049364 0.9193737 -0.030691499 0.21144423 -0.5749333 0.7621325 0.122478224 -0.05156083 0.42885932 -0.24575365 -1.661536 0.80436695 0.89538085 1.0064591 -0.07262645 -1.1168869 -0.11337614 -1.1930418 0.06721712 -0.16939847 -0.047334827 0.61339027 1.0018185 -0.26172462 0.18038177 0.6189663 -0.008587719 -0.3326506 -0.875286 -0.57943463 -0.11832337
1217 1.3511461 -0.06773565 0.5307409 0.55420834 0.021830684 0.36091006 0.25897843 0.23499027 -0.8237368 1.1723891 -0.49647018 0.03956819 -0.88869405 1.2285957 1.0258107 1.9833578 -0.030861558 -0.23171176 0.14739168 0.6997016 0.61631465 0.96752846 -0.11446074 0.023845896 -0.02189535 0.9857703 0.20229308 0.92409134 -0.51765555 -0.02134954 -1.388106 -0.4569253
1117 -0.13784964 -0.2417696 0.6544121 -0.3944736 0.014403714 -0.35050857 0.39998323 0.040990397 0.24312313 0.7453751 -0.37990263 -1.5159172 0.5335089 0.79124767 1.1209819 0.018411811 -1.1770972 -0.11825733 -1.2001518 0.004726735 -0.14385816 0.11242372 0.65479165 0.9504919 -0.3110097 0.39723793 0.3607665 -0.16469374 -0.10308617 -0.66169375 -0.46063843 0.062665895
239 0.44285765 -0.59740484 0.3352655 0.69942623 1.3054516 0.23112848 -0.11349399 0.25463226 -0.22129476 0.63835293 -0.50270975 0.15214927 0.44390744 0.8904769 0.5850294 0.6209527 -0.11108359 -1.2022727 -1.0923102 -0.6715235 -0.85211736 -0.5570457 -0.7720869 -0.3939633 0.06356047 0.018553117 -0.8183478 -0.59286165 0.45108837 -0.055591375 -0.4010028 -0.09192802
1319 -0.1702118 0.3498277 -0.29582542 0.34558487 -0.31328058 -0.7111934 -0.5814546 0.10159307 -0.8605157 0.21944739 -0.7551525 -0.43531123 0.70739853 0.34684113 0.73955005 0.77975166 0.03310731 0.44613892 0.16115482 0.69321644 -0.24403879 0.095274545 -0.52704924 -0.5992067 -0.088761985 0.6967615 0.09235383 -0.53252566 -0.03707675 -0.42634884 0.12903069 0.8092039
35 1.2996264 -0.101000436 0.37879747 -0.09405921 -0.30406478 0.5410067 -0.18019128 0.11444503 -0.2270515 0.7274181 0.43431914 -0.39264974 -0.4089919 1.9672799 0.6441904 1.4384676 -0.5330309 -0.35430172 0.7594726 0.7880684 0.3202389 0.2632271 0.24757397 0.11477816 -0.65234405 0.7927068 -0.03235676 0.89738184 -0.15646051 0.2002851 -0.9841358 -0.5410299
1113 -0.9348473 -1.0091197 0.0034156332 0.9054798 1.0906537 0.35344017 -1.2186558 0.42106926 -0.25844282 0.26596758 -1.2448738 -0.8997762 -0.4451192 0.83588195 0.29946756 0.25237784 -1.2607503 0.44664842 -0.09739683 0.78609717 0.15291092 0.30823365 -0.24652109 -0.4769413 0.42698672 0.16984698 0.0064773797 -0.025632534 -0.279062 0.56948775 0.036528267 -1.0054456
1077 -0.13207747 0.56903976 -0.1841726 0.58004516 -0.2577326 -1.1619092 -0.49176216 -0.07578517 -0.7243655 0.110222414 -1.0184115 -0.6697562 0.6108219 0.099287756 0.6774678 0.58676887 -0.24725956 0.27648002 0.005308171 0.6424743 -0.27798858 -0.12469013 -0.46749178 -0.8141458 -0.28390256 0.7054223 0.2820749 -0.5578533 0.07206036 -0.36526218 -0.17964992 0.94345444
145 1.1893746 -0.31384596 -0.079380214 0.20073994 -0.017195038 0.57787806 0.4496555 0.13782187 -1.0676886 1.0125698 0.19205448 -0.020126127 -0.5041695 2.2932813 0.44769832 1.9659265 -0.31783426 0.0052754413 0.4733247 0.6844401 0.5878954 0.21650499 0.10952442 0.45615688 -0.81261784 0.89411694 0.025004303 0.59397966 -0.07785196 0.16123559 -1.121104 -0.50053644
1290 -0.84239936 -0.984963 -0.029322982 0.9272302 1.0592738 0.266413 -1.1615589 0.34985203 -0.2197619 0.23663938 -1.1656691 -0.83318317 -0.40841398 0.78764576 0.30698392 0.2198774 -1.1850173 0.4999278 -0.12596856 0.7576953 0.056379806 0.31434247 -0.22944114 -0.37934622 0.42716596 0.13548297 -0.026372287 -0.0186991 -0.28387067 0.51844656 -0.0028442445 -1.0310837
536 0.7885958 0.102114655 -0.5754607 -0.9021299 0.44960546 0.20855932 -1.596724 0.68606603 -0.43772435 0.48793942 -0.72908616 0.5982022 0.9373093 -0.5298979 1.5498554 0.68950725 -1.0421131 -0.13374165 0.39962268 0.25175247 -0.35723564 -0.9773302 0.7626318 0.6152172 0.4561814 0.029885206 -0.24482264 0.7201327 -0.44290558 0.2889284 0.29989785 0.053285085
442 -0.013872746 0.081354104 0.73883843 -0.3470123 0.050835885 0.040032294 0.26181677 -0.16056351 -0.3926063 1.2653356 -0.6424392 -0.8182964 0.89410985 0.7619579 0.54343635 0.44300672 -1.0835456 -0.5109835 -1.8367357 -0.51863635 0.069678865 -0.13722134 0.82260895 0.6921877 -0.056356613 1.2735606 0.65431887 -0.47782275 -0.39984298 0.27602017 0.24379821 -0.29086208
551 0.3188694 -0.6715785 0.27521068 0.7665639 1.250844 0.21282971 -0.10197412 0.39309844 -0.19770807 0.46972013 -0.46654445 0.048154186 0.34483325 0.78872544 0.6165131 0.73124105 -0.15345022 -1.2790421 -1.0410209 -0.78289497 -0.8556632 -0.55386966 -0.67839485 -0.40636304 0.1408594 0.038496275 -0.68803513 -0.62823045 0.43843618 0.10368121 -0.5350873 0.026346171
527 0.25628957 0.008415674 -0.57296944 0.4413411 0.5140504 0.7747768 -1.5340484 -0.12989406 -0.46142542 0.60999876 0.16521902 -0.5665325 -0.38805085 0.0029691511 0.88980854 0.5362925 -0.83293426 0.49063087 -1.3038343 -0.53791046 0.13081005 -0.39269018 -1.0514503 -0.23617102 -1.067421 -0.68927395 1.2908223 0.8498651 -0.48337033 -0.45791525 -0.63678443 0.20742545
973 0.7302731 -0.04143639 1.0213538 0.8551701 1.2211325 -0.6917965 -1.0013754 0.74890864 0.36116025 2.2513082 -0.6658522 -0.56061536 0.36829454 -0.95416665 -1.3930156 1.2343011 -1.4743603 -0.17057317 -0.30864576 0.40163758 0.41491568 -0.08082323 -0.003204546 0.86785585 -0.6043431 0.3149606 -0.08725752 1.7500993 1.3265325 0.20919359 -0.7697888 1.2714194
72 0.062769175 0.27365354 0.006025913 1.6392008 0.573077 -0.17720275 -1.052755 0.22606592 0.3541642 1.5843014 0.67994225 -1.3235749 1.284038 0.16778634 -1.1687459 1.2833271 -1.1567419 -0.93423927 0.3277191 1.0928099 0.68652236 0.4313493 -0.97766536 1.2412844 -0.33974463 0.22490971 -1.0606917 0.24315992 0.31503972 0.15666403 -1.1415312 0.65170395
470 0.0796527 -1.051815 0.41315025 0.1666737 1.3974439 0.4056078 0.31612673 -0.15539356 -0.28999823 -0.018039366 -0.76570773 0.09351937 0.93250924 -0.31894955 0.29746315 0.596956 -0.35230595 -0.38065067 -0.47002235 -0.22794403 -0.28389174 -0.090219915 -0.52656883 -0.6268134 -0.11750648 0.17156199 -0.9483172 -0.010370928 0.043029677 -0.24213345 -1.150822 -0.1595257
395 0.045905672 -1.0443897 0.40185314 0.2101612 1.3668889 0.4226716 0.309645 -0.14382003 -0.19829333 -0.004172351 -0.70819825 0.12916796 0.93588954 -0.27186346 0.34533784 0.5987038 -0.32267678 -0.35015792 -0.5317653 -0.25085148 -0.24694115 -0.18054162 -0.5282517 -0.5635764 -0.115605794 0.21765237 -0.8941725 0.023912603 0.07219587 -0.24742404 -1.1013653 -0.20949969
177 -0.07852639 -1.0511818 0.37928885 0.20252015 1.30883 0.39295527 0.3182762 -0.13619195 -0.23974016 0.04101952 -0.72262543 0.12987359 0.9278297 -0.3139475 0.274446 0.6217617 -0.28044683 -0.39837918 -0.47822085 -0.26335853 -0.2836546 -0.17365386 -0.49696243 -0.57098114 -0.17905688 0.26163083 -0.9348905 -0.038980443 0.070894815 -0.1509174 -1.1867822 -0.108595684
52 -0.878492 -0.21876444 -1.3299574 0.17023064 0.3568609 -0.44700313 -1.4755052 0.47257683 -0.83323383 0.52038175 -0.8636928 -0.4947455 1.0960149 0.36807942 0.6661374 0.85882497 -1.0751455 -0.8442843 0.19210678 -1.1236553 1.5500125 0.7852551 -0.7897445 0.43106812 -1.5209144 2.4210885 -1.3508945 1.5821911 1.5406443 -1.2200419 0.107948326 -0.75122595
690 0.2768353 -0.14904782 -0.023178358 -0.86971176 0.9081391 -0.020499803 -0.48772416 0.32589245 -0.6650451 0.9443056 -0.8148068 0.48678365 0.90776014 -0.44283608 0.94277036 0.9587733 -0.9055486 -0.62190473 0.55917656 0.22907142 -0.55695826 -0.6815908 0.52081054 0.7530413 -0.33500996 -0.31353077 -0.12756464 0.57257384 -1.1064582 0.47200352 0.62436783 0.05789856
1282 0.40793276 -0.8034012 0.28479046 0.74955285 1.2719096 0.30904222 0.018183494 0.37930956 -0.08126015 0.5118902 -0.43950218 0.082724325 0.6020123 0.7028767 0.5678162 0.69298553 -0.16070245 -1.1527544 -0.8683204 -0.7365552 -0.81486744 -0.49329793 -0.66868365 -0.45350334 0.14424492 0.102217235 -0.7256876 -0.52860373 0.3597574 -0.086280264 -0.3598911 -0.0019644494
236 0.020865971 -0.3158231 0.37473428 0.63595295 -0.45187044 -0.41505745 -0.68398947 0.19741403 -0.6643556 -0.07762117 -0.4244505 0.08567813 0.8785138 0.50150496 1.4402404 0.17962448 -0.18203667 0.59750974 0.048800893 1.2200736 0.033012617 -0.14869471 -0.23028004 -0.4808477 -0.6427039 0.45865244 0.13960606 -0.24870452 0.58475465 -0.39932078 0.3760675 1.1145469
783 1.0807613 -1.074159 0.68042374 -0.51458657 0.29974234 -0.77940196 -0.24784596 0.88628644 -0.9975064 0.90631 0.1660117 -0.8234265 0.096449025 0.5402414 0.631822 -0.56998605 -1.29801 -0.0888404 0.67129654 -0.14988591 0.588245 -1.2535042 -1.8438975 0.15852942 0.36511332 1.0256371 -0.45726737 0.22771074 -0.22792318 0.086576484 -0.65183604 0.08524926
799 -1.0065757 -0.86041 0.23296963 0.80896145 1.1299582 0.9575418 -1.0584245 0.8262586 -0.41597694 0.048813324 -1.9709144 -1.2454553 -0.60884494 1.2018912 0.17211968 0.29090253 -1.3183961 0.20331112 0.079090334 1.1587794 0.6350601 -0.12819089 -0.473855 -0.40635622 0.47640195 0.1302095 0.26114538 -0.33682314 0.27152556 0.5057904 0.27323207 -0.510127
679 0.44417068 -0.6871479 0.25322646 0.7655899 1.265442 0.3901992 -0.059112906 0.27760196 -0.07912539 0.41291162 -0.3994897 0.09805703 0.43472505 0.73115855 0.627486 0.64360684 -0.19423266 -1.1635871 -0.93302673 -0.6991489 -0.74692696 -0.42567536 -0.6901058 -0.43356594 0.13901877 0.084234044 -0.6636689 -0.56792235 0.43782306 0.0030076434 -0.375035 0.03958716
403 0.0171428 -0.28827602 0.38430724 0.63556886 -0.48989773 -0.3527263 -0.69892514 0.2014257 -0.7067172 -0.08072418 -0.45321026 0.114854515 0.9073003 0.50606805 1.4320365 0.1482327 -0.14563008 0.5479564 0.05355779 1.1956881 0.09037602 -0.21947381 -0.21008071 -0.4400688 -0.62804085 0.44390044 0.13721856 -0.24754898 0.5709844 -0.38813397 0.3439256 1.1124867
448 0.022680676 -0.14603649 0.1757426 0.53139955 -0.54495263 -0.36807644 -0.6010744 0.19233254 -0.7819079 0.13679728 -0.4901286 -0.11440114 0.7288483 0.4558904 1.3086857 0.2664627 -0.04825369 0.4517457 0.079801835 1.1580112 0.03469775 -0.11225665 -0.40207773 -0.43852538 -0.3674216 0.48856476 0.18497874 -0.3630845 0.35009488 -0.38438177 0.46511838 0.94403684
797 -1.0192732 -0.9168069 0.20103444 0.8058163 1.1893712 0.94254136 -1.0723281 0.81881326 -0.37383813 0.10251451 -1.9078835 -1.2650815 -0.6326817 1.211349 0.16834028 0.21430896 -1.3640655 0.17192893 0.11842693 1.1781868 0.5904397 -0.061988983 -0.495529 -0.45185643 0.4341767 0.15041246 0.29454213 -0.33270925 0.23654018 0.4859929 0.25579128 -0.5414717
1114 -0.9521887 -0.9776161 -0.012878385 0.9412702 1.0771965 0.36271724 -1.2015176 0.4373608 -0.1868269 0.24634206 -1.1851525 -0.8497877 -0.43379432 0.80640566 0.29634896 0.3010534 -1.2612332 0.47530308 -0.12196183 0.78981155 0.13420556 0.33909094 -0.2455609 -0.4600354 0.39341134 0.12208707 -0.026020274 -0.024132922 -0.23318504 0.49841642 0.021361286 -0.977065
39 0.52459353 0.637398 -0.02935461 -0.9228742 0.37749028 0.24012569 -2.104907 0.47223866 -0.85774356 -0.56672454 0.17008577 -0.26568255 0.7755908 -0.26421994 1.1391915 0.05737816 -1.2263863 -0.45366973 -1.0001401 0.44842318 -0.34742275 -1.193692 -0.4267613 0.61606556 0.93584543 0.600403 -0.15257303 1.2592796 -0.09403555 0.8039926 -0.45196933 -0.27297848
1302 0.49357453 -0.9136621 0.24479619 0.8033393 1.2193234 0.48545137 0.07037967 0.35084504 0.007710824 0.38040382 -0.40904728 0.099421054 0.64546764 0.6149461 0.63500255 0.68114686 -0.20552693 -1.2021 -0.79119563 -0.72239184 -0.6921067 -0.37343594 -0.7177249 -0.47315672 0.23989905 0.1300201 -0.55170137 -0.535096 0.33569986 -0.15604073 -0.2920753 0.1312511
498 -0.11668762 0.49026334 -0.14240061 0.5711838 -0.3272343 -1.1649259 -0.49599373 -0.0819965 -0.64791656 0.08204654 -1.0747144 -0.66288114 0.5957305 0.07032537 0.67258203 0.549673 -0.28886953 0.26032963 0.004525825 0.6370833 -0.3070161 -0.123748116 -0.4408502 -0.7893521 -0.28214642 0.6791603 0.24497518 -0.52991104 0.09833269 -0.2847021 -0.17238101 0.93406266
412 -0.39294115 0.80603135 1.2706269 0.24331097 1.1116748 0.64871174 0.53998625 0.26791772 -0.28315607 -0.047836147 -0.53886753 0.48693103 0.27961376 0.05682611 0.86774266 0.4341549 -1.438035 0.090931706 0.7249974 -0.9164596 -0.23869435 -0.3347316 -0.7917196 0.014954535 -0.3270579 0.89007735 1.525698 0.38181412 0.017898494 -0.0030225343 -0.6604706 -0.86816275
1347 -0.07804836 0.05523828 -0.05493837 0.36068356 -0.41745755 -0.59668463 -0.56054974 0.051125728 -0.76887995 0.33108106 -0.6403377 -0.35613188 0.5457608 0.2243463 1.0074642 0.5784518 0.04733718 0.48309475 0.14525154 0.87051415 -0.11995507 0.10033891 -0.47615287 -0.54526067 -0.17928155 0.60753554 0.19045605 -0.5452834 0.061030287 -0.313455 0.23410481 0.7869853
696 -0.16873333 -0.7976407 -0.4320022 0.8403952 1.2394649 0.50711817 0.27900758 0.60927737 -0.0951259 0.15742245 0.10950937 0.06292336 0.63453865 0.12946206 0.9472094 0.301826 -0.18231021 -0.540158 -0.94845074 -0.44650048 -0.33062088 -0.38210508 -0.36280867 -0.691377 0.13462661 0.5820545 -0.6303128 -0.2716728 0.18519294 -0.052244503 -0.49426726 -0.010914349
1239 0.53785133 -0.93569314 -0.028004454 0.7974998 1.3043765 0.5279061 0.12659864 0.5496196 0.13671668 0.14121895 -0.08474987 -0.101684056 0.8817543 0.46476454 0.6920039 0.61253643 -0.25973287 -0.9185006 -0.69227207 -0.79773015 -0.69224775 -0.57748216 -0.49702284 -0.6349739 0.2012388 0.19707786 -0.5359394 -0.3815712 0.2257043 -0.37290487 -0.26481414 0.026583403
376 0.0004773301 -1.0662248 0.38884124 0.16841741 1.3685722 0.40050447 0.31416065 -0.14870545 -0.28183863 0.035012245 -0.75710195 0.09133436 0.90018064 -0.28611305 0.2826812 0.648345 -0.29510915 -0.3940378 -0.5102117 -0.2761278 -0.3414892 -0.17076674 -0.5460521 -0.5741836 -0.13135599 0.1939714 -0.92807287 0.032125406 0.07661544 -0.26273152 -1.1719303 -0.16025084
1054 -0.2338219 -0.27801916 0.82312584 -0.21455309 0.22312684 -0.51823604 0.6702343 0.14699823 0.039698526 0.5407796 -0.2502518 -1.626785 0.7285559 0.89572656 1.0036814 -0.07200352 -1.1641244 -0.061193287 -1.1622411 0.15246256 -0.07412663 0.016775519 0.61636025 0.96528286 -0.33442873 0.21189697 0.50245726 -0.17943005 -0.23277555 -0.9514519 -0.48407817 -0.06085551
844 -0.25777882 -0.25560504 0.77780646 -0.2940324 0.121320285 -0.5448462 0.57240194 0.12613899 0.111762375 0.6389276 -0.25763014 -1.585321 0.65931666 0.9048119 1.0150596 0.014481835 -1.2157806 -0.09375692 -1.1623727 0.08984636 -0.11127573 0.062074196 0.5864551 1.0070791 -0.38162962 0.23982906 0.4605207 -0.20657416 -0.18104273 -0.92539227 -0.5206298 0.021612985
954 1.1207814 -1.0211711 0.46182543 -0.6638276 0.2758783 -0.8132374 -0.29576603 0.92516994 -1.101135 0.9851095 0.053024497 -0.8431854 0.03171603 0.4189142 0.6433194 -0.4997771 -1.1977563 -0.081457116 0.6063824 -0.25346783 0.45304382 -1.1053245 -1.7643259 0.120637834 0.29726326 1.0598687 -0.4863695 0.14781323 -0.18890144 0.041015785 -0.84122187 -0.0016301471
1262 0.7316029 0.07492901 0.71025527 0.95270836 1.0180728 -0.3774411 -1.0598172 0.8513472 0.27648532 2.5147417 -0.5631046 -0.66622055 0.3004691 -0.9056104 -1.1569422 0.9178914 -1.469211 -0.38936234 -0.20197609 0.5829395 0.079650074 0.17556922 0.050461624 0.8240448 -0.578745 0.6302058 -0.299183 1.6859258 1.2909151 0.16347587 -0.6337826 1.1562243
720 -1.0271565 -0.9293798 -0.38288364 -0.16191678 0.4809522 -0.82766414 -0.789895 0.33555135 -0.65475756 -0.14413965 -0.9591169 -0.5894094 1.5760072 0.86192614 0.37285587 0.89786774 -1.0295603 -0.5842926 -0.06947765 -1.4829975 1.0957068 1.1416498 -0.44400528 0.35917732 -0.51895976 1.179841 -0.19339077 1.9229716 0.97800756 -1.342019 0.49644256 -0.08144651
633 -0.12583837 -0.2791641 0.6711304 -0.37156528 0.017826432 -0.35047853 0.4123698 0.079695165 0.26338473 0.7157644 -0.37561315 -1.5132173 0.5580533 0.7858236 1.077245 0.008576997 -1.2040404 -0.13251211 -1.17203 0.03799951 -0.09796377 0.106359966 0.64284563 0.9359121 -0.35496163 0.34091413 0.37657356 -0.218464 -0.15192236 -0.6961088 -0.53501606 0.05283372
492 0.005310388 -1.079009 0.3926241 0.20382729 1.2826914 0.3834595 0.26103443 -0.08607945 -0.26204845 0.013803065 -0.76789457 0.05463128 0.89700073 -0.26560912 0.24834967 0.62923884 -0.2839074 -0.43362316 -0.46750936 -0.270022 -0.3928716 -0.17982936 -0.48545873 -0.5551388 -0.08745371 0.15928723 -0.90475243 -0.021013837 0.08498818 -0.20043863 -1.1689886 -0.11333335
1119 1.3038574 0.12959133 0.33086076 0.4922329 0.0458793 0.37076792 0.19721696 0.21428777 -0.86983824 1.2979323 -0.45103383 0.019670218 -0.8504807 1.5384042 0.8820175 2.1238468 -0.028417043 -0.2239583 0.18526281 0.80667555 0.5619006 0.6447844 -0.115719505 0.030432591 -0.1851584 0.8215032 -0.116054714 0.84322447 -0.43977925 0.024922544 -1.4641318 -0.4893383
1287 0.5042005 -0.81640214 0.11777401 0.81940407 1.2092716 0.43822205 0.087099396 0.40943208 0.060216006 0.29284042 -0.23884751 -0.055383116 0.74166256 0.55702126 0.6295919 0.6498281 -0.20022258 -0.9215221 -0.6592096 -0.7439691 -0.72486764 -0.49412164 -0.55167687 -0.56832796 0.22444426 0.11027319 -0.64730555 -0.41411343 0.28979456 -0.32839134 -0.25083405 -0.016885223
192 -0.72801256 -0.37239227 1.0653489 -0.73606974 0.43315873 0.16370487 -0.38467154 0.19163705 0.5929354 0.76673436 -0.8060063 -0.89453834 1.0844266 0.485273 1.4358608 0.42918348 0.6515965 -0.39352062 0.1288297 0.45809442 1.0887182 0.030541036 0.08740178 -0.9316396 0.33960104 -0.46895373 0.76999444 0.987442 0.6767562 0.6966802 -1.930054 -0.27044776
147 0.024510005 -1.0476038 0.3894178 0.17181587 1.3247446 0.40751418 0.27831343 -0.12791264 -0.22687209 0.0040122136 -0.7336432 0.10202964 0.88401604 -0.2845753 0.29811177 0.64132595 -0.31756234 -0.38083085 -0.5204386 -0.29982194 -0.3310698 -0.14299314 -0.49241582 -0.5977583 -0.14454252 0.21533969 -0.919736 -0.0036688475 0.07996188 -0.2063668 -1.1371685 -0.14441489
337 -0.99904203 -0.91848093 0.096867144 0.82859015 1.2598706 0.61051565 -1.0876045 0.75724536 -0.34874013 0.025389476 -1.815734 -1.048942 -0.657921 1.0235368 0.21143202 0.24807964 -1.1995691 0.2882502 0.02434549 0.8099266 0.65945315 -0.0530969 -0.38687438 -0.40795186 0.61583304 0.09845232 0.28347042 -0.3154646 0.112835884 0.45648172 0.0861709 -0.5005687
347 0.081550226 -0.6680923 -0.31527135 0.72311705 0.9727261 0.66300637 -0.07182939 0.68921447 -0.003990494 0.62553114 -0.25521314 -0.2701513 0.6041386 0.5243825 0.6365633 0.3168453 -0.04857191 -1.150315 -0.54718477 -0.70238304 -0.69134545 -0.5047615 -0.32982963 -0.37883767 -0.056414682 0.24051346 -0.63134396 -0.49540412 0.42040092 -0.504114 -0.72315055 0.009789863
1295 0.45900998 -0.91103727 0.08349087 0.8207851 1.2233648 0.5147249 0.080761045 0.51863027 0.10236037 0.3448008 -0.23747636 -0.059247 0.7632747 0.57648647 0.640417 0.6447819 -0.18564367 -1.0499904 -0.6793561 -0.76126564 -0.7297012 -0.5116819 -0.53992045 -0.5242645 0.17301829 0.18455063 -0.5961904 -0.4819234 0.24618264 -0.32237086 -0.27354833 0.014941642
584 0.3626567 -0.7770752 0.17484461 0.81747717 1.1528091 0.33523145 -0.054888133 0.3996809 -0.11254276 0.34408072 -0.39791998 0.037823085 0.50360334 0.70293987 0.6154158 0.6864386 -0.1603583 -1.2045469 -0.9049614 -0.86910796 -0.7802483 -0.52170396 -0.6376585 -0.4584187 0.195699 0.081413426 -0.578904 -0.52943754 0.3910876 0.010605078 -0.4086799 0.07066004
1041 -1.0724806 -1.0304552 -0.74940777 -0.0002197453 0.30590534 -0.8529783 -0.9047677 0.2860115 -0.91242754 -0.028674923 -1.0041536 -0.4987755 1.5718316 1.2919077 0.46285918 0.5990782 -1.2426635 -0.92784643 0.040050596 -1.6644168 0.72819805 1.0720346 -0.5613534 0.47820213 -0.6562722 1.5568913 0.027003942 2.2088976 1.3725401 -1.1309682 0.36206684 -0.16593818
626 1.2111659 0.05810735 0.4045207 0.30128795 -0.1507256 0.332101 -0.3905275 0.3614455 -0.6434775 0.70563644 0.012898597 -0.1635049 -0.8883898 1.8951163 0.6437268 1.8795644 -0.3131897 -0.49270153 0.32320368 0.3315449 0.5185024 0.092523016 0.20867206 0.20121393 -0.30188197 0.9852564 -0.1992157 0.90168166 -0.43863562 0.04783805 -1.4497874 -0.37947902
1172 0.29289225 -0.782241 0.36323395 0.6756842 1.28359 0.09489223 -0.1325134 0.36894256 -0.23439886 0.53963965 -0.6054302 0.18766314 0.44266266 0.8738562 0.6277461 0.78638816 -0.11579592 -1.2552719 -1.0919646 -0.8746256 -0.91208154 -0.61725074 -0.71465415 -0.44483495 0.093898304 -0.013526443 -0.7999529 -0.5764698 0.40337762 0.13235849 -0.5631981 -0.045450218
1261 -0.06434982 -0.7144321 -0.34829354 0.78490204 1.3198153 0.48237616 0.32056385 0.5874061 -0.09349352 0.19285393 0.062993005 0.07566128 0.6294892 0.10400751 0.9222674 0.2591281 -0.23873897 -0.6843857 -0.8828981 -0.43033564 -0.33668938 -0.31747228 -0.38192815 -0.70007455 0.09567905 0.5197485 -0.5474103 -0.36040077 0.166315 -0.026120368 -0.47681534 -0.040337812
323 -0.04872857 -1.0307211 0.36572918 0.19063082 1.2926431 0.3937721 0.28028876 -0.16466352 -0.31604725 0.0041470854 -0.750569 0.08498031 0.89434004 -0.27496818 0.2995535 0.61938375 -0.30391702 -0.43294346 -0.51135063 -0.29965967 -0.34123883 -0.17409414 -0.4835461 -0.5731182 -0.11865366 0.18934307 -0.92645687 0.0086096395 0.07800231 -0.24537663 -1.1861682 -0.15390511
1184 1.3243166 -0.058720496 0.43649697 0.08691355 -0.12625642 0.37372428 -0.2721095 0.36820057 -0.609525 0.7109094 0.14933963 -0.18248326 -0.7867252 2.0027494 0.66142285 1.7391022 -0.34927067 -0.51713336 0.5416575 0.5622671 0.3339859 0.28233364 0.08233581 0.21353614 -0.37809783 1.2421873 -0.1668303 0.96725255 -0.25851023 0.009792431 -1.388263 -0.35685214
1116 0.48760134 -0.8215676 0.1685642 0.84110105 1.2198706 0.4044186 0.055474304 0.46951905 -0.01585171 0.41497257 -0.29123276 -0.13374573 0.69271094 0.663628 0.5876778 0.7071359 -0.09359506 -1.0184371 -0.7663938 -0.83278847 -0.7955114 -0.569719 -0.5827789 -0.47416407 0.2016081 0.11229729 -0.69190866 -0.49335268 0.2991614 -0.35163003 -0.31890354 -0.009786366
896 -0.015554187 0.06827948 -0.026550319 0.31916133 -0.38721782 -0.5373381 -0.67848796 0.085152045 -0.7851677 0.37051833 -0.5599003 -0.27938676 0.6059548 0.30136672 1.0615892 0.5266717 0.06834452 0.5666115 0.13051115 0.8079594 -0.13068458 0.14858815 -0.4959088 -0.53072405 -0.2138782 0.6202852 0.13759373 -0.48996302 0.056677274 -0.26146677 0.31254983 0.7515811
974 -0.9778269 -0.9721976 0.10219384 0.90569246 1.1652133 0.54449856 -1.1830153 0.49640366 -0.29123345 0.20723258 -1.4197377 -1.0092907 -0.5120557 0.93372977 0.24869485 0.2715984 -1.3919557 0.3268363 -0.05289787 0.956011 0.2587406 0.25880197 -0.3406415 -0.47697362 0.36955625 0.09646235 0.05608169 -0.13105288 -0.15516306 0.49716708 0.10943072 -0.8538818
900 1.2093441 -0.97950286 0.7096349 -0.5516114 0.27619115 -0.7705223 -0.23923136 0.7149749 -1.0012473 0.88218457 0.01709173 -0.81233495 0.05101665 0.48268875 0.8280766 -0.5870775 -1.2996074 -0.1317761 0.6395726 -0.24666879 0.57906556 -1.1865705 -1.912806 0.1636824 0.48496258 1.0728798 -0.48754045 0.18959992 -0.23878007 0.28786013 -0.66373307 0.0071984814
505 -0.96206504 -0.95489126 0.053296965 0.8456897 1.2163285 0.5583712 -1.0519418 0.7490677 -0.3331508 0.030975588 -1.8635888 -1.0441216 -0.7079755 1.0332742 0.16538474 0.29339325 -1.1611289 0.2749655 0.07361539 0.7125693 0.74425405 -0.12765409 -0.3844435 -0.42341566 0.636945 0.1512553 0.33208874 -0.32357252 0.14731789 0.42106235 0.06402323 -0.44018397
586 0.056733467 -0.43505153 0.7437069 -0.29046986 1.7050767 -1.2714268 -1.5507066 -0.40262416 0.050728276 0.40593284 0.090932176 0.16945861 -0.05764875 0.07459155 1.2286643 1.2996005 0.28012213 -0.8616617 0.21969466 0.90523165 0.21589042 -0.54641104 0.83763856 -0.43167683 0.3556709 0.7474895 1.0482718 0.5111056 0.3006423 -1.0161525 0.5594875 -1.18725
455 0.097403884 -1.0468711 0.39099613 0.17195918 1.325633 0.40053228 0.27881727 -0.15685505 -0.21793279 0.03137963 -0.7275986 0.07720279 0.9288614 -0.30904126 0.2525981 0.64261025 -0.3244966 -0.412894 -0.47604105 -0.26969746 -0.32581222 -0.115065865 -0.52238727 -0.5972975 -0.13354884 0.21136205 -0.8961168 -0.013991792 0.056558076 -0.29083848 -1.1355599 -0.20160533
456 -0.028007308 -1.0616841 0.3656455 0.18974233 1.2795587 0.40518054 0.26606688 -0.19026917 -0.19914804 -0.03877688 -0.7396535 0.15067972 0.9161615 -0.30618036 0.3072445 0.5794479 -0.3709717 -0.44062197 -0.48469827 -0.22748557 -0.2737812 -0.11188734 -0.5366293 -0.596535 -0.20035087 0.26631996 -0.8796946 -0.040833876 0.091445096 -0.19195911 -1.1811074 -0.073419355
416 0.0015306359 -1.1187851 0.4345689 0.14322734 1.2247348 0.40921766 0.24639785 -0.13566138 -0.2615697 0.015524152 -0.78972256 0.13013317 0.9006852 -0.2492911 0.22387752 0.61724335 -0.30749607 -0.51552 -0.40876508 -0.23269558 -0.34052503 -0.17388922 -0.5183772 -0.5184949 -0.14370131 0.17253695 -0.8795328 0.0034241576 0.07822055 -0.22423992 -1.1745051 -0.12688647
256 0.0008050032 -0.19715013 0.14800654 0.83443373 -0.5990158 -0.25313947 -0.6626806 0.15233813 -0.7376611 -0.19313951 -0.39025384 -0.10749225 1.0524386 0.7186686 1.3555175 0.24722134 -0.20456715 0.3592604 0.09491902 1.2927014 -0.05444321 -0.45315608 -0.30158728 -0.33710903 -0.40276334 0.41906285 0.11357252 -0.1193413 0.41614482 -0.4078163 0.49014735 1.2148694
1267 -0.6506091 0.024939548 0.78801394 0.03105929 -0.09766168 0.49103346 0.54375756 0.28802592 0.4807726 0.45696005 -0.5391201 0.60543513 0.036432452 -0.098488994 0.8381093 1.259603 -1.4579091 0.4453263 0.20102444 -0.19402498 -0.26659533 -0.6548766 -1.364842 0.16823944 0.5633883 0.6966993 0.8186715 0.27037132 0.24608375 -0.28447926 -0.26078025 -0.5160291
494 -0.0387923 -1.0470623 0.3106625 0.16877057 1.2955201 0.40214622 0.32556856 -0.14073448 -0.2877097 0.06199551 -0.7679694 0.07951391 0.96153426 -0.33890095 0.2723259 0.61811703 -0.29240122 -0.39255688 -0.53004694 -0.23801352 -0.3654294 -0.1814566 -0.5519463 -0.5714674 -0.14752269 0.22936143 -0.96772504 0.03550341 0.07721493 -0.28785425 -1.1466914 -0.15509868
693 -0.7032317 -0.7631669 0.19535838 0.8484314 1.3119639 0.9600481 -1.1132649 0.63023365 -0.31373072 0.011601731 -1.8580625 -1.249568 -0.6109582 1.0650656 -0.049479872 0.37286788 -1.6365774 0.29294547 0.20274529 1.1174301 0.67799664 -0.17853001 -0.35899594 -0.59871405 0.18690652 0.13621648 0.14881031 -0.3632929 0.16075365 0.28214648 0.23793013 -0.6344891
604 0.3458773 -0.13727899 0.15061295 1.1904355 0.32480085 0.4357287 -1.7872164 -0.28523627 -1.0757067 0.5914991 -0.3264383 -0.49242088 -0.3227471 -0.5154911 1.0503469 -0.051434923 -0.77592 0.8034348 -1.013365 -1.3373657 0.073410355 -0.095359445 -0.8095492 -0.20987786 -0.42811137 -0.6395125 0.9166441 0.8925147 -0.7238055 -0.731452 -0.8214596 -0.22072902
1102 0.48684862 -0.9759106 -0.008542416 0.75769466 1.1052282 0.6298588 0.037740316 0.5261361 0.20637861 0.28046086 -0.16310473 -0.06104776 0.8185496 0.46696308 0.62819564 0.56934553 -0.24520929 -1.0647784 -0.5381243 -0.7380574 -0.72347003 -0.4117183 -0.525641 -0.55604184 0.13908698 0.2493865 -0.49143276 -0.43103278 0.31533262 -0.36568192 -0.3168903 0.17684893
773 -0.07108429 0.015213385 -0.10581654 0.32123563 -0.37899616 -0.49987715 -0.630908 0.09150264 -0.80187505 0.40387446 -0.5515855 -0.26859418 0.59048045 0.30526817 0.999306 0.6154548 0.10483506 0.5921534 0.17898236 0.82631755 -0.15803458 0.16784741 -0.5154626 -0.5370869 -0.15476616 0.6007721 0.10283509 -0.44292614 0.052635778 -0.32454318 0.2863693 0.730716
309 0.06401141 -1.0708412 0.36712274 0.16356358 1.3220992 0.3340088 0.3092459 -0.119933516 -0.25812963 0.0041468744 -0.7414039 0.06565468 0.9473489 -0.3079578 0.26222658 0.6239468 -0.3362193 -0.36393395 -0.4951214 -0.25602528 -0.3858286 -0.17247532 -0.5521778 -0.583936 -0.08314994 0.17748743 -0.8858559 0.06289956 0.027797574 -0.31214723 -1.1154608 -0.15957552
1235 0.67332196 0.11307136 0.33028767 1.3864826 0.5092485 -1.6651161 -0.76346767 1.2568984 0.28253853 0.8959163 0.455044 -0.2917365 1.7385727 0.7265128 -0.7178544 0.92054445 -1.1766881 -0.36023653 -0.32268512 0.31436804 1.7090174 0.9173184 -0.8206765 0.79168445 -0.7106304 0.023875669 0.19695412 -0.6120149 -0.23459956 0.8290554 -0.8201261 -0.07565502
932 -0.8944946 -0.8438898 0.15271914 0.7789256 1.2412916 0.67608744 -1.0834845 0.68811476 -0.33372328 -0.028278835 -1.8241305 -1.1668748 -0.68361014 1.0183774 -0.0003399858 0.38030836 -1.3874314 0.22160469 0.10634983 0.89200425 0.74805367 -0.11764382 -0.41355583 -0.5813642 0.3618862 0.107687265 0.22185569 -0.38020182 0.093317725 0.26969236 0.10862481 -0.59781194
1123 -0.24308881 -0.11094223 0.3430522 -0.28732458 0.8053228 0.5519293 -0.23590139 0.22449265 0.5078929 1.7699416 -0.442624 -0.5657891 1.4992605 0.4526256 1.2753386 0.11743413 0.75935876 0.16256018 0.09993393 0.56703144 1.3330972 -0.45010784 -0.31054172 -0.9594558 0.28023344 -0.21557125 0.9091677 0.7232741 0.75522846 0.6704606 -1.5363448 -0.6948355
1297 -0.04465171 0.06695083 -0.07418068 0.34928244 -0.37644574 -0.5346271 -0.6379941 0.04930193 -0.80752075 0.34409508 -0.5739696 -0.32033476 0.56486094 0.34234974 1.0415987 0.5172239 0.07687048 0.5616464 0.111769594 0.79642314 -0.12458307 0.112634264 -0.43317991 -0.525032 -0.17649081 0.58759815 0.13730411 -0.4495792 0.047156885 -0.2734308 0.24176928 0.74699247
1366 -0.061365813 -0.03880068 0.00091064494 0.353411 -0.43630174 -0.4943699 -0.58993155 0.08863817 -0.8174852 0.36556762 -0.5557497 -0.2585238 0.5926469 0.29631874 1.0690839 0.51305574 0.05779627 0.54636896 0.13951893 0.854629 -0.1025789 0.102459356 -0.4577159 -0.5035255 -0.21579899 0.5885056 0.15732166 -0.45298284 0.11474739 -0.29041654 0.2786294 0.76198095
1306 1.2029136 -0.9946706 0.7676676 -0.64714783 0.41372082 -0.826668 -0.25426623 0.86647487 -1.0384842 0.9872917 0.04814998 -0.8238392 -0.08262828 0.55978006 0.61105305 -0.5554377 -1.229408 -0.18395431 0.73896015 -0.30191377 0.6105415 -1.1862319 -1.8781184 0.047337778 0.23299985 1.1224699 -0.44992164 0.03535383 -0.2108009 0.16851725 -0.7916384 -0.05567876
130 0.0021905515 -1.076138 0.36952367 0.194851 1.2978625 0.36813533 0.27196345 -0.14349537 -0.25494355 0.032578588 -0.7982919 0.043854553 0.8997098 -0.27582735 0.26968458 0.64955425 -0.3072559 -0.4622776 -0.48850486 -0.311451 -0.37567756 -0.15435441 -0.5387885 -0.5872993 -0.10859957 0.19789001 -0.9242434 -0.019518513 0.08785688 -0.2803434 -1.1730163 -0.08980573
635 -0.65950567 -0.96521354 -0.1614965 0.8755409 0.9025628 0.23596497 -1.0257308 0.39491647 -0.13900405 0.1357774 -1.2129728 -0.75872153 -0.2721181 0.6012136 0.24954662 0.17613232 -1.1574124 0.56769854 -0.11191858 0.7099862 0.14260754 0.033090197 -0.20946124 -0.39786315 0.38324916 0.045039054 -0.046243623 -0.033334535 -0.24549036 0.54941523 -0.12709284 -1.0193057
1360 0.43133453 -0.69494116 0.29501298 0.71078545 1.3770558 0.3061003 -0.05239976 0.31262478 -0.121357605 0.46026573 -0.50638896 0.08079571 0.59950346 0.7362839 0.5628511 0.6901965 -0.14184928 -1.1402084 -0.9167002 -0.8176117 -0.77530307 -0.5254966 -0.65381604 -0.44808033 0.111655004 0.05830402 -0.7622133 -0.53197885 0.37343773 -0.09446779 -0.41710073 -0.076703146
694 -0.7811081 -0.71241325 0.22795473 0.8790676 1.3345792 0.90424633 -1.1258185 0.66897804 -0.36149308 0.016752934 -1.8646646 -1.2409091 -0.59689695 1.0689985 -0.030886265 0.31437027 -1.6444843 0.2753801 0.17916234 1.1932914 0.6534222 -0.20737356 -0.36867318 -0.60435 0.267967 0.080141075 0.12384918 -0.35009292 0.13573228 0.28787273 0.19355136 -0.6087085
1096 0.37257147 -0.68415195 0.33541498 0.73371404 1.3272628 0.31245172 -0.11216449 0.25899383 -0.13830048 0.45519677 -0.50655806 0.20696878 0.4911841 0.8183738 0.6034033 0.64085805 -0.14974132 -1.1905183 -1.0031474 -0.7588821 -0.7302986 -0.4992675 -0.6964196 -0.41065803 0.07135056 0.11548244 -0.7640957 -0.59248435 0.43440813 0.09503372 -0.40236166 -0.018151287
975 -0.9329317 -0.9320441 0.10611804 0.8984982 1.1473793 0.5596594 -1.1857145 0.4953158 -0.2904066 0.18105362 -1.3789738 -1.0296209 -0.48815864 0.8897127 0.17225857 0.29793224 -1.3746529 0.35561326 -0.04004468 0.9833425 0.28745356 0.21378852 -0.32707533 -0.49912417 0.38640124 0.119864285 0.018971337 -0.14769298 -0.1758756 0.48446667 0.059381388 -0.8659089
1027 0.45121154 -0.8363879 0.047494136 0.7853408 1.0463148 0.43568173 0.09264607 0.4829331 0.057463832 0.3899691 -0.21253769 -0.12948923 0.7141724 0.54193527 0.6237605 0.6071972 -0.19771545 -1.0351112 -0.6862717 -0.7318523 -0.76331633 -0.49776256 -0.5353611 -0.5566242 0.15223917 0.13031363 -0.59948575 -0.46542707 0.27795145 -0.35422933 -0.32273975 0.079398856
1362 -0.68554026 -0.7225888 0.11387025 0.9325455 1.3680159 0.9752022 -1.067573 0.6721117 -0.38783634 -0.12111367 -1.9464514 -1.1554976 -0.55672413 1.0715374 -0.049959466 0.3643845 -1.6013174 0.3788989 0.08101059 1.0465181 0.89473736 -0.30467257 -0.40335262 -0.65121603 0.29894337 0.12743129 0.22049633 -0.38491896 0.14821646 0.26413274 0.24172065 -0.6325509
242 0.05825901 -1.0830071 0.41518375 0.17595898 1.3205914 0.39837816 0.27959266 -0.1125967 -0.24854457 0.014255886 -0.74352837 0.06572104 0.9454833 -0.27256265 0.27790287 0.6416191 -0.29865617 -0.4339559 -0.45523947 -0.3195702 -0.35895163 -0.18825264 -0.5003665 -0.6202779 -0.1399546 0.21246716 -0.9769118 -0.007899704 0.03488108 -0.25368676 -1.1209304 -0.1333224
1223 0.13589251 -0.83314836 -0.31682295 0.70556825 1.2285488 0.38945466 0.30670324 0.68156123 -0.07695682 0.16248485 0.04853496 -0.067253366 0.6934331 0.098524526 0.76912755 0.39787424 -0.20239495 -0.7505296 -0.73907506 -0.52730405 -0.4777805 -0.4799784 -0.35733265 -0.6663526 0.108389504 0.3544888 -0.45962873 -0.3538524 0.11667576 -0.22060823 -0.4851252 0.022172866
1312 -0.15268372 0.17210317 -0.13098793 0.39240307 -0.37012458 -0.66853887 -0.67775655 -0.019845465 -0.7635344 0.28946173 -0.5709852 -0.36143187 0.5897532 0.3404404 0.91053456 0.6257106 0.055551004 0.52164215 0.12857018 0.7182891 -0.17947266 0.07302428 -0.48119187 -0.56461567 -0.20360593 0.6446781 0.08459318 -0.4328947 0.027883416 -0.29600197 0.1198166 0.78954464
56 1.2110049 -0.22176015 0.013822869 0.18101004 0.010225599 0.5498178 0.3386975 0.20426662 -0.8751864 0.7711346 0.24055007 -0.03476942 -0.42683533 2.0528755 0.4303045 1.8919425 -0.30613783 -0.11610764 0.47590438 0.63998246 0.47779453 0.23420489 0.14373882 0.18174097 -0.77457124 0.8122482 0.0033625872 0.6742335 -0.23721595 0.0990002 -1.0513896 -0.4552825
618 -0.736599 -0.784593 0.18313228 0.9320969 1.3737345 0.9754419 -1.1676787 0.72394234 -0.35973516 -0.02291855 -1.8982282 -1.2477665 -0.534625 1.1509349 -0.08735516 0.38638192 -1.7863827 0.29480475 0.13340579 1.2436873 0.7257234 -0.22328617 -0.33490252 -0.76982296 0.18323515 0.14437167 0.12239333 -0.30015206 0.097343236 0.2933735 0.23863165 -0.6955099
303 -0.7272667 -0.7205289 0.18245918 0.85340196 1.3474066 1.008653 -1.1443766 0.6201371 -0.29469466 0.08072507 -1.8220423 -1.3389002 -0.630157 1.0629507 -0.029961068 0.32041365 -1.5845498 0.25488067 0.25663358 1.2278442 0.61068964 -0.12057757 -0.425371 -0.554864 0.22992748 0.16204078 0.10057812 -0.35597682 0.11923247 0.28829166 0.16493018 -0.6325251
1073 1.3832614 0.08954042 0.5877697 0.3133914 -0.05220797 0.39430892 -0.12917617 0.09167265 -0.49275506 0.9576168 -0.21583965 -0.18785009 -0.80181664 1.6324613 1.0711772 1.924155 -0.23136304 -0.5107042 0.53401196 0.82846653 0.4145425 0.862678 -0.07423143 0.023717389 -0.34104612 0.9716383 -0.18526508 0.83295006 -0.45485073 0.07632775 -1.3589107 -0.59831476
1249 -0.9389102 -0.94309825 0.093130305 0.9100573 1.1739807 0.60285985 -1.1750462 0.58403665 -0.27710578 0.07312996 -1.535042 -1.0417433 -0.51167476 0.97317904 0.12511279 0.4071056 -1.4371749 0.39103186 -0.07744142 0.98867285 0.42060044 0.13163328 -0.34207118 -0.570818 0.34864444 0.086670384 0.05420134 -0.14231008 -0.08641008 0.4254234 0.15646814 -0.88227886
1086 1.2978051 0.21140791 0.5566196 0.3471629 -0.08473071 0.45544317 -0.3287164 0.08497726 -0.5403662 0.6739439 0.16062193 -0.42381784 -0.7809556 2.0004377 0.98586756 1.9403994 -0.3509354 -0.58019805 0.42620987 0.45606047 0.4935979 0.5672753 0.28278655 0.07896056 -0.42361224 1.05305 -0.28219473 0.7767113 -0.43585122 0.18574071 -1.4371535 -0.5804472
977 -0.9162512 -0.9521042 0.083183154 0.89856637 1.018037 0.5788903 -1.1302009 0.47415227 -0.26683107 0.1954775 -1.4302751 -0.9980274 -0.48261502 0.96494925 0.1588788 0.3196171 -1.3467178 0.35304287 -0.05011416 0.98989266 0.2858182 0.16154094 -0.35996714 -0.52992964 0.27947164 0.087167904 0.022655495 -0.07647167 -0.109190434 0.50274783 0.16429234 -0.8956447
1352 0.19911195 -0.8391587 0.22937553 0.774764 1.0463711 0.23877774 -0.105699316 0.5128112 -0.23463091 0.24705066 -0.44027492 -0.059641708 0.36970952 0.6189101 0.64053243 0.7828064 -0.18047324 -1.2275519 -0.866072 -0.88137233 -0.9114293 -0.5881927 -0.54184294 -0.49736354 0.26708978 0.016686136 -0.6630719 -0.4891633 0.46741623 0.18862568 -0.58127856 0.21880576
1030 0.17900917 -0.63288665 0.23033151 0.8105301 1.1754131 0.2850139 -0.114653066 0.36493757 -0.2647584 0.29056042 -0.4325326 -0.010833427 0.28738034 0.69479513 0.6554212 0.73570627 -0.16719592 -1.2584728 -0.95433176 -0.8885978 -0.7780119 -0.4820839 -0.59356827 -0.54677725 0.2563037 0.073830225 -0.72021765 -0.4984854 0.4817002 0.253324 -0.5842445 0.17304504
1191 0.3509175 -0.891523 0.034354284 0.71319014 1.2910638 0.32655045 0.23150201 0.48240554 -0.07265244 0.33230516 -0.21464723 0.027480962 0.77869576 0.47916332 0.6568497 0.53708 -0.2105792 -0.9974558 -0.80103225 -0.6141902 -0.7454485 -0.5223817 -0.5615264 -0.56551415 0.094462425 0.1630069 -0.5620868 -0.47437984 0.26434866 -0.24228293 -0.30842954 0.010837991
302 -0.6768858 -0.7020046 0.1740875 0.8297794 1.3122492 0.9913106 -1.1185008 0.640759 -0.2814976 0.0803981 -1.8263005 -1.2900347 -0.6063391 1.0689791 -0.042545147 0.32392642 -1.6205328 0.29473004 0.2195495 1.1847659 0.6306324 -0.20582159 -0.3571523 -0.5402585 0.13665336 0.09300794 0.08264152 -0.33874425 0.15153621 0.2770565 0.22076005 -0.6369508
1250 -0.7172811 -0.69975764 0.17347585 0.86394453 1.2839578 0.79269403 -1.0270109 0.72062427 -0.32399207 -0.124729335 -1.9213705 -1.0752158 -0.5845805 1.0753802 -0.06656228 0.40986773 -1.57753 0.35908538 0.036275893 0.97708005 0.8720886 -0.33017275 -0.33113515 -0.67623836 0.26843712 0.07079284 0.19042166 -0.39352503 0.2304995 0.24928188 0.19616461 -0.6187042
830 -0.7690044 -0.6791821 0.18759076 0.8850687 1.2943376 1.0283502 -1.0314505 0.70778674 -0.36538646 -0.09164405 -2.0232522 -1.1622634 -0.5851608 1.1698928 -0.08771174 0.44335863 -1.6080505 0.25460523 0.09477064 1.0675362 0.88481504 -0.36509967 -0.39585507 -0.65521574 0.2611185 0.105459414 0.17304213 -0.35720894 0.15836239 0.3187775 0.27093098 -0.6040443
755 -0.7448205 -0.84664065 0.35869366 1.1283671 0.2691224 -0.16557145 0.0708582 0.24436587 -1.0088062 0.72598106 -0.7341189 -0.20398276 0.15425637 -0.7809291 1.3436141 0.8253272 -0.27111813 -1.9003217 0.45474696 0.58299816 0.58539784 -0.6300208 -0.18356428 0.6410582 -1.1377949 -0.32854187 0.028033333 0.5526153 -1.1876595 -0.30081382 0.46125457 -0.3036932
243 -0.6584771 -0.1188739 0.79048985 0.11624988 -0.16177323 0.6370244 0.46597928 0.27421173 0.47576246 0.526966 -0.6634033 0.71122 0.054271888 -0.20110106 0.8555432 1.3792878 -1.4795825 0.4580209 0.16747414 -0.17318273 -0.30438963 -0.6125019 -1.3736078 0.35382745 0.7606368 0.8079134 1.0225205 0.18712078 0.23605666 -0.33425027 -0.3290601 -0.5645675
1242 -0.8781136 0.3653195 0.89658326 -0.14112882 0.19837609 0.30105174 0.6310404 0.10295814 0.37087756 0.372689 -0.2863912 0.45985287 0.10986905 0.2067855 0.8490355 0.9464391 -1.5829142 0.42418247 0.1515234 -0.10462632 -0.39330062 -0.71096647 -1.2898998 -0.16897309 -0.0046488354 0.43712363 0.26747242 0.64763206 0.11083958 -0.070431866 -0.13283356 -0.35961458
901 -0.1783051 -0.015485483 0.13213128 -0.25687262 1.1524017 -1.9028132 -1.0461296 -0.81119543 -0.034308054 0.95215744 -0.26094925 0.5985876 0.046832077 0.8046312 0.3448943 1.3336216 -0.53632593 -1.2114457 -0.12006005 0.86612374 0.5634113 -1.5178807 0.67367953 -0.9166883 0.4177923 -0.0920927 0.947966 -0.07100523 0.84599274 -1.1714181 0.12301959 -1.2607328
831 -0.54875886 -0.0658486 0.7110228 0.16429597 -0.056687687 0.24638608 0.31254485 0.3441321 0.59473854 0.35184562 -0.5891536 0.8738464 0.046219666 0.122155815 0.72910583 1.2187352 -1.7611681 0.41836166 0.22216152 -0.29234543 -0.40351093 -0.900809 -1.3049066 0.05668414 0.829912 0.5525426 1.0093181 0.4313691 0.28827736 -0.5599248 -0.36017993 -0.45668358
1142 1.0851525 -1.1293688 0.4403154 -0.660951 0.36376294 -0.8582836 -0.27554896 0.99777234 -1.1179359 1.0232943 0.024983877 -0.8720447 -0.0042894073 0.44773686 0.658387 -0.47115654 -1.1881495 0.010201281 0.6450739 -0.26468942 0.48767248 -1.1197039 -1.7648906 0.15272993 0.27370808 1.0399094 -0.47229716 0.099498875 -0.2061782 -0.009065551 -0.9262504 0.05460572
1012 -0.83573425 -0.8943422 0.02130111 0.9199774 1.1753874 0.37303716 -1.1488681 0.4852035 -0.27627432 0.19210137 -1.358274 -0.86779064 -0.42940536 0.81023264 0.331361 0.24867812 -1.1719024 0.52184844 -0.11548122 0.7850047 0.25512183 0.24157265 -0.26300785 -0.3889364 0.5424846 0.13443615 0.01189855 -0.1441227 -0.18022715 0.5153042 0.09921816 -0.92295355
334 -0.119450875 0.42683572 -0.17888965 0.5108176 -0.29401216 -0.92134446 -0.5223335 -0.026957812 -0.7031054 0.112119086 -0.8332371 -0.5636823 0.54485375 0.11388152 0.7581411 0.53662926 -0.15502667 0.3997924 0.033817865 0.608041 -0.1836928 -0.07157334 -0.42304116 -0.68640196 -0.31279066 0.703768 0.22537714 -0.52894795 0.103986636 -0.32418865 -0.1154954 0.9040704
1339 -0.8008408 -0.7119773 0.14049564 0.8438295 1.2516198 0.8945223 -0.99424887 0.7327897 -0.35503563 -0.020662349 -1.9349358 -1.1174232 -0.62539357 1.1040558 0.039451413 0.32072747 -1.3431646 0.23323593 0.13298339 0.9553487 0.8500585 -0.2475054 -0.43812054 -0.47853968 0.42488977 0.12124912 0.2876802 -0.42808753 0.24695684 0.33747974 0.21353869 -0.44231543
440 -0.15444106 0.44689485 -0.02618525 0.5693296 -0.3102 -1.1326132 -0.6563569 -0.21997677 -0.6800847 0.11413294 -1.0755479 -0.54470587 0.69674903 0.112942815 0.6380445 0.47764876 -0.157304 0.19470182 -0.015727898 0.64411825 -0.32833332 -0.19352457 -0.45083898 -0.69694084 -0.2825538 0.6978084 0.1619368 -0.44248453 0.09392792 -0.32345125 -0.19767833 0.899659
1298 -0.81806093 -0.7906437 0.19533907 0.74345773 1.1095129 0.8900977 -0.99370474 0.7529804 -0.37494767 0.010779458 -1.9225351 -1.2038115 -0.6583839 1.1405407 0.050824672 0.2752845 -1.3911765 0.13825256 0.132719 1.0631924 0.6349362 -0.20793596 -0.41931438 -0.47181293 0.3714925 0.12332869 0.2533681 -0.32231134 0.2585406 0.40840542 0.2301716 -0.47666898
770 -0.16596507 -0.22770612 0.7190562 -0.30623496 0.07629573 -0.38594633 0.47330338 0.08763125 0.14513783 0.63104147 -0.33549228 -1.5018001 0.6299697 0.8263154 0.9856454 -0.0068594287 -1.1963189 -0.12518066 -1.1655757 0.036338992 -0.077874504 0.06090837 0.59436244 0.9672516 -0.38597673 0.29891306 0.48169273 -0.25532 -0.17960867 -0.7867935 -0.45461568 0.00493064
744 1.164399 -0.9278913 0.51687145 -0.6368049 0.36202672 -0.70714986 -0.21028034 0.8276498 -1.0472976 0.94932264 0.011566619 -0.891818 0.0513656 0.39765182 0.7096496 -0.5673281 -1.2157985 -0.045598682 0.57802266 -0.22002798 0.49768594 -1.0504723 -1.8184357 0.11920379 0.41219935 1.143009 -0.49845102 0.16008717 -0.21632019 0.16200498 -0.7206851 0.06451162
572 0.29443514 0.056677062 -0.3388154 0.4884971 0.26826188 0.5234232 -1.272931 -0.66095173 -0.98886526 0.8272936 -0.06525433 -0.90449554 -0.49681833 -0.22915678 1.066963 0.30362678 -1.0477664 0.5026548 -1.1567646 -1.0843022 -0.06305632 -0.14238831 -0.9826724 -0.30287987 -0.6828676 -0.796392 0.89227265 0.95843464 -0.6595949 -0.54107976 -0.660041 0.12577988
501 -0.0008378889 0.081144325 0.06787659 0.31434503 -0.46719304 -0.58355904 -0.6014092 0.07338611 -0.73831064 0.44350934 -0.6782385 -0.27502337 0.54638904 0.39331943 0.9346951 0.5077726 0.12350757 0.5805566 0.033079527 0.8371916 -0.103210606 -0.16391262 -0.4468964 -0.5213181 -0.3314041 0.6606723 0.2354218 -0.58607984 0.057815593 -0.14333348 0.27302733 0.68743634
1106 0.3242154 -0.9000402 -0.0949692 0.7421794 1.1161199 0.44498855 0.15175231 0.61883324 0.11285616 0.08261525 -0.1206139 -0.006394273 0.7476508 0.38345954 0.6692493 0.5378352 -0.25928956 -0.7974144 -0.6374569 -0.69836885 -0.5733384 -0.50752795 -0.38742965 -0.58982664 0.17523657 0.19788055 -0.5169191 -0.33713987 0.15350264 -0.22317992 -0.34869814 0.061928052
666 -0.005392631 -0.31986195 0.6450465 -0.303418 -0.18262036 -0.096572444 0.30860674 0.06025049 0.29291436 0.732567 -0.3686148 -1.2747748 0.5791283 0.51990545 1.0293863 0.15155013 -1.1074938 -0.072215736 -1.2986488 -0.09995335 -0.025546802 0.04763889 0.5720392 0.8330075 -0.24071838 0.56207055 0.43264598 -0.28526014 -0.052494466 -0.565785 -0.2692005 -0.19342828
583 0.5511553 -0.52815723 0.16403368 0.9441809 1.3409728 0.5393644 -0.038523976 0.314065 -0.1185831 0.2649575 -0.27425295 -0.18230599 0.54136634 0.6225963 0.68711424 0.63434505 -0.09023993 -0.97820336 -0.79234093 -0.87086844 -0.6729799 -0.38495302 -0.58506954 -0.47274283 0.26699194 0.12269913 -0.67201847 -0.49958247 0.3860626 -0.25536653 -0.2575019 -0.0023129089
865 0.088286325 -0.5183265 0.8800935 -0.3525569 -0.21685228 0.0054116133 0.11470563 0.21340118 0.056309924 0.8766483 -0.32250103 -0.82246155 0.931269 0.47228336 0.739556 0.20882377 -1.042349 -0.14295843 -1.4230297 -0.18700759 0.20505048 0.05097793 0.8428169 0.36365342 -0.20826392 0.95814914 0.5963271 -0.29119104 -0.48099798 -0.55190474 -0.08985285 -0.059115138
834 -0.6304105 -0.046954457 0.78339857 0.08755288 -0.14431426 0.45543268 0.3988944 0.30649334 0.5724211 0.4263553 -0.5543622 0.6895905 0.048072375 -0.040947136 0.7912803 1.2452278 -1.5360353 0.43036753 0.21078072 -0.15662117 -0.27038172 -0.75930375 -1.3396211 0.24993755 0.65517086 0.7011492 0.88362503 0.2988569 0.2615408 -0.39791018 -0.28765592 -0.46211806
990 0.42545724 -0.76601213 0.122978225 0.743317 1.1989766 0.39809093 0.041693695 0.42123166 -0.04035314 0.2847155 -0.24523282 -0.028539883 0.6888517 0.6007983 0.6400446 0.60250664 -0.16029601 -0.96728826 -0.8179917 -0.7744293 -0.7671447 -0.5958524 -0.5357429 -0.4721252 0.18370155 0.13629404 -0.67748827 -0.4459823 0.3621277 -0.21547951 -0.39271578 -0.0001391648
1346 1.177682 -0.8436742 0.7885949 -0.63764066 0.37923762 -0.6383104 -0.34647462 0.8263939 -0.9788851 0.9195158 0.06565956 -0.84554523 -0.058830425 0.4239226 0.5345213 -0.47619545 -1.1847874 -0.16503333 0.7810548 -0.3338379 0.7861217 -1.0724112 -1.7488627 0.12746787 0.15096311 1.0251418 -0.3788558 -0.15776774 -0.1649576 0.20122704 -0.69337934 -0.034068238
1132 -0.80120736 0.10161456 0.8837143 -0.09349859 0.03571817 0.39499646 0.6462426 0.17721282 0.4910061 0.4337271 -0.42417502 0.5808805 0.08119765 0.044726763 0.9095859 1.1304375 -1.5523669 0.46205026 0.156462 -0.18071383 -0.3218444 -0.68150485 -1.367954 0.11286759 0.29534298 0.5596476 0.6370217 0.4871094 0.22551273 -0.18462513 -0.16817842 -0.4641851
1180 -0.77919734 0.07996838 0.8502844 -0.04362932 -0.039254796 0.48290625 0.64079475 0.15417495 0.516667 0.45038226 -0.38730028 0.5565365 0.039131906 -0.05705799 0.9287718 1.1909705 -1.4181134 0.42752886 0.13196905 -0.0703456 -0.27520937 -0.668361 -1.4000728 0.16516142 0.3264516 0.6570882 0.58248776 0.32262367 0.27864918 -0.12635718 -0.17668675 -0.48599243
552 0.2192169 -0.8644929 -0.16758111 0.702879 1.1094272 0.5773367 0.04963831 0.63376147 0.061766505 0.30068555 -0.19005185 -0.10664979 0.69433737 0.37739176 0.653604 0.44294825 -0.16804086 -1.0342687 -0.5945777 -0.6755965 -0.62778896 -0.4652001 -0.3671999 -0.5512298 0.07841462 0.31236222 -0.5211561 -0.470142 0.2833648 -0.26806545 -0.5004972 0.067574315
923 1.0891852 -1.1205395 0.6819473 -0.5318145 0.35063213 -0.8233189 -0.20410445 0.87085885 -1.080302 0.88042283 0.113114364 -0.8902261 0.059764355 0.46775296 0.68419087 -0.5524911 -1.196685 -0.12773895 0.6114182 -0.13429683 0.5901091 -1.2079383 -1.7236154 0.14167082 0.39887014 1.0530403 -0.48130313 0.20264058 -0.30653554 0.08937783 -0.6795196 0.076885454
24 0.2843713 -0.22083521 0.2870121 1.4692148 0.53408504 0.16861713 -1.118699 0.17237622 0.6103504 1.9900978 -0.21694212 -1.0329933 0.4952123 -0.7571461 -0.930428 1.4529042 -0.8989554 -0.5000761 -0.18261847 0.9345377 0.18546754 0.14230564 -0.49350193 1.4765896 -0.09947835 0.67163783 -0.84484 1.2174199 0.9443144 0.32694563 -0.6851069 1.1081263
963 0.46119806 -1.0169076 0.013238559 0.8290786 1.161886 0.59126014 0.076461114 0.488428 0.16645205 0.22277834 -0.15996116 0.0017110838 0.7598695 0.4389719 0.70670235 0.55748785 -0.27877307 -1.0642352 -0.58336884 -0.68491465 -0.6904069 -0.37273023 -0.5496389 -0.6105668 0.19300634 0.2617284 -0.4633742 -0.4590542 0.2928057 -0.27817336 -0.3218258 0.14931232
1179 -0.73921245 0.11747961 0.8406189 -0.010290561 0.024829354 0.48097825 0.602336 0.20255926 0.45339996 0.41408622 -0.4180601 0.5226445 0.07086399 -0.022622284 0.8693137 1.1340071 -1.3929552 0.4446414 0.1882435 -0.10621096 -0.27465686 -0.56928784 -1.3201406 0.15170088 0.33756483 0.5903269 0.5905814 0.36965364 0.2558628 -0.13680466 -0.19774574 -0.45411542
1374 0.034041643 -0.8019543 -0.3243933 0.6652262 1.2186408 0.42941177 0.28164873 0.63642067 -0.06262888 0.14422424 0.009355752 0.017267432 0.64834297 0.14326002 0.7813486 0.2825124 -0.218665 -0.78929967 -0.7733269 -0.49873775 -0.40325573 -0.41034368 -0.35955247 -0.67273235 0.095846534 0.39501584 -0.43759176 -0.35085973 0.14665826 -0.130105 -0.5159835 -0.00035319148
1000 0.29670468 -0.87558955 -0.057711087 0.6915582 1.1060877 0.42813858 0.16226855 0.5545447 0.03828081 0.31151566 -0.16920426 -0.033326603 0.7013698 0.4512297 0.62602943 0.4865257 -0.21266389 -0.9706849 -0.69025624 -0.62996405 -0.6769976 -0.5064919 -0.43298352 -0.58691645 0.13113253 0.18539922 -0.5250575 -0.46978307 0.23116659 -0.25061437 -0.39388093 0.051403705
949 1.3430793 0.13278288 0.45781446 0.25804466 -0.123476475 0.42625755 -0.15738805 -0.00022252178 -0.4159334 0.8278129 -0.022989929 -0.38737288 -0.7144487 1.8372743 1.015773 1.8161869 -0.32983464 -0.5175553 0.61181873 0.7332069 0.3148617 0.767494 0.05784546 0.093099 -0.44047013 1.0051486 -0.24352919 0.7847556 -0.3335489 0.17592026 -1.1826614 -0.63041687
989 -0.119887725 -0.24625923 0.67287344 -0.36279535 0.012070911 -0.29444668 0.41609058 0.09545502 0.24977276 0.7194668 -0.32274207 -1.4883144 0.6066109 0.7859482 1.1133446 0.034339797 -1.2372975 -0.11624211 -1.2287431 -0.0059670857 -0.12364073 0.08947595 0.6458537 1.0022376 -0.35515434 0.4102461 0.44433764 -0.21048732 -0.14522818 -0.6711706 -0.48449063 -0.017931161
1038 -0.050292447 0.07486473 -0.047159616 0.3190527 -0.2852947 -0.6060362 -0.5703665 0.06333664 -0.7460348 0.26437894 -0.5895867 -0.3275323 0.5141437 0.26317278 1.0025479 0.52692544 0.0669585 0.5780939 0.1291428 0.757029 -0.084401265 0.094953604 -0.39882475 -0.5057662 -0.247058 0.61598104 0.18731746 -0.46119794 0.09049547 -0.21159108 0.16347377 0.8123969
907 0.46291357 -0.7957549 0.20859249 0.7364513 1.1572458 0.35130656 -0.056046516 0.36203638 0.03056461 0.37244114 -0.24318066 0.06475541 0.6404546 0.7402367 0.5794446 0.6209624 -0.15379296 -1.0585511 -0.8145005 -0.73442495 -0.8069155 -0.6036163 -0.64780515 -0.41605875 0.083181985 0.10242295 -0.63908595 -0.52082485 0.4059895 -0.21222661 -0.31905028 0.017328497
54 -0.5127288 -0.35211077 0.6992785 -0.957278 0.63304025 -0.0060912943 -0.31420076 0.11352775 0.7297667 0.94376487 -0.59471107 -0.7047484 0.85355353 0.5904432 1.4585834 0.4913104 0.3390193 -0.10876954 0.38169956 0.43220845 1.2832218 0.22437891 -0.24098791 -0.9726688 -0.037154585 -0.5962569 0.6767715 0.7373894 0.4824557 0.8755975 -1.7903357 -0.50626194
1245 0.07255402 -0.9088972 -0.2946949 0.6972949 0.9824953 0.6000465 0.11497901 0.6942002 0.039144013 0.44566467 -0.15744746 -0.10048846 0.6210721 0.33575854 0.6913622 0.38127944 -0.17146534 -1.0790482 -0.5385234 -0.57018876 -0.65743667 -0.42921707 -0.3871185 -0.62495506 0.018491512 0.4146657 -0.5352296 -0.47030574 0.29003632 -0.23709942 -0.5511188 0.15570559
1309 -0.068338595 0.088626586 -0.03663698 0.33428863 -0.3699595 -0.571035 -0.6057544 0.07167939 -0.772612 0.25982994 -0.62657934 -0.3456827 0.5833709 0.2995887 0.9597589 0.5303828 0.057875928 0.49986795 0.14517038 0.8537195 -0.1076396 0.08115786 -0.4940217 -0.53404844 -0.20182766 0.64735675 0.18365422 -0.5266751 0.0751579 -0.2984723 0.25552157 0.7811888
485 0.14091076 -1.1470567 0.14452164 0.22090317 0.2736431 0.21805282 -0.39332122 0.26582894 -0.22692813 -0.1240421 -1.2630914 -0.90470386 -0.42858037 0.584681 -0.07144433 0.17517191 -1.0059862 0.3929215 -0.4209189 0.7384133 0.18922417 -0.1054222 -0.4302317 -0.1434824 -0.41480225 0.093579456 0.16407667 0.0062294514 0.5671258 0.014918614 0.2669967 -1.5219274
489 -0.0996687 0.46251914 0.019402666 0.6410522 -0.3549586 -1.1162674 -0.7011604 -0.18952365 -0.6939009 0.12538809 -1.0859312 -0.46693105 0.73444587 0.12975356 0.61483794 0.444058 -0.15394905 0.1960225 0.014209002 0.6878385 -0.27336144 -0.20416425 -0.4846457 -0.72589934 -0.1966337 0.6994323 0.1889247 -0.51509553 0.015759775 -0.31556654 -0.14307635 0.8612479
1375 0.40414113 -0.71231586 -0.036588658 0.7460692 1.1804048 0.41475 0.1439507 0.4958968 0.010702157 0.2603484 -0.057359584 -0.06476594 0.7341163 0.4072248 0.65760803 0.48148257 -0.25294706 -0.9128637 -0.73450583 -0.6148927 -0.6983225 -0.44457155 -0.5060127 -0.55798715 0.12397781 0.20136417 -0.5071343 -0.46844763 0.25960848 -0.23885363 -0.3105566 0.049395323
1289 1.2616569 -0.03656139 0.45555288 0.42003825 -0.114667594 0.3173884 -0.059188753 0.3551609 -0.83367574 0.9096309 -0.24269193 0.002337201 -0.80411744 1.4896784 0.65510696 1.9225237 -0.10154852 -0.29104877 0.14519036 0.46139416 0.600967 0.32848716 0.06930661 0.08616128 -0.14705229 0.8791044 -0.0028751057 0.8812928 -0.5005754 0.0271072 -1.4601334 -0.29302338
275 0.18253787 -1.0986875 0.15885091 0.28107342 0.31676397 0.22899781 -0.37058446 0.29427534 -0.22787973 -0.07484891 -1.2767886 -0.88874316 -0.42764565 0.6479882 -0.12364806 0.2090912 -1.1300812 0.41292435 -0.38142014 0.7783539 0.12706351 -0.1306257 -0.35916564 -0.14732242 -0.44048065 0.032974545 0.15961891 -0.06241537 0.60058445 -0.007872757 0.28582868 -1.4929386
484 0.06868492 -0.9628075 0.34716472 0.24906817 1.3584324 0.44383696 0.27506906 -0.14839272 -0.21342446 0.06752141 -0.62848514 0.048084415 0.81561065 -0.27250892 0.32855523 0.6473187 -0.27186948 -0.3872141 -0.546191 -0.3700792 -0.3478243 -0.14105675 -0.52971995 -0.60088754 -0.08680709 0.22896026 -0.8723851 -0.045584347 0.12132716 -0.24604182 -0.99942386 -0.08321404
245 -0.0669529 0.5214969 -0.21914786 0.45395315 -0.3020082 -0.8091858 -0.616029 -0.07583123 -0.7455886 0.17117079 -0.79245734 -0.6035467 0.5248932 0.079166986 0.6964936 0.54396105 -0.21433936 0.3621954 0.12731571 0.51615375 -0.09846166 -0.068887904 -0.5071806 -0.6015757 -0.3126506 0.7493665 0.10033344 -0.6315621 0.069472745 -0.48159263 -0.14107034 0.88424164
724 0.00040373387 -0.2813933 0.66546327 -0.29761508 -0.12783617 -0.06728759 0.4579821 0.065158024 -0.06955155 0.73944974 -0.5234342 -0.9156026 0.7781329 0.5460701 0.48281828 0.17709492 -0.9841461 -0.36256966 -1.4432268 -0.07878448 0.094246894 0.17730553 0.54846674 0.4289872 -0.1587307 0.84366465 0.6820235 -0.2999895 -0.29615766 -0.4498564 -0.06886571 -0.22885704
1291 -0.8342377 0.26106742 0.8329021 -0.054387875 0.07662071 0.35728112 0.64968085 0.18595253 0.43448123 0.43233642 -0.25569287 0.4666462 0.09061897 0.15805802 0.8287507 1.0454458 -1.5286927 0.47097078 0.096098356 -0.11761697 -0.40261137 -0.7336409 -1.3301481 -0.057949428 0.18330505 0.4680249 0.39488927 0.51798266 0.22820562 -0.15200207 -0.106165 -0.39281863
1126 1.0731279 -1.1213969 0.64988405 -0.4841626 0.25190464 -0.8068301 -0.18560311 0.8430633 -1.1457746 0.84084386 0.10869343 -0.9041254 0.097832575 0.47108454 0.7316535 -0.49185446 -1.2205687 -0.24681984 0.6692994 -0.15440524 0.52930504 -1.252339 -1.7421353 0.13106354 0.5474998 0.98474586 -0.41325063 0.27366817 -0.33629 0.15440868 -0.7236726 0.24140239
1246 -0.13554953 -0.34707013 0.65521705 -0.30130166 0.004136941 -0.281023 0.4662645 0.1486499 0.17928213 0.6486513 -0.31428874 -1.4497076 0.6004255 0.67130244 0.9736778 -0.0066928673 -1.1702036 -0.19080848 -1.2012559 0.086607024 -0.10409184 0.060004517 0.5901907 0.98784214 -0.442441 0.38242674 0.5138211 -0.24030273 -0.22719713 -0.6275206 -0.5327266 -0.08519493
1310 -0.7736022 0.16353233 0.8145812 -0.06752037 0.07361236 0.4302587 0.71568185 0.14788964 0.44563776 0.38945946 -0.39988658 0.46755654 0.057975847 -0.0066365846 0.8225875 1.1813222 -1.4410291 0.5015085 0.106363945 -0.07059618 -0.3086054 -0.6216262 -1.3679723 0.089151144 0.26890668 0.531426 0.5112071 0.40595645 0.2390511 -0.09563346 -0.19470249 -0.405502
1137 1.0767134 -1.1039962 0.6168133 -0.6409694 0.35437185 -0.883754 -0.3159257 0.98389846 -1.0524795 0.98791105 0.051737998 -0.84214735 -0.009010818 0.4307561 0.6034154 -0.44592145 -1.2037274 -0.0054897596 0.6850696 -0.27199435 0.573084 -1.1569073 -1.7372643 0.12584653 0.24749531 1.0189267 -0.4318232 0.088200726 -0.19361828 -0.012370254 -0.805447 -0.056955565
471 0.21071789 -1.1618915 0.15710375 0.2919539 0.28889355 0.270514 -0.41330624 0.1886225 -0.25158942 -0.12545858 -1.2242937 -0.8606527 -0.36521432 0.63993657 -0.10973678 0.17216147 -1.0890187 0.4413872 -0.37740824 0.8087839 0.075423755 -0.08750005 -0.36209756 -0.12397792 -0.43912026 0.1229443 0.12332217 0.01397515 0.54816824 0.003057341 0.30374473 -1.5415229
1276 -0.20316255 -0.7903593 -0.32500294 0.7989193 1.2822524 0.47158843 0.2662399 0.5294026 -0.06365758 0.13104229 0.016352776 0.12708081 0.5768987 0.15460674 0.96555066 0.26370806 -0.20885041 -0.6235853 -0.9208181 -0.42153025 -0.29050326 -0.37352034 -0.39186203 -0.7045647 0.06433942 0.60509515 -0.69313174 -0.24877885 0.18405616 0.080769435 -0.5529857 -0.014927179
1202 1.1242985 -1.0328155 0.7612104 -0.51833683 0.34572983 -0.7859616 -0.35202628 0.90720296 -0.99429774 0.95229465 0.11831998 -0.81791335 0.022103427 0.48650014 0.5927563 -0.5314338 -1.2634873 -0.12283123 0.7278852 -0.2210605 0.6326027 -1.1686617 -1.782733 0.18919674 0.2979849 1.0451711 -0.45636302 0.031796798 -0.22410934 0.13720351 -0.7137286 0.06397788
805 -0.80611604 0.2972996 0.86271137 -0.10589467 0.12999386 0.46620095 0.6926831 0.23889278 0.38693044 0.4016916 -0.28405944 0.4058424 0.10572633 0.11528301 0.81990474 1.0139921 -1.4587971 0.47011352 0.14807245 -0.056961365 -0.39771077 -0.587565 -1.2408235 -0.025627121 0.11259462 0.47888362 0.3869303 0.44360504 0.2235677 -0.07288101 -0.1352298 -0.4142776
833 0.21750985 -0.75840026 0.20110811 0.7963869 1.1262531 0.26075336 -0.08759563 0.4441009 -0.18384644 0.25638852 -0.35280544 -0.04324301 0.37616917 0.6294292 0.6630563 0.7701609 -0.19905832 -1.1675249 -0.92816037 -0.902909 -0.82938796 -0.52190477 -0.5758181 -0.48600674 0.26581594 0.06644861 -0.65614533 -0.50592035 0.406057 0.18286306 -0.5817073 0.14628792
1103 -0.021588359 -0.77087915 -0.3349543 0.7450333 1.261941 0.46404842 0.30623484 0.6345418 -0.11536716 0.23561819 0.04634304 -0.06365743 0.6490549 0.1664588 0.7615542 0.26666436 -0.17617533 -0.73567045 -0.7324031 -0.48415303 -0.42671248 -0.4113393 -0.3108069 -0.63783973 0.12630536 0.42162266 -0.44667614 -0.37421948 0.12222997 -0.1386346 -0.47764382 0.04147124
477 -0.111103274 0.45549673 -0.07679321 0.5884546 -0.36510777 -1.1049633 -0.5882571 -0.18748851 -0.68375474 0.1369531 -1.0497589 -0.5217042 0.6168341 0.121145986 0.6399292 0.49246022 -0.19285521 0.21185319 -0.044882208 0.652768 -0.3258903 -0.18881102 -0.46705762 -0.7013564 -0.20275912 0.67640746 0.18921973 -0.46592307 0.06902714 -0.34699327 -0.16039123 0.91161317
286 0.56099117 -0.756717 0.2769234 0.80789465 1.3485588 0.48846146 -0.07843505 0.2498795 -0.050283927 0.32854453 -0.44185734 0.12627034 0.55576056 0.64570063 0.6190324 0.6291721 -0.17340931 -1.221197 -0.86182904 -0.7539485 -0.67202365 -0.36295122 -0.70924383 -0.38625368 0.20659713 0.123920165 -0.526863 -0.5805887 0.41948843 -0.05079055 -0.26164296 0.061640456
1138 1.1052558 -1.1295292 0.72669506 -0.66848665 0.33986017 -0.8377211 -0.34981582 0.9619791 -1.0500661 1.065267 0.082737476 -0.873745 0.025862053 0.45388743 0.6441986 -0.47379744 -1.245484 -0.043119185 0.75862294 -0.24888551 0.60089475 -1.1480291 -1.820621 0.1821371 0.20206395 1.0845845 -0.46527943 0.094980985 -0.23200732 0.06502934 -0.73508716 -0.027419997
585 1.0443715 -1.0443008 0.61443543 -0.34474507 0.051356647 -0.83940226 -0.33089253 0.8790326 -1.387781 0.5509863 -0.20245554 -0.7270043 -0.10694078 0.34753087 0.3945985 -0.10460789 -1.2807058 -0.16231246 0.75371736 -0.54175645 0.5056953 -1.232867 -1.2668105 -0.14651716 0.8865156 0.6886741 -0.18253525 0.28890818 -0.5877977 0.29434568 -1.1333324 0.3292528
1379 0.088535905 -0.88683796 -0.27815494 0.69201565 0.97242063 0.5559351 0.120785795 0.6712382 0.06542823 0.40711716 -0.15725338 -0.07763379 0.67675406 0.39101443 0.70050853 0.41148642 -0.20123108 -1.1005893 -0.61241645 -0.58557075 -0.673635 -0.47436082 -0.38679382 -0.58229774 0.048112262 0.34020272 -0.514782 -0.48206082 0.27235928 -0.22129482 -0.5344656 0.12059297
780 -0.773991 0.22726198 0.8684821 -0.12688561 0.037083298 0.38820252 0.624122 0.14024466 0.45560658 0.37905777 -0.2841447 0.39662167 0.090658374 0.064548105 0.8417278 1.0032513 -1.4277153 0.43976906 0.1914404 -0.021376422 -0.33650345 -0.6456856 -1.2949357 -0.010948956 0.11156863 0.51539844 0.36367607 0.47765568 0.20867737 -0.088901155 -0.14626327 -0.40897092
712 0.54060733 -0.7889931 0.20823444 0.7826568 1.2441248 0.36384192 0.012325128 0.4340342 0.05764308 0.3120726 -0.23267956 -0.006331165 0.7228937 0.67788094 0.6106066 0.64472544 -0.17901096 -0.9044213 -0.77933943 -0.78332245 -0.74343944 -0.610792 -0.5487824 -0.5348704 0.12030577 0.13638513 -0.7380855 -0.45992675 0.28066647 -0.27734062 -0.2649534 -0.041888285
627 -0.0017020712 -0.08022958 0.10854072 0.35954064 -0.41076538 -0.4579559 -0.5853195 0.13783379 -0.7296538 0.27289438 -0.5237685 -0.1594679 0.6221288 0.3342876 1.1714095 0.3978788 0.051287748 0.5732552 0.10534644 0.97650284 -0.025435748 0.0062980186 -0.4255786 -0.46394774 -0.29951432 0.55348235 0.1873628 -0.46938708 0.23682834 -0.32183334 0.32774052 0.8265064
315 0.15263188 -1.1050833 0.12693402 0.30792594 0.26204365 0.25566843 -0.33934915 0.28092954 -0.2174457 -0.116382614 -1.217945 -0.8140659 -0.37136483 0.636888 -0.13508949 0.22648095 -1.0334096 0.41160142 -0.4121071 0.72558 0.13202202 -0.123807184 -0.34868452 -0.1520222 -0.50428724 0.029770534 0.15051793 0.04461206 0.6268817 0.011099745 0.28805614 -1.5246642
1257 0.3536752 -0.8037217 -0.08195366 0.70909405 1.1646321 0.39923826 0.17121239 0.5464351 -0.0025098776 0.36350796 -0.1781908 -0.08227013 0.7364608 0.42755347 0.6318682 0.49805853 -0.1920769 -0.991549 -0.71270305 -0.63005507 -0.72446877 -0.5714384 -0.48470813 -0.5482405 0.09088829 0.21774097 -0.5372784 -0.47005078 0.22620389 -0.26151642 -0.37755397 -0.0053835637
1104 -0.8255345 -0.85523546 -0.3198771 0.50062865 0.5157381 0.027510053 0.004399282 -0.99106544 -2.3143172 1.2869376 0.9031846 0.3088503 0.47481355 0.374613 0.3056809 0.45311457 -2.0960722 -0.15669267 0.2616199 0.09974931 1.1563715 -0.6741591 0.4094662 -0.042550515 0.2930072 0.08135528 0.42599943 -0.45061678 1.2631975 0.6881322 -0.6206108 -0.08543679
1026 -0.7955002 -1.023435 -0.042657837 0.9478214 0.9692035 0.27380127 -1.07093 0.40342078 -0.22442959 0.19603896 -1.2245232 -0.829589 -0.3821806 0.7518872 0.30970952 0.1765909 -1.212684 0.47403896 -0.15272154 0.795865 0.06338693 0.2690961 -0.18684909 -0.38667098 0.33991042 0.14340754 0.033873837 0.01740979 -0.19530693 0.5552795 -0.015618027 -1.0468693
476 -0.060674656 0.54862416 -0.21327665 0.45915508 -0.23374593 -0.81833786 -0.57181954 -0.08923391 -0.7121396 0.100725666 -0.76626617 -0.5772574 0.525516 0.11124129 0.6810035 0.5534322 -0.22124992 0.32772526 0.12573345 0.51447326 -0.10186923 -0.10961028 -0.49206492 -0.5959027 -0.29571614 0.70816076 0.11409953 -0.5723709 0.09523691 -0.43905357 -0.18758568 0.9330662
131 0.10724496 -1.0587919 0.18224639 0.33940881 0.34344986 0.20638245 -0.4492699 0.28763053 -0.1869905 -0.14267644 -1.2337891 -0.849982 -0.41317266 0.6394508 -0.066671625 0.24903895 -1.0969491 0.43025395 -0.40813905 0.7120004 0.14328943 -0.09034325 -0.38748595 -0.19371592 -0.4046728 0.012703736 0.12026479 0.008122033 0.5833198 0.018784845 0.30685487 -1.4977813
575 1.1495476 -1.0319475 0.6726562 -0.46557838 0.25703716 -0.7520608 -0.083158635 0.6290034 -1.0072963 0.7677477 -0.05849894 -0.9166904 0.21930182 0.2768331 0.8268945 -0.55931664 -1.164086 -0.15630023 0.6459775 -0.08038982 0.49092376 -1.19914 -1.7086126 0.17608836 0.68456525 0.9462343 -0.46253166 0.39655173 -0.34425277 0.28170222 -0.6099079 0.2886407
1131 -0.1114847 0.24007754 -0.06530252 0.3806025 -0.35552472 -0.64808285 -0.60325354 -0.006264411 -0.73052424 0.3071322 -0.65791744 -0.3147496 0.6080421 0.43576238 0.83106756 0.5502374 0.12283417 0.47756776 0.1144114 0.7370264 -0.1607289 -0.082263246 -0.4703474 -0.49534294 -0.1698573 0.62685686 0.10510054 -0.45971704 -0.013657246 -0.24985011 0.19025522 0.73834395
222 -0.1091308 0.45838022 -0.051884867 0.63153774 -0.3418217 -1.0439479 -0.6499139 -0.18109865 -0.5818159 0.079885975 -1.0323063 -0.47755474 0.7563867 0.13567027 0.5905545 0.4704152 -0.21203344 0.23638459 0.03295703 0.65854114 -0.2593417 -0.21331055 -0.49474677 -0.7246821 -0.29761997 0.66390663 0.24296133 -0.5143061 0.08083792 -0.26121798 -0.15477058 0.8699816
1258 1.1548786 -0.95555484 0.57904273 -0.6001799 0.31677833 -0.7387788 -0.31841627 0.89263225 -1.0084798 0.95017534 0.121477194 -0.7997584 0.020069951 0.4980128 0.62904084 -0.5066716 -1.2251749 -0.078811236 0.6825727 -0.27505738 0.5749327 -1.1047391 -1.7674607 0.17295484 0.25031403 1.0256509 -0.44561213 0.033533406 -0.20117523 0.11495625 -0.7508863 0.054333787
958 -0.713972 0.12505947 0.8737974 0.0023969035 -0.0623063 0.48766077 0.5994721 0.19529365 0.45086157 0.4134322 -0.37886202 0.49789977 0.039550167 0.01036908 0.8510311 1.0859922 -1.4293114 0.45448336 0.1532715 -0.15233089 -0.29443893 -0.71933025 -1.3266076 0.07575092 0.22313264 0.61435133 0.59459513 0.4333769 0.22436172 -0.123341724 -0.16801128 -0.4768872
814 0.10189619 -0.80616546 -0.137362 0.6265026 0.8061934 0.58601856 0.04015108 0.5609706 0.09500043 0.5883393 -0.272534 -0.09608659 0.5822651 0.5258169 0.56605816 0.3619938 -0.15353945 -1.1691343 -0.5245855 -0.5270962 -0.7136872 -0.4739434 -0.44891497 -0.41408354 -0.028963247 0.24916756 -0.58698666 -0.492442 0.37184358 -0.31681564 -0.6282101 0.10585917
786 1.0756005 -1.2132182 0.6504022 -0.5364379 0.25676748 -0.8333426 -0.17292354 0.92607117 -1.0476869 0.8976078 0.0003907117 -0.8392355 0.050942723 0.43268386 0.7013513 -0.45740733 -1.2712103 -0.16683516 0.70657486 -0.15073535 0.5588891 -1.2746347 -1.8135341 0.15478955 0.5536746 1.0268745 -0.402731 0.22005993 -0.31940064 0.1145331 -0.7567099 0.13801277
649 -0.21353292 -0.7667962 -0.31443194 0.79732215 1.2182173 0.5049416 0.2640064 0.5234204 -0.09148439 0.15295085 -0.01254986 0.13463591 0.6306188 0.22182888 0.9211625 0.3401788 -0.16725807 -0.6321242 -0.91811824 -0.46058342 -0.31098792 -0.38620612 -0.3987838 -0.6096058 0.09760851 0.49898157 -0.69771916 -0.20612212 0.23227566 -0.0032973788 -0.48234817 -0.013606024
294 -0.006256169 -1.0045017 0.32108024 0.22416046 1.231417 0.4171221 0.27080002 -0.11002341 -0.21410729 0.040354148 -0.6561638 0.11019947 0.85672045 -0.23054959 0.32512575 0.55995446 -0.27976337 -0.45408592 -0.4677662 -0.28349215 -0.36452135 -0.15186824 -0.5348304 -0.55448157 -0.10269518 0.20064552 -0.8416032 -0.027394313 0.14973745 -0.19641063 -1.0785232 -0.036727373
1244 -0.034979034 -0.0947154 0.12677808 0.46648878 -0.4410707 -0.46271467 -0.62418604 0.121643126 -0.7903946 0.17457926 -0.47709125 -0.1608821 0.6357249 0.37392223 1.238992 0.30803487 0.03300934 0.5655408 0.08897209 0.9866376 -0.023564002 0.079347126 -0.34929985 -0.46117285 -0.32303086 0.52006364 0.13289285 -0.3749426 0.28653038 -0.35743105 0.31381366 0.8937444
842 -0.071112335 -0.05931701 0.011977273 0.458534 -0.4124842 -0.40673012 -0.62520194 0.07592557 -0.75412303 0.1639102 -0.49850768 -0.213175 0.6964299 0.45065778 1.0992845 0.38261238 0.04192994 0.5499906 0.12439275 0.9253924 -0.06603128 -0.014506333 -0.38799486 -0.43463722 -0.2564174 0.5576093 0.14599916 -0.39315188 0.18559924 -0.3157658 0.26884112 0.87433
513 0.24511322 0.00040205423 0.15910314 0.7319916 0.37276116 0.40231708 -1.3448641 -0.67568916 -1.1133648 0.4908217 -0.2493258 -0.5843552 -0.38841394 -0.3265504 1.1124119 0.062115833 -0.97974426 0.7193059 -1.0277863 -1.3281316 0.15207738 -0.10680104 -0.9437133 -0.21114638 -0.6545266 -0.82269114 0.7971236 0.8303205 -0.6940855 -0.73433095 -0.8467374 -0.063070685
1247 1.1639568 -1.0258348 0.7133865 -0.5819511 0.35710174 -0.7463197 -0.26261184 0.8568708 -1.0033373 0.9000743 0.0637018 -0.906319 0.043300718 0.4808208 0.6565953 -0.55689186 -1.2436075 -0.08976089 0.7332181 -0.15020017 0.5768102 -1.1621081 -1.7027034 0.16477571 0.33696035 1.0342308 -0.44669777 0.079916745 -0.25756255 0.14408049 -0.674936 0.042437233
684 -0.028277107 -0.7630871 0.7986166 0.7190079 0.64622283 -0.6172064 -0.5242896 0.14362185 -0.66220397 0.11028399 -0.40945876 -0.50482047 -0.0453776 -0.46091846 1.1640455 1.2444869 0.27131566 -1.0987058 -0.13532968 0.47615752 0.7765744 -1.3365189 0.13382474 0.5806342 -1.3213537 -0.19106327 -0.20093453 0.29367247 -0.66176677 -0.4369644 -0.021343786 -0.8691561
519 0.50900406 0.067333974 -0.58266336 -0.72254086 0.8513285 0.22173034 -0.9507639 0.46274933 -0.68556434 0.85554594 -0.7147356 0.53258985 0.68100315 -0.6248579 1.0049405 0.7133091 -0.8729686 -0.28499755 0.32351726 0.2417323 -0.47565362 -0.98891026 0.67249924 0.2926139 0.09840623 -0.23208652 -0.1328367 0.80113965 -0.8212602 0.4717913 0.10441321 -0.23627597
1046 -0.14830895 -0.8420424 0.13272473 0.3829862 1.2218157 0.39670795 0.28768623 0.028826984 -0.22866799 0.019484866 -0.5043179 0.071267456 0.7398716 -0.15089792 0.4543407 0.5288531 -0.19106238 -0.46859992 -0.6439769 -0.3564501 -0.29877853 -0.21108522 -0.4837839 -0.6128678 -0.052147586 0.29993007 -0.82599217 -0.018064644 0.16607635 -0.0732812 -0.89472306 -0.025368722
793 -0.026806002 -0.35581607 0.7533687 -0.28105637 -0.004963748 -0.31822634 0.42881233 0.13529003 0.08755196 0.5979028 -0.32486814 -1.3552257 0.7331028 0.6950419 0.95547444 0.030891998 -1.0944699 -0.06833698 -1.2577994 0.022374535 -0.04980878 0.13633831 0.67993325 0.8193702 -0.2707578 0.4529846 0.48730373 -0.21133164 -0.2392383 -0.71133506 -0.4457776 0.012948463
307 -0.2769551 -0.67102593 -0.42370355 0.8269145 1.1568564 0.6336349 0.09952737 0.590674 -0.042379834 0.34530863 -0.054487795 0.03272169 0.50788665 0.27943408 0.98971224 0.19881389 -0.16356741 -0.75903815 -0.7597934 -0.4729665 -0.3876545 -0.27754822 -0.325968 -0.56680894 -0.011513865 0.57314146 -0.81035656 -0.3616704 0.26960415 -0.081521235 -0.68662685 -0.060471527
1064 0.20489317 -0.22615053 0.023076877 -0.4119032 0.8669803 -0.11044779 -0.20546032 0.23320869 -0.705301 0.8664367 -0.59198046 0.18225013 0.78134096 -0.5886051 0.89968514 0.8145677 -0.4991234 -0.8576528 0.5898857 0.4412961 -0.36094862 -0.5260665 0.31034252 0.66015804 -0.30881873 -0.27607816 0.049712595 0.48613968 -1.1632888 0.13837467 0.6451784 0.11649047
509 0.08317676 -0.23237523 0.7921181 -0.38756272 -0.18831512 0.13683239 0.13946898 0.008520241 -0.052839287 1.0708328 -0.49758115 -0.8132183 0.7484273 0.49491277 0.63025206 0.43614665 -0.9752314 -0.40214628 -1.5019404 -0.24977565 0.248069 -0.074768655 0.75575495 0.57584906 -0.20344451 1.02297 0.65418893 -0.5005035 -0.3718451 -0.17386068 0.047847413 -0.20461807
364 -0.111250125 0.4206971 -0.020879226 0.5928623 -0.3540007 -1.0544305 -0.6268364 -0.18988034 -0.6409236 0.12390442 -1.0235051 -0.51706403 0.6412789 0.14571947 0.64830005 0.46941823 -0.1594648 0.24489656 -0.009573493 0.6326907 -0.25526983 -0.19684361 -0.4211865 -0.6796155 -0.21465395 0.6821876 0.21716778 -0.4791966 0.049762722 -0.28584582 -0.15087187 0.89504296
835 1.1313518 -1.0576708 0.70974845 -0.49364346 0.334243 -0.8249552 -0.27976155 0.8582807 -0.9975698 0.937336 0.16175191 -0.8058509 0.061281692 0.4920487 0.7144992 -0.559292 -1.2113389 -0.08166622 0.6586251 -0.26247746 0.67211604 -1.1882088 -1.8140781 0.19726364 0.3384227 1.0464301 -0.4613228 0.10594473 -0.18856974 0.14925836 -0.73039347 0.022206705
526 0.386834 -0.36807185 0.5071818 1.7906514 0.3941311 0.19948074 -1.895649 -0.3449759 -1.346194 0.71398014 -0.36149457 -0.63450897 -0.19983011 -0.645433 1.1388353 -0.16664791 -0.5619196 0.96586406 -0.7665109 -1.8705283 0.15095699 0.081734926 -0.7263081 -0.32440168 -0.20624997 -0.75552154 0.86083055 1.0796477 -0.7917302 -0.8472554 -0.7797071 -0.18806782
815 0.18313381 -0.764688 -0.08214496 0.7599586 0.9521543 0.5516552 0.052474942 0.505017 0.005361111 0.6032638 -0.3062028 -0.16070579 0.6497123 0.5434847 0.58189046 0.44763514 -0.103719786 -1.2129238 -0.6075705 -0.6377877 -0.6955444 -0.4712734 -0.48137617 -0.45249644 0.05656858 0.20457457 -0.6494185 -0.5199652 0.28612947 -0.38538325 -0.54736 0.06480355
365 0.20286886 -0.7066227 0.13316253 0.707632 1.021025 0.21805234 -0.1444374 0.49085203 -0.256417 0.2850006 -0.44101936 -0.121578805 0.28587776 0.6134362 0.5947808 0.7644758 -0.14918086 -1.2476379 -0.8829256 -0.92024285 -0.8435781 -0.56369585 -0.4798312 -0.516793 0.23790003 -0.019099977 -0.6252726 -0.45960686 0.5036468 0.20279872 -0.5983257 0.25002787
433 0.48526987 -0.49761492 0.23805888 0.756825 1.1284986 0.3661439 -0.07116188 0.15657786 -0.05130666 0.39080188 -0.2408271 -0.02301736 0.42243826 0.6373101 0.6912022 0.5768559 -0.2614867 -1.0098015 -0.9879734 -0.6206154 -0.85279953 -0.50218666 -0.7364246 -0.5204165 0.12644465 0.033963185 -0.78131944 -0.43398014 0.51405317 -0.06225707 -0.33653697 0.11137321
992 -0.698874 0.058901228 0.8150371 0.056524187 -0.14805599 0.41475856 0.41368735 0.21787922 0.50775564 0.4316195 -0.5627294 0.6951073 0.01127004 -0.027727854 0.8876624 1.2272619 -1.5542847 0.3950804 0.17501459 -0.1755098 -0.30542678 -0.75304043 -1.3587079 0.2079374 0.61236846 0.666982 0.7981314 0.2672758 0.30211538 -0.32492334 -0.26630133 -0.4603713
1254 -0.008901739 -0.02529107 0.12050598 0.42922693 -0.36262575 -0.46245018 -0.6091528 0.10106607 -0.7828889 0.26859435 -0.5002253 -0.2533474 0.6178153 0.32188466 1.1273341 0.343736 0.051251628 0.53249234 0.11119566 0.99177814 -0.046959538 0.011515483 -0.4074066 -0.4757135 -0.3044731 0.54493785 0.12290651 -0.42240635 0.22083344 -0.31278598 0.27241698 0.8423112
499 0.27714792 -1.1886473 -0.34530666 0.5179592 0.6490859 0.4187838 -0.45437792 0.053592477 -0.32388467 -0.098064184 -1.4053998 -0.7772053 -0.17216149 0.5352412 -0.47548544 0.03613617 -0.85208964 0.14263749 -0.17098664 0.9154976 -0.20467088 -0.14548583 -0.36014175 -0.24494784 -0.33009493 0.37420017 0.109767884 0.3393195 0.17957956 0.058595415 0.027328307 -1.4833848
1127 -0.6801174 -0.87406355 -0.42312577 0.32324153 0.57272357 -0.015351122 -0.085297614 -0.99829537 -2.1975226 1.2704029 0.7600782 0.2608364 0.33759984 0.42455548 0.29700786 0.445421 -2.1342192 -0.16209038 0.23773052 0.05404125 1.3282205 -0.5237235 0.3682515 -0.06687481 0.28691792 -0.059391353 0.39555496 -0.5392155 1.2594469 0.77243406 -0.8494432 -0.08572915
454 0.1292092 -1.0357184 0.19547136 0.2720692 0.34567556 0.2870013 -0.44794014 0.2309431 -0.19492714 -0.08609029 -1.275602 -0.8581464 -0.45810175 0.64655155 -0.10169826 0.21131037 -1.0890275 0.40532434 -0.34185863 0.75715184 0.18024921 -0.12167384 -0.38188803 -0.13864997 -0.41142556 0.07886657 0.1415914 -0.056688633 0.5945827 -0.0027299738 0.23469894 -1.3911386
1049 -0.6787205 0.110927016 0.797883 -0.046212822 0.022637531 0.5674757 0.5844316 0.24824926 0.4311741 0.3776947 -0.45282304 0.45099777 0.058146693 -0.098998554 0.8395531 1.1692305 -1.3247745 0.4451889 0.21458498 -0.12604235 -0.25094882 -0.53906655 -1.2936425 0.1456296 0.35953948 0.6140364 0.64088035 0.3089478 0.24732167 -0.20943709 -0.24479298 -0.48716682
381 0.22507936 -1.1195072 0.15526003 0.26234204 0.28267327 0.3244778 -0.35850477 0.21948932 -0.23414479 -0.13564152 -1.187462 -0.9024999 -0.38454545 0.6098218 -0.15733932 0.22313994 -1.0459996 0.36308208 -0.39157957 0.7833668 0.1555988 -0.1332646 -0.37150317 -0.19130455 -0.5139132 0.098898984 0.089818165 0.024554804 0.5780598 -0.018948482 0.3022331 -1.4493328
1053 -0.7565563 0.1542983 0.81062156 -0.051507078 -0.029116726 0.45944372 0.62118596 0.1591631 0.42937878 0.45676047 -0.35338596 0.48818198 0.03580603 -0.020335352 0.8881603 1.0846589 -1.3964467 0.45864174 0.16379507 -0.060388427 -0.31679955 -0.6671008 -1.3428701 0.1338228 0.26586342 0.60061365 0.5116927 0.36459413 0.25150135 -0.091954574 -0.20832054 -0.40741467
569 0.18659599 0.47679392 -0.5383867 0.14984654 0.21666236 0.7933682 -1.133272 -0.31702653 -0.41273466 0.60054916 0.22052047 -0.9331841 -0.17570736 -0.110054925 0.5998526 0.96566874 -0.8043557 0.24837765 -1.2739319 -0.22355351 -0.4573789 -0.16993016 -0.9833528 -0.049452115 -0.46961576 -0.40034798 0.8794216 0.9536478 -0.3756436 -0.0976054 -0.3224571 0.42048833
1082 -0.017982416 -0.073320374 0.10080461 0.5104602 -0.47370443 -0.42156732 -0.6295089 0.15140577 -0.72168726 0.14763029 -0.44577298 -0.12969755 0.7050515 0.41599423 1.1930553 0.29366946 -0.021130167 0.51763517 0.03456284 1.0382342 0.0018875091 -0.05855745 -0.40879855 -0.44247207 -0.3512475 0.52801204 0.12852132 -0.39326942 0.2973496 -0.32544973 0.35476443 0.8826284
507 0.060515523 -0.22169551 0.83235216 -0.30889273 -0.1599797 0.17989758 0.1482472 0.067521445 -0.025549507 1.0285895 -0.42361328 -0.83587444 0.7770516 0.5679047 0.6104177 0.3893747 -0.9773999 -0.3273699 -1.5489497 -0.18329847 0.22474098 -0.082896195 0.7887394 0.56273174 -0.17576392 0.94215566 0.6435981 -0.43831533 -0.4475801 -0.16943735 0.09257663 -0.25084633
465 -0.11160006 -0.88374674 0.18387066 0.4264295 1.3066993 0.45780754 0.30913988 -0.07476628 -0.13006349 -0.014634604 -0.46774888 0.19292167 0.77765846 -0.18264127 0.5650351 0.47263634 -0.2827792 -0.49884766 -0.70009166 -0.2699056 -0.2540754 -0.15002504 -0.54567015 -0.6018659 -0.11089907 0.35895753 -0.8314471 -0.0679927 0.21833073 0.027593356 -0.9058289 -0.034144398
1039 -0.37604544 -0.36886817 0.26182407 -0.576282 0.5639585 0.20895877 -0.042408854 0.4085241 0.52952486 1.3763031 -0.7904974 -0.82651174 1.7006222 0.4756254 1.0462203 0.3485616 0.70681554 -0.09240932 -0.10452205 0.5664492 1.2124473 -0.24743983 -0.44783834 -0.86920714 0.3320541 -0.52225035 1.0026112 0.9316439 0.78408986 0.88641685 -1.469292 -0.60103995
1094 -0.03409547 -0.07202924 0.052481305 0.37858394 -0.34707448 -0.41699278 -0.62908775 0.059006814 -0.71571 0.27697268 -0.51578873 -0.21300134 0.59235805 0.3631271 1.1098698 0.36854213 0.07630022 0.54782337 0.15041694 0.919866 -0.015287712 0.031573396 -0.4051743 -0.46215403 -0.32487214 0.55316895 0.1609653 -0.42534378 0.22379108 -0.2377195 0.29252693 0.8346828
1370 -0.1994277 -0.72257763 -0.20878108 0.730387 1.2591813 0.5038504 0.30547377 0.38084126 -0.0955632 0.18561544 -0.065153286 0.09439193 0.62998134 0.09322351 0.85451084 0.25845668 -0.2007561 -0.54539454 -0.81527865 -0.3915995 -0.2447418 -0.26237026 -0.43105972 -0.6630925 0.066539295 0.47082216 -0.70738447 -0.2130947 0.22078681 0.03909866 -0.5553642 0.0008086898
432 0.42262542 -0.48551568 0.21243176 0.8348442 1.2907424 0.37191373 -0.062191773 0.22113052 -0.1415977 0.37865245 -0.25897205 -0.015018003 0.38346535 0.6846006 0.7837423 0.626784 -0.21421316 -0.98834836 -1.0619972 -0.6932947 -0.86811906 -0.535033 -0.72196144 -0.504262 0.18510994 0.055927634 -0.8536313 -0.4356346 0.5517976 0.012708786 -0.335699 0.087009944
1111 1.1549954 -1.0120503 0.70285875 -0.6335105 0.30850103 -0.7183291 -0.27675766 0.8141282 -1.0019116 0.912122 -0.03247866 -0.8362775 -0.05026204 0.37799332 0.6797528 -0.4825245 -1.1988437 -0.14355011 0.7002055 -0.29449475 0.56836146 -1.0235939 -1.8317139 0.14307599 0.33020452 1.0859741 -0.37754834 0.06458173 -0.20416334 0.25022116 -0.7295311 0.06422288
837 1.0925835 -1.0955962 0.561776 -0.59045273 0.23590992 -0.89604926 -0.22427227 0.86824393 -1.2101185 0.84821194 -0.004021678 -0.86389434 -0.0809575 0.47117367 0.69542617 -0.41284811 -1.2227113 -0.3054101 0.70733327 -0.38478202 0.35135934 -1.1645492 -1.7504958 0.06073623 0.44025233 1.0146598 -0.3826719 0.17042261 -0.30093163 0.31770176 -0.9457727 0.1847938
1160 -0.7830947 0.19532935 0.89422536 -0.077574536 0.02005626 0.3844405 0.5892439 0.1432637 0.4532869 0.41766295 -0.35888964 0.49685574 0.039632846 0.1322866 0.8450293 1.0490994 -1.4709215 0.4841846 0.15784003 -0.109876156 -0.3533648 -0.6717301 -1.2851267 0.026061753 0.20653386 0.5359775 0.49743226 0.5052312 0.19626768 -0.18985832 -0.1593941 -0.4111419
883 0.17095421 -0.2727046 0.59207714 -0.2473626 -0.24451108 -0.055486724 0.4051955 0.04001345 0.009277622 0.68969285 -0.46528134 -1.0320351 0.84212464 0.4597829 0.69211686 0.07560203 -0.9749434 -0.20616858 -1.3751166 -0.13633062 0.09552674 0.35716623 0.47977695 0.31988505 -0.120996535 0.80413944 0.632649 -0.23773724 -0.086225025 -0.63043207 -0.0099002365 -0.19438882
1327 -0.036581088 -0.112390436 0.08235784 0.43204412 -0.41934457 -0.4319056 -0.6503603 0.09640276 -0.7473317 0.21510081 -0.4682828 -0.21759683 0.6583435 0.3238586 1.1364324 0.36693218 0.06906355 0.572574 0.12353058 0.88980216 -0.04156317 -0.022655692 -0.38459536 -0.3947234 -0.32304886 0.5945662 0.13816123 -0.4227229 0.20892012 -0.25917733 0.28751922 0.86037916
1014 -0.91381836 -0.86009264 0.18115279 0.8422495 1.1371328 0.7328859 -1.137675 0.59998596 -0.36877617 0.11218246 -1.6949468 -1.0857811 -0.61037344 1.0886291 0.06534772 0.34330845 -1.4415883 0.24512303 0.09368685 0.9474395 0.5226405 0.0030847252 -0.3801635 -0.50265646 0.32957417 0.05257406 0.10071296 -0.2679167 0.024272816 0.39230797 0.18614703 -0.6883931
4 1.2108082 0.58271027 0.2598582 2.7257338 -0.2491986 -0.19119313 -1.8050137 -1.435531 -0.696952 1.2053272 -0.7118465 0.42118987 0.050498042 0.41318735 1.0551995 -0.78231776 -0.65195984 -0.14437029 -1.9467707 -0.9674513 0.9166248 -1.4106569 -2.1110587 -0.42980286 -0.14116587 -0.74555796 0.74537826 0.86066395 -0.11263489 -0.6564214 -0.6216158 -1.2388438
785 -0.5678292 0.6841858 1.1522238 0.11188496 0.22616297 0.6879188 0.24636796 0.8505237 0.07377082 0.38812342 -0.17553256 0.21515444 0.23750842 0.152118 0.7245716 0.42802367 -1.2343035 0.36690685 0.41849473 -0.16640614 -0.5985075 -0.5850678 -0.6786579 -0.31982052 -0.3174507 0.525334 0.5469826 0.48984194 0.17007868 -0.3291433 -0.43759224 -0.6178476
1001 -0.9793078 -0.5075432 -0.7421782 0.00047211256 0.48434997 -0.5768363 -0.9424436 0.18744673 -0.6969028 0.08381984 -0.8389404 -0.5797647 1.3695616 0.81907785 0.5052851 0.73137146 -0.9062537 -0.5558762 0.047112063 -1.3397007 1.2495832 0.81663877 -0.60636014 0.49603117 -0.68322885 1.4840773 -0.5423186 1.789481 1.1605875 -1.109299 0.3667309 -0.2586309
396 -0.13358107 -0.920045 0.14588673 0.40092257 1.2850529 0.44060606 0.27394736 -0.023818875 -0.17608719 -0.02795205 -0.49847874 0.23926839 0.69019574 -0.17839032 0.60876673 0.43593585 -0.2785642 -0.4250268 -0.6897006 -0.22853637 -0.18685636 -0.15259147 -0.52155346 -0.59799385 -0.120776124 0.37021902 -0.9296907 -0.046454426 0.18418229 0.024149444 -0.9175187 -0.077682346
165 -0.74475527 0.21065636 0.8335522 -0.06920203 0.018411944 0.45841372 0.5366637 0.099975824 0.4255578 0.40627626 -0.40827018 0.56208026 0.02007848 0.02539522 0.8798624 1.0549017 -1.4440762 0.442465 0.15799579 -0.079377286 -0.31333464 -0.68965113 -1.360914 0.08775553 0.2544843 0.64925647 0.5535121 0.40266466 0.22477211 -0.21346726 -0.22129983 -0.4182376
930 -0.15921073 -1.0765152 0.06803949 0.64565283 0.5296005 0.19194047 -0.57998407 0.38496915 -0.1431704 -0.056433816 -1.2433546 -0.8563065 -0.42770725 0.5718402 0.13896763 0.19777605 -1.1677878 0.48161432 -0.3812975 0.7961314 0.11208071 -0.0063718325 -0.24160278 -0.1485579 -0.031050496 0.10293053 0.13413371 -0.06315905 0.37298083 0.2460235 0.16341037 -1.3979917
960 -0.7061035 0.10362291 0.8037933 -0.025433408 -0.008932357 0.51832736 0.5885866 0.24682617 0.4687609 0.43707702 -0.37267905 0.53209364 0.034822546 -0.046427608 0.863548 1.1580782 -1.4068686 0.46388638 0.1475607 -0.110934064 -0.3158637 -0.67050654 -1.325294 0.1442723 0.33746472 0.6002586 0.63737 0.3362833 0.25833482 -0.21362357 -0.18727563 -0.45194852
190 -0.054188777 0.11103278 0.03654312 0.3081401 -0.3569409 -0.6373792 -0.5669839 0.016554272 -0.6930097 0.35691163 -0.6649258 -0.21047027 0.5234269 0.32660767 0.8970708 0.44906577 0.10162938 0.55900747 0.09727917 0.74610835 -0.058643274 -0.103500634 -0.4585391 -0.51866245 -0.34775862 0.6357892 0.18545897 -0.49480036 0.12623054 -0.20324017 0.14337985 0.734156
1083 0.26162726 -1.0394384 -0.018632855 0.4604327 0.43046167 0.33566797 -0.5330681 0.1427089 -0.19385947 -0.18414013 -1.2857329 -0.72203916 -0.27242738 0.63855445 -0.20151603 0.20149983 -0.9743316 0.36092234 -0.28926823 0.7278751 0.05392641 -0.15845257 -0.32458588 -0.20479432 -0.3221639 0.120690145 0.013825148 0.21994956 0.32647935 0.11296287 0.23006488 -1.3804529
529 0.821605 -0.042334247 -0.29663846 -0.84925807 0.57177734 0.22906844 -1.4522672 0.5403735 -0.4413765 0.40354553 -0.7357385 0.40435642 0.91689545 -0.60117316 1.3329927 0.7866847 -0.972292 -0.09760611 0.3273052 0.1776268 -0.3105803 -0.91714066 0.808608 0.5440542 0.32847106 0.019223513 -0.30605453 0.61365247 -0.69700164 0.23010798 0.29978713 -0.10959957
1329 -0.18616606 -0.8319892 0.021931844 0.53314966 1.2227666 0.4358348 0.29170778 0.16185063 -0.15413086 0.1070923 -0.27276435 0.083396815 0.6276193 -0.04917737 0.63795274 0.46269512 -0.13879901 -0.4566374 -0.7564232 -0.40278256 -0.3154454 -0.30708915 -0.43795097 -0.60962343 0.025515303 0.39161685 -0.83191013 -0.07511375 0.21192805 -0.017618397 -0.7925952 -0.068443246
495 0.11718374 -1.120455 0.16340625 0.29375684 0.2711072 0.23651733 -0.41831622 0.3147624 -0.20748967 -0.17014426 -1.2558318 -0.83201313 -0.42007953 0.6401734 -0.09040259 0.24633199 -1.0753669 0.37342933 -0.35524887 0.80288583 0.12027501 -0.08711002 -0.38846126 -0.14729527 -0.3997606 0.05924674 0.15085058 -0.039475206 0.5621336 0.06372397 0.21683773 -1.4507784
1174 -0.7705569 -0.9851987 0.027844816 0.9998049 1.0791312 0.17551756 -1.0811491 0.52230495 -0.19067287 0.20134653 -1.321362 -0.8877542 -0.46528044 0.8527974 0.37516522 0.19388478 -1.2536204 0.5535067 -0.17275085 0.7214304 0.06815355 0.31049323 -0.1498687 -0.39630398 0.40821654 0.1052488 0.022688132 -0.08214606 -0.07402841 0.5684511 0.06648683 -1.0570387
1050 1.4521831 -0.11499258 0.38100654 -0.12661247 -0.39529434 0.61050373 -0.20824197 0.26627237 -0.20291749 0.6133087 0.48565143 -0.45529142 -0.25749573 1.9740579 0.63978267 1.4179436 -0.5652124 -0.38827077 0.84073305 0.8302066 0.18281779 0.2028575 0.22796346 -0.010120016 -0.76624495 0.8302352 -0.12445503 0.9097659 -0.11903581 0.17983924 -1.0449979 -0.5729025
1349 -0.136452 -0.7824787 0.0027566093 0.56434643 1.2216812 0.41497266 0.29643065 0.13817297 -0.14545742 0.06443402 -0.3336623 0.08278621 0.6924048 -0.07990541 0.66099 0.38301206 -0.1836906 -0.5136636 -0.72679853 -0.33562088 -0.24234352 -0.17556809 -0.46340305 -0.6389636 -0.003746906 0.4001143 -0.81504 -0.12660924 0.23258972 -0.026373906 -0.7375694 -0.04310539
685 -0.6784899 0.86452174 0.9579297 0.11564274 0.88432753 0.49702862 0.58284485 0.63448393 -0.15572824 0.10203041 -0.09360154 0.12815525 0.3227791 0.07379049 0.64591986 0.7840703 -1.2252614 0.46371445 0.44951963 -0.20902589 -0.4349447 -0.38172862 -0.8735068 -0.22525114 0.0437565 0.3945313 0.74132055 0.31672454 0.0226466 -0.42917058 -0.23242618 -0.57787865
622 -0.05512606 -1.1597264 -0.26561478 0.598849 0.9139326 0.21674848 -0.58407074 0.24059226 -0.25135884 0.06444468 -1.186025 -0.80162406 -0.29135227 0.4417436 -0.059113115 -0.05960415 -1.0161852 0.34820053 -0.08254612 1.0629952 -0.21206124 0.1252524 -0.1422719 -0.2060861 0.08693692 0.33369294 0.20917222 0.119024254 0.056692977 0.040132087 -0.14242782 -1.1008877
959 -0.74129856 0.1366189 0.90730923 -0.021741077 -0.02332323 0.45809713 0.60346335 0.15368605 0.48655456 0.4511782 -0.3317999 0.51008976 0.0975739 0.033194624 0.8688416 1.105032 -1.4429392 0.4726274 0.15230897 -0.114048064 -0.31450805 -0.6533023 -1.3093748 0.14448102 0.27161014 0.5691327 0.5438836 0.4010271 0.3019148 -0.15439045 -0.15007602 -0.50442445
1078 1.1823764 -0.92844146 0.80638117 -0.5454611 0.36742225 -0.6561576 -0.112587 0.6785171 -1.0443573 0.85692894 -0.013511429 -0.8249237 0.03218784 0.33251673 0.68504655 -0.53866917 -1.1473004 -0.26338267 0.6671631 -0.15580136 0.597245 -1.0839885 -1.8258785 0.16191858 0.43991235 1.0557679 -0.40494278 0.07243257 -0.24845858 0.19576992 -0.5600922 0.049457096
1013 -0.7677253 0.33119643 0.8972313 -0.18473229 0.13039875 0.33458975 0.7322838 0.13078469 0.3977585 0.32891983 -0.3369197 0.40723455 0.097209 0.18945721 0.80743736 1.0068332 -1.5230316 0.44298485 0.16607024 -0.10508309 -0.3129468 -0.7107855 -1.2913588 -0.14142068 -0.06933943 0.45474446 0.3058873 0.6603309 0.088514 -0.001822751 -0.11071813 -0.44352072
927 0.99408364 -1.129938 0.52926755 -0.5927814 0.17711195 -0.84216386 -0.23669653 0.88212633 -1.2756861 0.78878856 -0.13465376 -0.9765075 -0.10348317 0.36512247 0.62215984 -0.28585535 -1.2255472 -0.39656618 0.7444076 -0.44481906 0.31074232 -1.1436399 -1.6656165 0.038168307 0.5839605 1.0068568 -0.36400265 0.07319593 -0.37351045 0.34215927 -1.0536804 0.2381936
1109 -0.123138934 0.23827285 -0.058375195 0.38542363 -0.3427268 -0.6914349 -0.51904243 0.051043015 -0.709046 0.2692925 -0.71361125 -0.3330046 0.5948233 0.35049158 0.8650445 0.5272055 0.051649947 0.43639714 0.027024552 0.79232347 -0.14543287 -0.09197591 -0.44102842 -0.51366496 -0.2511005 0.5793665 0.16007273 -0.50291574 0.041706167 -0.31004733 0.15232617 0.7902529
995 1.0808626 -1.019122 0.71302056 -0.6014844 0.34104368 -0.7736532 -0.2970023 0.87722015 -1.0052154 0.9872592 0.08089016 -0.7781942 -0.076708056 0.4462547 0.55328774 -0.43478218 -1.2219024 -0.12721378 0.6962594 -0.23410589 0.68962604 -1.0966955 -1.717187 0.1446675 0.24719745 1.0059423 -0.39637086 0.017867133 -0.17321508 0.08283776 -0.75546527 -0.04330408
543 -0.12436055 -0.26776227 0.6257936 -0.37078533 -0.019335667 -0.28833556 0.3933475 0.07649854 0.2983689 0.72169286 -0.42599213 -1.3532648 0.5278989 0.63816655 1.0461233 0.024524705 -1.159217 -0.15551823 -1.205807 -0.022732606 -0.079275094 0.08921958 0.5713692 0.9434146 -0.33572072 0.42762157 0.46583125 -0.20375006 -0.11544917 -0.5423526 -0.46111274 0.01830081
1211 -0.59645313 0.7771468 0.8856474 0.11850566 0.7475182 0.47301558 0.5631445 0.6548393 -0.00800735 0.09288497 -0.10404447 0.14369498 0.27063257 0.13996197 0.5563964 0.7629419 -1.2211814 0.5337809 0.41320166 -0.28583333 -0.40554652 -0.55580413 -0.949091 -0.27878335 -0.10616747 0.33306488 0.6217792 0.5015305 -0.06011321 -0.3907902 -0.25374684 -0.53168225
270 0.20830686 -0.7361974 0.017723246 0.732369 0.72130674 0.53958803 0.1805392 0.09030388 -0.10556301 -0.14820904 -0.26629096 0.081672326 0.7771429 0.626143 0.7236943 -0.016606314 -0.55401385 -1.0884356 -0.5516874 -0.3194414 -0.47225794 -0.45893043 -0.42577192 -0.71038425 0.190336 -0.10477972 -0.580407 0.15852451 0.41247097 -0.13134319 -0.57258546 0.2785772
271 0.23823977 -0.7047063 0.021708809 0.7966506 0.7894225 0.5920173 0.14774834 0.18217634 -0.11743051 -0.16600591 -0.29249105 0.011802915 0.74173754 0.7218172 0.7112781 0.010340689 -0.5418737 -1.1180768 -0.50746727 -0.36250964 -0.43883213 -0.4580208 -0.38592717 -0.7471554 0.251716 -0.08844452 -0.6079733 0.08271269 0.40982693 -0.14732653 -0.55445707 0.32859284
1383 1.0493335 -1.0163053 0.5341502 -0.5499004 0.30870324 -0.7277764 -0.13503645 0.7982354 -0.9750736 0.8717903 0.06285131 -0.85248405 0.06091364 0.43976957 0.6617501 -0.5397131 -1.1719358 -0.08996757 0.55115485 -0.17287178 0.5018751 -1.1513202 -1.7439684 0.1388345 0.39631963 1.0278503 -0.45748994 0.20942327 -0.23599985 0.102109574 -0.7047165 0.091072746
1153 -0.5410578 -0.91870606 -0.12074303 0.8923734 0.8875596 0.28614166 -0.93913186 0.4535712 -0.10461556 0.07982098 -1.2636824 -0.83368194 -0.24415766 0.54943377 0.2255895 0.12474251 -1.2088858 0.60585797 -0.09967142 0.82903415 0.10007348 -0.034818254 -0.16191462 -0.35790476 0.28802666 0.0463918 -0.03842304 -0.060158506 -0.0828159 0.5144285 -0.1359763 -1.0192287
1233 -0.35190132 -0.16683841 0.33709505 -0.37773022 0.6008571 0.4070012 -0.1811585 0.2690686 0.67018604 1.3599397 -0.68982273 -0.6224198 1.4374776 0.45975545 1.1110913 0.35092375 0.7322319 0.00371061 0.11081161 0.46625012 1.2212046 -0.2849105 -0.35463178 -0.7054727 0.19688885 -0.26233473 0.88888216 0.748095 0.8061236 0.8709738 -1.4048736 -0.6611293
1332 0.02954424 -1.048791 -0.103706196 0.6621062 0.5234501 0.24802469 -0.6422604 0.13433842 -0.15189953 -0.021290246 -1.2452817 -0.7224964 -0.25142285 0.588474 -0.015332544 0.12847516 -1.026637 0.38255173 -0.2452018 0.7358804 -0.10202578 -0.036578782 -0.3068821 -0.19306962 -0.067056865 0.12524696 0.023313006 0.15208973 0.11255336 0.2831712 0.1735536 -1.4204124
804 -0.7471602 0.1504935 0.8254922 -0.057713713 -0.07872208 0.49119106 0.6352615 0.22197899 0.5089216 0.4159732 -0.39281017 0.51553386 0.0585484 -0.021398198 0.8448379 1.0810193 -1.445278 0.41401067 0.118455596 -0.09386669 -0.2731066 -0.7349584 -1.3210062 0.051957466 0.16105987 0.59617245 0.50594586 0.45754313 0.218843 -0.08512358 -0.21310866 -0.39396963
623 -0.14712436 -1.1282219 -0.29715073 0.6311856 0.7558831 0.19002344 -0.6291477 0.24934982 -0.15691188 0.058117602 -1.0654287 -0.7735146 -0.25426522 0.42237753 -0.015863404 0.034399394 -0.986348 0.37437436 -0.1455055 0.82877636 -0.07602861 0.07777789 -0.21273124 -0.21105315 0.14109239 0.17202052 0.10004719 0.0759271 0.012523728 0.1608982 -0.18034664 -1.1440432
775 -1.1663059 -0.36224672 -0.6113457 -0.14344954 0.65410984 -0.58079505 -0.94062746 0.020136584 -0.7684527 -0.016034162 -0.78400475 -1.0190613 1.2579226 0.8048848 0.37134746 0.8970223 -0.9413571 -0.5183883 -0.021757206 -1.2627367 1.31779 0.9272571 -0.6410604 0.35684884 -0.48257113 1.2232746 -0.77288246 1.8681746 0.96045864 -1.3236554 0.38280335 -0.27256542
1146 -0.2193796 -0.7901497 -0.07055915 0.59913146 1.3260725 0.49944186 0.26091468 0.19525187 -0.16261624 0.041338705 -0.24746887 0.16059648 0.6454409 -0.030308904 0.73966306 0.436396 -0.120135516 -0.5107167 -0.8421654 -0.41374537 -0.20157538 -0.24498904 -0.4545446 -0.63236886 -0.024425296 0.4736157 -0.7997678 -0.112259515 0.1956237 0.071450375 -0.7746982 -0.021684196
985 -0.055616498 -0.024205832 -0.07880298 0.66395575 -0.11713722 -0.4326238 -0.6252155 -0.2590109 -0.46595874 -0.24128717 -0.62235606 -0.22116886 0.79043376 0.5295279 0.9038361 0.30489317 0.0064463946 0.5276628 0.18418254 0.5278356 -0.09222322 -0.4458076 -0.16072509 -0.22277987 -0.32037428 0.7264562 0.34970087 -0.3373855 0.20300448 0.1649995 -0.041157395 0.954928
772 0.2916772 -0.7494885 0.31995484 0.7024213 1.2870557 0.2227597 -0.046179075 0.19829589 -0.16141275 0.5297789 -0.5204245 0.2809768 0.48060268 0.8103971 0.6200298 0.6396337 -0.15442403 -1.1307247 -1.0312688 -0.669457 -0.78112507 -0.54313016 -0.71027833 -0.36723387 0.06048819 0.03642454 -0.78177845 -0.5556961 0.3967814 0.093115844 -0.503824 -0.09531917
338 -0.31001377 -1.0467865 -0.42107382 0.7089959 0.7428273 0.26934415 0.026433274 -0.90884227 -2.2831938 1.3162589 0.8961726 0.42291734 0.66139054 0.31449655 0.35453773 0.22098993 -1.8854973 0.17207062 0.34419486 0.20047775 0.8115619 -0.38601983 0.51763254 0.24556959 0.4755691 -0.19905825 0.40778518 -0.041174773 1.2583883 0.87278163 -0.7761266 -0.21710463
1317 0.02204459 -0.00632583 -0.040896703 0.6220338 -0.18745416 -0.3992376 -0.65254116 -0.23221712 -0.41980284 -0.22049516 -0.5571114 -0.17963667 0.77314997 0.5754501 0.9227286 0.27725586 0.0010718552 0.554608 0.16417585 0.5894044 -0.110233605 -0.4667448 -0.19771306 -0.14244667 -0.33657172 0.6730113 0.27682826 -0.3717878 0.22887523 0.1625223 -0.015223271 0.9278603
21 -0.1966645 -0.35469586 -0.29177818 -0.39089704 0.9872637 -1.4618423 -0.79172665 -0.70459276 0.30895945 0.74232024 0.019521749 0.11657939 0.116460145 0.45801663 0.33043355 1.7566375 -0.5826293 -1.125041 0.065791406 0.6681401 0.47159776 -1.3530519 0.54700917 -0.74133134 0.6515595 0.21834646 1.4107395 -0.62504345 1.0441447 -1.0594202 0.24428855 -1.0105327
817 -0.5070416 0.7828644 0.9119658 0.17827478 0.76897097 0.5431345 0.6753744 0.7884789 0.022700958 0.10016555 -0.11800526 0.053822625 0.27093986 0.08554383 0.5506582 0.81173694 -1.214716 0.53335583 0.36651874 -0.2928666 -0.41761446 -0.62111855 -0.8626526 -0.28327414 -0.120058104 0.372273 0.7477838 0.40290174 -0.010311942 -0.4150575 -0.27703714 -0.51740766
139 -0.19814157 -1.4074757 -0.30237928 0.67201984 0.7485269 0.23668078 -0.06959791 -0.734877 -2.2403047 1.6591066 0.95186883 0.6065479 0.566219 -0.07623053 0.5190776 0.17082909 -2.0268314 0.40791368 0.56933695 0.29485092 0.83675814 -0.23354584 0.63042325 0.09243355 0.34849447 -0.13742758 0.5748183 -0.07299128 1.2000108 0.9074638 -0.8549933 -0.13790567
1225 -0.010657953 -0.36109334 0.77694017 -0.29138494 -0.10485078 -0.020379603 0.3628706 0.14032133 -0.12692976 0.8140735 -0.32162926 -0.9026329 0.90878636 0.56925124 0.572082 0.2087171 -0.8979835 -0.3562895 -1.4463835 -0.12618098 0.15503885 -0.048669882 0.67937434 0.5108517 -0.23425438 0.88250273 0.6959729 -0.26266107 -0.49322116 -0.41880628 -0.002420255 -0.16571409
843 0.38857082 0.5714816 -0.1399419 -0.9054734 0.44717574 0.19806786 -1.5554558 0.67413944 -0.9668504 -0.60081804 -0.01029623 -0.12620042 1.0402906 -0.39604473 1.0957671 0.40893084 -0.82899094 -0.3990238 -1.1159472 0.8155816 -0.14622495 -0.352324 -0.48979187 0.812257 0.6153514 -0.26468033 0.13031144 0.39405042 0.24669228 0.39449623 -0.6194079 -0.41537347
1324 -0.137023 0.2915244 -0.12927069 0.45730296 -0.3136525 -0.7352683 -0.6070842 -0.011664613 -0.7098035 0.19143347 -0.70785534 -0.37645411 0.6305027 0.23151328 0.80317146 0.5567031 -0.0067003905 0.46950617 0.08339579 0.68830246 -0.13879454 -0.038865305 -0.47334516 -0.57386786 -0.22216444 0.6444588 0.12576476 -0.4562069 0.080097534 -0.31786987 0.007805932 0.81492263
1371 -0.1750609 0.31183738 -0.12615219 0.38967085 -0.24726944 -0.6595653 -0.6408057 0.056365527 -0.82540554 0.18730016 -0.7325504 -0.31783435 0.679596 0.36202028 0.7328499 0.5476879 0.14716682 0.5072995 0.13744015 0.6865057 -0.15527259 -0.08942788 -0.42307702 -0.48457843 -0.22382608 0.69362646 0.115838535 -0.4473027 0.022533588 -0.36201876 0.046835378 0.81454283
515 -0.9029052 -0.95066863 0.0058030095 0.8762567 1.079984 0.46515125 -1.0884643 0.48098448 -0.2828098 0.18767098 -1.4169225 -0.9376917 -0.5115005 0.93817943 0.20800853 0.22728723 -1.2851244 0.38940772 -0.001850822 0.9327156 0.21896113 0.1521265 -0.3226205 -0.4407428 0.38779265 0.15127015 0.030691773 -0.10892391 -0.07736281 0.48705757 0.035314724 -0.83140796
1368 -0.14857182 -0.80194575 -0.2007168 0.6425255 1.1787735 0.48497635 0.2773957 0.35865942 -0.106222026 0.134712 -0.10744071 0.10834823 0.62452865 0.026658714 0.77843696 0.2974439 -0.1914606 -0.64013153 -0.7768536 -0.3780436 -0.25610775 -0.2595731 -0.4220424 -0.6880184 0.058708698 0.48063824 -0.6490535 -0.17748803 0.19433928 0.028729897 -0.59732985 0.03950763
209 -0.16378868 0.36530468 0.10103465 0.6247198 -0.29031155 -1.0301216 -0.72939235 -0.32291296 -0.69221085 0.14381935 -1.0192659 -0.3967125 0.78432053 0.18031698 0.5895103 0.36284998 -0.027174225 0.24498975 -0.02074717 0.70111036 -0.33076426 -0.22078247 -0.45433098 -0.62676466 -0.2434199 0.71962386 0.13265766 -0.41482213 0.0035386023 -0.2613652 -0.19696091 0.8092475
1232 0.14780968 -0.87920344 -0.011521634 0.8010769 1.1539214 0.34014317 0.10218056 0.55240184 -0.14353079 0.18237384 -0.21032801 -0.04212013 0.51006746 0.37806505 0.6946795 0.60552186 -0.1515872 -0.96148926 -0.79555213 -0.74138534 -0.6228435 -0.46456653 -0.46210188 -0.5989554 0.18632933 0.22918525 -0.57981455 -0.4543538 0.25089264 0.014654975 -0.5169206 0.11599501
991 -0.15769844 -0.20691633 0.6984722 -0.27137634 0.09876478 -0.32554132 0.53267986 0.14507987 0.092540495 0.673364 -0.33940408 -1.4520179 0.64776284 0.73061025 0.9451905 -0.014907195 -1.1253202 -0.14977632 -1.2036806 0.06403042 -0.052978795 0.07622234 0.61577237 0.8900004 -0.3891545 0.34577215 0.48418832 -0.25361407 -0.19376832 -0.6788467 -0.45392644 -0.028342832
1023 -0.47775584 0.75990105 0.9049195 0.20708716 0.7934515 0.5919706 0.41768247 0.812728 -0.16159071 0.20956366 -0.23285806 0.26257393 0.25429317 0.05814076 0.6081889 0.5888219 -1.1767346 0.3715784 0.5085835 -0.33982405 -0.4796327 -0.35784328 -0.61850756 -0.18596567 0.057184305 0.50448513 0.99068177 0.20584327 0.16711587 -0.47962177 -0.40225574 -0.65087694
1115 -0.23536405 -1.144547 -0.28810447 0.59962106 0.9707026 0.25080866 -0.587488 0.23906824 -0.21211515 0.02570493 -1.1428704 -0.837178 -0.3235444 0.38042605 -0.035801105 0.018704118 -1.0334125 0.23482886 -0.02528217 1.0057688 -0.13789983 0.21099778 -0.21038574 -0.24963143 0.09098768 0.28206378 0.2131482 0.040129874 -0.070367694 0.01142012 -0.22009398 -1.1044912
579 0.011198687 -0.35957032 0.77536577 -0.30388737 -0.108722426 -0.05102459 0.34138194 0.10694798 -0.04891485 0.8044434 -0.35766494 -0.90534765 0.85042274 0.5391624 0.5650213 0.19778492 -0.9549275 -0.29848042 -1.4870021 -0.08352529 0.12760556 -0.008852709 0.67726666 0.48477644 -0.23593624 0.8959895 0.68630767 -0.27422312 -0.44036567 -0.3950308 -0.04018171 -0.18540926
1271 -0.15647538 0.3024791 -0.13497397 0.40813592 -0.317146 -0.7032275 -0.62449586 0.018382322 -0.7316097 0.15456313 -0.7141968 -0.35344952 0.70071566 0.33899108 0.72149926 0.6076592 0.052511025 0.45493677 0.13145283 0.6410928 -0.145288 -0.09054073 -0.480086 -0.5254418 -0.21306534 0.6303718 0.16690221 -0.49347317 0.008593943 -0.31762487 0.075460374 0.795867
1318 -0.023812637 -0.13804372 0.014664301 0.55387753 -0.2863567 -0.37948337 -0.6873533 -0.057097018 -0.54846555 -0.024850216 -0.49499267 -0.0782478 0.8039809 0.5278518 1.0170792 0.3019072 0.063966334 0.5573987 0.1926334 0.77611214 -0.037425578 -0.23954028 -0.34902364 -0.28805783 -0.3493231 0.579199 0.19238035 -0.37229183 0.2587693 -0.1400376 0.18062098 0.9417653
1294 -0.120129496 0.27560845 -0.122635186 0.37660187 -0.24979869 -0.70777327 -0.6319619 -0.022658398 -0.7305208 0.16849992 -0.7096751 -0.3685024 0.66416943 0.38788664 0.7172792 0.54843366 0.08302566 0.47970748 0.117025584 0.69001037 -0.1304506 -0.08419204 -0.44769257 -0.4954297 -0.12897278 0.63149446 0.08732541 -0.45781332 -0.007519911 -0.3493962 0.041234955 0.79015744
904 -0.7947002 0.427058 0.97028553 -0.13619076 0.10646394 0.335423 0.58172685 0.25687805 0.42571574 0.31231883 -0.19958326 0.34689915 0.1316509 0.365266 0.7347866 0.7873797 -1.5870361 0.4340439 0.18554744 -0.1235962 -0.4563297 -0.80924743 -1.1903471 -0.27111515 -0.20052291 0.3777706 0.24976765 0.7168754 0.043193262 -0.04996972 -0.14954385 -0.3995637
650 0.113388196 -0.7885408 -0.2720066 0.63142425 1.1486751 0.4889916 0.21613017 0.56497383 -0.01036986 0.2693145 -0.036833826 -0.08724384 0.6597698 0.19928183 0.7326518 0.327725 -0.17284481 -0.8207764 -0.6617762 -0.5284544 -0.5168627 -0.41988763 -0.37032685 -0.5841135 0.074753195 0.31186265 -0.52807355 -0.35874924 0.19777851 -0.20812818 -0.52303195 0.015689615
1241 -0.74619913 -0.89976424 0.0071992744 0.95280904 1.0442562 0.36599824 -1.025564 0.5157827 -0.17148948 0.16597494 -1.3522364 -0.89329594 -0.49226695 0.7644286 0.28815764 0.21469331 -1.2179389 0.48127335 -0.06270305 0.79396415 0.17870636 0.19484937 -0.22572751 -0.3435676 0.383101 0.11293309 0.02333281 -0.11897041 -0.04650991 0.4900911 -0.0010781878 -0.89232624
1163 -0.7943068 0.29195082 0.90686375 -0.15964806 0.09303118 0.3706978 0.6787214 0.23730771 0.41777405 0.3364443 -0.27535874 0.4183633 0.097136796 0.12934849 0.85910046 1.036554 -1.4952892 0.4335576 0.15585716 -0.09986302 -0.38748297 -0.7150779 -1.3659528 -0.1415065 0.07245292 0.46183515 0.35122827 0.5634604 0.2065255 -0.064559996 -0.18283673 -0.41249537
862 -0.6052859 -0.9158243 -0.08125459 0.9077601 0.94660836 0.22766882 -0.99344456 0.34256947 -0.11751779 0.09733869 -1.2107952 -0.7908921 -0.29248676 0.582902 0.24028797 0.22334638 -1.1460422 0.5832205 -0.11681557 0.78095627 0.03724916 0.21660012 -0.16975188 -0.3229976 0.33696768 0.15039453 -0.057732437 -0.07000135 -0.126781 0.4516764 -0.076371066 -1.0083473
768 -0.39458597 -1.1310831 -0.19051631 0.7095857 0.8394988 0.27665207 -0.7884726 0.30064186 -0.15445912 0.16529484 -1.1017869 -0.8871624 -0.32118812 0.5955696 0.041026603 0.028939126 -1.1221317 0.3202079 -0.04714917 0.94401515 -0.19184418 0.2224013 -0.23751132 -0.29465434 0.19834647 0.2505681 0.1371803 0.042563397 -0.056291297 0.30168813 -0.16574799 -1.0373802
1322 -0.04514546 -0.06877615 0.12310431 0.5349373 -0.43439555 -0.39777872 -0.62069535 0.06392164 -0.6879121 0.08946235 -0.50710195 -0.13506949 0.6998666 0.48805368 1.1236242 0.244326 -0.0042689745 0.48439947 0.062901475 1.0539796 -0.016653731 -0.15787871 -0.32447582 -0.42973194 -0.38217703 0.54338795 0.15143868 -0.32882008 0.27123445 -0.32551605 0.27730364 0.9226382
1376 -0.016040511 -0.12389725 0.02365705 0.55905116 -0.25620818 -0.36635867 -0.6158077 -0.026453057 -0.50145376 -0.09519204 -0.48216373 -0.16340756 0.7171627 0.44689694 1.0619351 0.28602383 -0.00090700766 0.5845754 0.13810867 0.7647445 0.0018782753 -0.32363343 -0.21953304 -0.2507472 -0.39278123 0.56716126 0.26747608 -0.43219954 0.30840635 -0.08200211 0.12350021 0.9548377
1105 1.073477 -0.96585697 0.54337496 -0.37432262 0.069512226 -0.7451529 -0.16829601 0.766737 -1.2765195 0.5649593 -0.17825551 -0.7012207 -0.0213117 0.3145199 0.44345626 -0.1761666 -1.3078471 -0.18957573 0.72948796 -0.4511629 0.58164066 -1.1864823 -1.3990926 -0.14350362 0.75189835 0.71226656 -0.24370155 0.2061661 -0.55539757 0.29352582 -1.0223367 0.2023454
1300 -0.8811772 -0.90509456 0.10191117 0.79168904 1.0022333 0.5999055 -1.0979307 0.52653474 -0.25788382 0.14475194 -1.3899688 -0.9961194 -0.49352846 0.9291824 0.10365291 0.31952187 -1.3561693 0.33385816 0.07232654 0.97639203 0.28403014 0.13304608 -0.34891793 -0.4957838 0.25176597 0.033434097 0.06543049 -0.15302318 -0.031235153 0.40873015 0.0841946 -0.78091985
1141 -0.2559775 -0.7752098 -0.08102317 0.6186111 1.190551 0.4959293 0.29281908 0.19999693 -0.14656782 0.06897375 -0.27183333 0.16186033 0.6215833 -0.031115763 0.7382388 0.3522603 -0.17745318 -0.52011365 -0.68566346 -0.3531604 -0.21123174 -0.1770552 -0.42521065 -0.6313538 -0.03251439 0.46971533 -0.78431576 -0.112490065 0.21727195 0.046677034 -0.7587 0.029140556
1022 -0.38820043 -0.21856555 0.28023502 -0.5140814 0.58149576 0.24924746 -0.094949454 0.33232436 0.5149606 1.3137804 -0.5205967 -0.7418596 1.4294285 0.53701246 1.1068603 0.29130548 0.56202555 -0.010014903 0.05778103 0.4045157 1.2501531 -0.21465564 -0.36022025 -0.9837173 0.22209372 -0.4704465 1.0114676 0.8441394 0.6357687 0.7473086 -1.471348 -0.6425622
727 1.3544251 -0.08823798 0.4754229 0.16348436 0.08787167 0.41436931 0.15631495 -0.0029872754 -0.55849874 0.7681696 0.031569827 -0.09761426 -0.621508 2.034724 0.9176195 1.8216438 -0.25531214 -0.24805716 0.55770487 0.7182726 0.15840106 0.78311896 0.08393823 0.3398507 -0.40113294 1.077361 -0.06319909 0.7620072 0.00017778455 0.061049096 -1.1652977 -0.48212856
1222 -0.022971421 -0.09508401 -0.0027397713 0.54067683 -0.28048488 -0.36303627 -0.5979291 -0.051064946 -0.576606 -0.08766177 -0.48292893 -0.2004251 0.6979748 0.5475931 1.0411676 0.32411924 0.013194345 0.5737671 0.16492958 0.76159984 -0.022354923 -0.33027148 -0.22020607 -0.2647014 -0.34942156 0.614594 0.22948006 -0.35798138 0.25323808 -0.009775827 0.10300589 0.97671175
994 -0.07067759 -0.9370409 0.15123335 0.42382526 0.483376 0.16186185 -0.49652842 0.3554232 -0.14701 -0.036141608 -1.2744136 -0.81582737 -0.4550745 0.58475375 0.13236903 0.17733312 -1.1712418 0.49619505 -0.3494028 0.72735065 0.15129939 -0.09364669 -0.260985 -0.149535 -0.14016649 -0.05104794 0.08007857 -0.11149223 0.50464785 0.14711349 0.16664733 -1.3092885
1044 -0.47478443 -1.0758432 -0.16702092 0.71680087 0.9170521 0.28077644 -0.84118605 0.36489168 -0.18720719 -0.0008633577 -1.1947622 -0.76251507 -0.3250923 0.5916991 0.0023901018 0.10123733 -1.0771002 0.3617061 -0.071842104 0.87669647 0.10213147 0.06599051 -0.24069113 -0.28462288 0.24315661 0.20425594 0.17811015 -0.034327958 -0.05456069 0.25742656 -0.15086004 -0.9671777
774 -0.14592499 -0.5296045 -0.23677218 -0.24477187 1.0179875 -1.502748 -0.65072715 -0.64357316 0.014477902 0.57081985 0.02707408 -0.0044065104 0.03460524 0.058767326 0.290388 1.7347047 -0.4942465 -1.1731186 0.17783135 0.5378062 0.33427104 -1.028215 0.54807913 -1.2054496 0.25614566 0.35177085 1.2541538 -0.3185226 0.5517938 -0.9240902 0.13217194 -0.9024685
936 -0.13720337 0.36127046 -0.037888613 0.5660056 -0.28940117 -0.86394584 -0.55904716 -0.10587647 -0.7026893 0.08922698 -0.84260696 -0.43322107 0.6667263 0.17742158 0.73803633 0.45900437 -0.1003157 0.3164663 0.0426463 0.6580302 -0.14410073 -0.09958379 -0.4054787 -0.6506739 -0.26230854 0.691793 0.22809823 -0.48956814 0.10196849 -0.2916018 -0.10702196 0.90380543
956 -0.7089313 0.2995765 0.90596646 -0.033647664 0.08203542 0.38296974 0.6870586 0.37592256 0.48037305 0.16372775 -0.23353343 0.3449796 0.17184311 0.17576104 0.74685943 0.96515447 -1.524384 0.55710006 0.18488085 -0.17738281 -0.4359207 -0.86606747 -1.202936 -0.3014741 -0.18409653 0.42317235 0.31563103 0.7388627 0.05519889 0.018512022 -0.18377532 -0.35157084
1378 -0.10330719 -0.7891825 -0.028689917 0.519012 1.1491958 0.4459462 0.23679951 0.19838387 -0.122586966 0.06817309 -0.29439598 0.08508827 0.6423983 -0.014476108 0.59583646 0.44504967 -0.18621391 -0.5837402 -0.71977735 -0.40610707 -0.33975634 -0.25650167 -0.42589033 -0.5946455 0.027693348 0.37827897 -0.7377096 -0.12709458 0.2093634 -0.004069303 -0.6924652 0.011685297
487 -0.15998365 0.24169256 0.22950752 0.53281075 -0.3737959 -0.8373511 -0.8018994 -0.18542743 -0.7727996 0.2770955 -0.9347977 -0.20825914 0.86373574 0.17567775 0.62156856 0.36278403 0.112087145 0.33047268 -0.012603575 0.8043048 -0.19676784 -0.15068002 -0.57361484 -0.5083989 -0.22423753 0.64593613 0.028116569 -0.41410592 0.013151311 -0.3661813 0.0036937564 0.6558311
670 1.4350675 -0.3083709 0.8199372 -0.8002704 0.45800743 -0.17233424 -0.41013587 0.5714757 -1.037963 0.7246149 -0.14763868 -0.92180496 -0.15931919 0.2753037 0.58751786 -0.3868466 -1.2037318 -0.42594728 0.81317616 -0.38526514 1.0052425 -0.9294559 -1.8052661 0.05039947 0.274202 1.0225707 -0.26984048 -0.436501 -0.26817358 0.43726844 -0.46859464 0.2862931
861 -0.6784115 -0.95317703 -0.008184021 0.9333871 1.0175056 0.22898422 -1.0984695 0.38416043 -0.11011521 0.17776352 -1.2326633 -0.8535167 -0.41469067 0.71826476 0.2961474 0.2287335 -1.2940619 0.47333008 -0.12810023 0.7445796 0.071605794 0.26988894 -0.25166935 -0.39198065 0.38353372 0.071303055 -0.04076922 -0.03675557 -0.20080698 0.513201 -0.008042312 -1.0589044
1279 -0.041673873 -0.0878183 -0.0856734 0.6019551 -0.16301623 -0.45921192 -0.6065084 -0.23103492 -0.4708079 -0.20343693 -0.53026485 -0.22950745 0.7355395 0.5713358 0.9639856 0.29559633 0.015026237 0.57203573 0.19719136 0.56156075 -0.11872592 -0.43287206 -0.15756111 -0.19494052 -0.32338342 0.7076995 0.33958304 -0.30140877 0.20058884 0.16626428 -0.07000958 0.99857306
1159 -0.75066465 -0.9837609 -0.11373036 0.829486 1.0583558 0.21608545 -0.94971806 0.3684554 -0.2521715 0.20570163 -1.2958665 -0.77557343 -0.38474244 0.74800986 0.24752635 0.16950113 -1.0954019 0.4765575 -0.029173529 0.66063106 0.052331384 0.2383009 -0.22128274 -0.3087443 0.5003121 0.16316101 0.04101002 -0.07644213 -0.19258602 0.47251043 -0.06467563 -0.9073737
892 -0.48039782 0.8286162 0.8601222 0.16067526 0.8460205 0.5966888 0.33870462 0.686396 -0.22353414 0.12098274 -0.20724797 0.19907948 0.3090602 0.049937043 0.6131104 0.53796756 -1.1539447 0.34297252 0.57498443 -0.31804824 -0.40638673 -0.11546095 -0.6683889 -0.16651045 0.09405598 0.45102584 0.9901203 0.1767493 0.09833545 -0.46703756 -0.36656052 -0.6552268
1173 -0.87674373 0.39482388 0.92165977 -0.1792407 0.22711912 0.37574437 0.66590416 0.16326249 0.34058636 0.3946591 -0.19758578 0.34888968 0.13992664 0.12067744 0.84796965 0.9890082 -1.4712886 0.49539667 0.16490903 -0.073636614 -0.43471 -0.64017034 -1.266655 -0.09388715 -0.0080846865 0.44296762 0.30529183 0.55800176 0.14057988 -0.081269845 -0.12244345 -0.3754441
630 -0.052332833 -0.087984554 0.108762905 0.5494517 -0.48986655 -0.41394314 -0.6307048 0.072232865 -0.72504145 0.08471656 -0.48695722 -0.10078905 0.7345824 0.47080666 1.1746469 0.3098948 0.033459157 0.4744606 0.03840994 1.0227811 -0.03127744 -0.16285048 -0.37951145 -0.3922367 -0.35321692 0.46594688 0.15056564 -0.30520636 0.28359678 -0.2838918 0.3288235 0.9100423
734 1.2279699 -0.82055026 0.7535376 -0.49022967 0.4947556 -0.64996624 0.0023535157 0.5710459 -1.0310851 0.8321194 -0.047161825 -0.7548901 -0.022297978 0.1629272 0.6483443 -0.52222055 -1.1385641 -0.21785747 0.49965414 -0.14835069 0.57863903 -1.0830601 -1.7539622 0.10196459 0.5381271 1.0843877 -0.40660107 0.07449362 -0.22823721 0.2640472 -0.63358194 0.15301606
1031 -0.48684582 0.76557255 0.92145866 0.07678102 0.53860754 0.5166068 0.3918145 0.68739367 0.06773034 0.1088805 -0.15004021 0.24138199 0.31527597 0.20577048 0.65195674 0.66420525 -1.234502 0.3806029 0.49076113 -0.3231699 -0.3774176 -0.43069473 -0.86448765 -0.29634565 -0.122537434 0.43522394 0.7095483 0.46738574 -0.035859328 -0.31047338 -0.34390205 -0.57988757
1285 -0.0904195 -0.91839844 0.13680482 0.43911442 0.46040985 0.30432793 -0.61836326 0.34818363 -0.19698621 -0.07462915 -1.3082023 -0.8005896 -0.40387282 0.69644094 -0.011984622 0.20227271 -1.0872507 0.39136744 -0.23579574 0.76749086 0.1054585 -0.11808511 -0.2921903 -0.2172725 -0.20440166 0.023226593 0.036010582 -0.014426957 0.36066368 0.22955184 0.23298047 -1.2134362
1214 -0.07700675 -0.7530726 -0.09662991 0.5412637 1.1898444 0.43126032 0.27084655 0.27141696 -0.13965268 0.11994261 -0.25430208 0.05099773 0.6451539 -0.06303196 0.735006 0.36974686 -0.14787039 -0.5436009 -0.71763647 -0.41255778 -0.2832567 -0.20110968 -0.39788878 -0.67479986 0.03394803 0.37600857 -0.7206596 -0.14823313 0.17331208 -0.02813916 -0.69793177 -0.06924215
1075 1.0540385 -1.0200897 0.6585027 -0.59583044 0.28801584 -0.8489295 -0.28200218 0.8949758 -1.0568734 0.8476872 0.013437702 -0.81614316 -0.09832602 0.3950928 0.6355264 -0.40949017 -1.1752177 -0.16528396 0.6306501 -0.24186684 0.45372453 -1.145144 -1.6018776 0.10114633 0.40883777 0.9618615 -0.39917982 0.11660437 -0.23346241 0.12934966 -0.7999931 0.10420882
1234 1.2964588 -0.04339352 0.46576703 0.17689554 0.0329846 0.4672498 0.11324652 -0.031096121 -0.6298781 0.79181767 0.097544566 -0.12736045 -0.60276043 2.0827281 0.8139021 1.9044311 -0.2752802 -0.25438458 0.53200525 0.59389824 0.24960478 0.70551217 0.13647248 0.30507666 -0.47331467 1.1479378 -0.093460515 0.78863865 -0.049224723 0.16454852 -1.225469 -0.44054544
1008 -0.093536384 -0.82606614 0.12920053 0.44478437 1.1328045 0.41394913 0.26801494 0.024918387 -0.19379932 0.09017016 -0.4627992 0.10353555 0.6610446 -0.06616746 0.4734567 0.48513907 -0.17756213 -0.5862041 -0.6895807 -0.351693 -0.30396134 -0.20250988 -0.5024205 -0.5773278 0.025988026 0.2935584 -0.7773287 -0.07718774 0.21694082 0.0030754823 -0.81985223 0.012757716
356 -0.17640528 -0.79298913 -0.012912453 0.51094097 1.1560005 0.48769557 0.25209785 0.04550851 -0.081234194 0.07939307 -0.33458155 0.18514773 0.67431283 -0.03830071 0.7214728 0.34263226 -0.26927894 -0.55100864 -0.70286536 -0.30704227 -0.26921523 -0.21815974 -0.44310272 -0.64733857 -0.0874632 0.37721387 -0.83833253 -0.09560609 0.26854843 -0.016174108 -0.8339493 -0.030058337
711 1.0693779 -0.9608932 0.54257053 -0.54588705 0.28424498 -0.7254053 -0.11191936 0.67918044 -0.9433682 0.8942611 -0.019388048 -0.8473854 0.19364509 0.23622437 0.72268885 -0.48399138 -1.1804484 -0.051670607 0.6041601 -0.16872501 0.42201212 -1.0520809 -1.6365143 0.19166672 0.52585787 1.0136075 -0.5385268 0.25989395 -0.25402504 0.20732735 -0.6273618 0.11670485
1198 -0.7223489 -0.31896338 0.976961 -0.76857555 0.6224722 -0.11497733 -0.29652563 -0.0956361 0.6043662 0.8169098 -0.88366216 -0.7433659 0.8579778 0.74193704 1.3822385 0.41180003 0.51109576 -0.45523363 -0.024074057 0.45940048 1.3624439 0.006792267 -0.2577404 -0.99517184 0.1667499 -0.6475188 0.5392008 1.0104074 0.8862386 0.93078214 -1.9872329 -0.2093725
1359 -0.035749424 -0.020993961 -0.041083947 0.62362266 -0.14040875 -0.46465182 -0.5791299 -0.29012856 -0.52389795 -0.27605557 -0.560005 -0.3133287 0.772391 0.5454002 0.92239547 0.35173604 0.011514836 0.5615472 0.1706004 0.5849176 -0.096940935 -0.468508 -0.13807791 -0.21079999 -0.26598352 0.7078882 0.3265728 -0.3421514 0.14323711 0.1895387 -0.039344896 1.0135585
1158 -0.12984669 0.30014604 0.116184115 0.54362184 -0.35296014 -0.92303336 -0.73827434 -0.22563897 -0.7166927 0.1743286 -0.9536713 -0.30622882 0.81461906 0.1547185 0.6006391 0.38354638 0.0033901504 0.28636235 0.057317916 0.77423525 -0.23384291 -0.23490247 -0.54622054 -0.52128595 -0.26894793 0.6823092 0.09505247 -0.45859858 -0.0056231096 -0.28212428 -0.110490635 0.76782703
1072 -0.12280081 -1.1238891 -0.23677577 0.54796267 0.7542847 0.30296874 -0.6279421 0.24775524 -0.21605673 -0.006203501 -1.1309686 -0.82595354 -0.23426603 0.5081624 -0.09242178 0.0074502802 -0.9471703 0.31427172 -0.09791081 0.9115089 -0.08921007 0.02873044 -0.2975895 -0.19031563 0.07323616 0.20420964 0.13742568 0.028798249 -0.054888092 0.15170029 -0.12236575 -1.1606112
965 -0.22222814 -0.38497674 -0.41568428 -0.31429824 0.92148924 -1.4492167 -0.7554031 -0.6432734 0.12128573 0.7797386 0.026705412 -0.072250895 0.16982463 0.01408425 0.26275605 1.7331262 -0.5552395 -0.96220344 0.1849219 0.7161701 0.4077999 -1.1229141 0.6013543 -1.1321709 0.33718786 0.28681514 1.2243844 -0.31027132 0.6011504 -1.0989614 0.17764671 -1.0323362
1344 -0.15331405 -1.0800442 -0.24355678 0.62475497 0.7426448 0.37874562 -0.7060891 0.14024444 -0.15349346 0.0355033 -1.1958798 -0.790377 -0.24878384 0.52915573 -0.16332743 0.12299402 -0.939111 0.3601313 -0.12493806 0.7824398 -0.04756246 -0.06855008 -0.35548374 -0.29093245 0.04966041 0.17477067 0.027826382 0.09404973 -0.10800455 0.22296028 -0.052795403 -1.1959449
1208 -0.031670697 -0.06643259 0.04114773 0.5252952 -0.2153298 -0.40855813 -0.6306088 -0.10125592 -0.5985868 -0.09231787 -0.5301569 -0.16979429 0.73905474 0.45597932 1.0117042 0.29613245 0.0396152 0.62830025 0.15444925 0.64766014 -0.017947936 -0.3290558 -0.16659155 -0.28250223 -0.35661134 0.6283942 0.2168136 -0.3984997 0.26332986 0.044884756 0.023897143 0.9199298
1231 -0.7861286 0.23644723 0.87443155 -0.060902707 0.040385973 0.3673191 0.60777396 0.32252547 0.47268754 0.4350911 -0.32675788 0.40146875 0.06134272 0.121523194 0.8142565 1.0338475 -1.4482234 0.53457177 0.19395387 -0.1295927 -0.4151817 -0.7651439 -1.24962 -0.031364713 0.11394051 0.50238776 0.4375017 0.47758955 0.1804237 -0.106297635 -0.22710575 -0.42058492
1010 -0.38791546 0.79543215 0.924821 0.16078423 0.7134578 0.62073725 0.3157229 0.69708276 -0.18403526 0.2216997 -0.22440304 0.2916601 0.2763838 0.066624306 0.6479024 0.41940293 -1.1742929 0.2557831 0.5819665 -0.33218768 -0.43155125 -0.2668197 -0.619712 -0.16797836 0.003497674 0.5328439 0.9822539 0.19365288 0.094674714 -0.42404783 -0.3834842 -0.6679759
1135 -0.04390377 -0.12093637 0.16829933 0.55086243 -0.41461858 -0.3895621 -0.6504579 0.02794942 -0.7010285 0.0661915 -0.5230203 -0.12686132 0.7447442 0.42559168 1.1480944 0.27425542 0.040692363 0.54170877 0.12004078 0.9761833 0.06542416 -0.19340967 -0.34066036 -0.36892256 -0.37963605 0.53696793 0.16704457 -0.3916892 0.28183043 -0.21028161 0.28164923 0.8931819
1304 -0.03361762 -0.08518928 0.07853854 0.4971064 -0.32446283 -0.38782215 -0.63948905 0.02194479 -0.6771166 0.066684015 -0.48014694 -0.15868998 0.7030693 0.44021198 1.1025249 0.30808794 0.054500453 0.59779537 0.13312495 0.8561928 -0.0011371423 -0.20710362 -0.24697837 -0.33283013 -0.3052298 0.5808299 0.1673987 -0.39336464 0.22130415 -0.16887422 0.22094372 0.8617543
1323 -0.0559092 -0.12337251 0.15755938 0.6645715 -0.46719337 -0.39517733 -0.61222947 0.0063646436 -0.67640316 -0.08559792 -0.46595985 -0.10738138 0.76674247 0.5147095 1.1518029 0.2656061 -0.019932782 0.48589694 0.03911235 0.9812677 -0.06864486 -0.3032938 -0.3073912 -0.29313263 -0.37982136 0.52922016 0.16593017 -0.2632174 0.3633799 -0.2141328 0.22747912 0.97417206
1251 -0.6295383 0.6695104 1.0949914 -0.02294762 -0.013852551 0.6951088 0.1491006 0.82377315 0.09573925 0.48958004 -0.3304005 0.2384316 0.057767462 0.14613312 0.7929134 0.47763878 -1.3018641 0.3061947 0.4516889 -0.27069467 -0.67210877 -0.59599274 -0.6792667 -0.29542166 -0.3317173 0.65250295 0.5780241 0.4416068 0.21222869 -0.063647635 -0.53108335 -0.5533589
1373 -0.6033577 0.61143756 1.1216899 0.05371467 0.22421561 0.6328927 0.25159174 0.7405656 0.06308954 0.38900295 -0.2025835 0.29216653 0.18555306 0.1470606 0.7407594 0.4094603 -1.2515813 0.33957827 0.41965342 -0.27077255 -0.53999126 -0.52758014 -0.7415486 -0.29070666 -0.34209478 0.50967115 0.61644644 0.5279788 0.16693896 -0.18247952 -0.45983776 -0.58508205
1145 0.06988553 -0.8436193 -0.29187497 0.7230883 1.1011366 0.44615754 0.14915033 0.64856476 -0.031964764 0.21036473 -0.065824054 -0.04090199 0.61585224 0.27145845 0.7724603 0.37903842 -0.20091054 -0.8540787 -0.7862942 -0.6025759 -0.5092255 -0.43716994 -0.35249656 -0.6824339 0.11408101 0.38468897 -0.56882745 -0.38706344 0.1909643 -0.14057373 -0.49076286 0.035261665
420 -0.17251813 0.35692668 0.18991986 0.58820724 -0.32345077 -0.95970976 -0.8213304 -0.36318287 -0.71021277 0.2560054 -1.0924543 -0.30493915 0.7932126 0.15821327 0.50375324 0.3605588 0.09699828 0.21754776 -0.008943224 0.738848 -0.30909646 -0.26625225 -0.53904384 -0.5503379 -0.18192251 0.7177142 0.0098718945 -0.39891887 -0.051752184 -0.30161023 -0.18522605 0.6989795
1237 -0.07506103 -0.07134496 0.05318645 0.5257156 -0.40995958 -0.40977085 -0.6204917 0.06905014 -0.65786237 0.0132380165 -0.4346413 -0.11619848 0.7099074 0.5235869 1.0704863 0.3437257 0.01358411 0.4906549 0.114254855 0.9379248 -0.07630453 -0.19006087 -0.34120518 -0.3565062 -0.3203512 0.53910196 0.15273723 -0.29318103 0.29176962 -0.27845463 0.2360038 0.91462356
1224 -0.6792133 0.0741509 0.7816348 0.06196346 -0.06106062 0.6307078 0.5850779 0.32297215 0.43148473 0.4878461 -0.39941508 0.5347191 0.07649627 -0.106154285 0.82905304 1.1615312 -1.3459959 0.45114744 0.13452116 -0.0823492 -0.28176072 -0.6088964 -1.2574724 0.22282867 0.50283283 0.63684607 0.7371578 0.2201424 0.30328554 -0.2566441 -0.22176208 -0.45588258
869 -0.054888006 -0.18543698 0.5873978 -0.27940106 -0.13285577 -0.025227644 0.32073963 0.023360765 0.17251399 0.8184167 -0.35207298 -1.1774486 0.49111456 0.48825112 0.9665037 0.14229672 -1.0265629 -0.15694301 -1.288359 -0.12549865 0.08773214 0.0046696286 0.53867996 0.80334306 -0.27947247 0.6189821 0.4472707 -0.2890508 -0.14238675 -0.42021912 -0.2191482 -0.2021644
1210 0.08914329 -0.31425148 0.7690621 -0.25219157 -0.22771671 0.11823755 0.04957113 0.13420136 -0.017839674 0.93520314 -0.33940774 -0.79482853 0.8127488 0.4212989 0.65780455 0.30794522 -0.96187776 -0.20484196 -1.4821168 -0.21766482 0.18409252 0.0065242173 0.7879648 0.46692157 -0.1580971 0.935071 0.5351393 -0.39594734 -0.34765851 -0.30559322 0.04196712 -0.197971
590 -0.77697504 -0.9887313 0.0020910446 0.8855494 0.95237005 0.2956199 -1.0557077 0.40687004 -0.18389846 0.21108098 -1.2370361 -0.8564356 -0.41410643 0.7841827 0.26459357 0.20414256 -1.2437367 0.47400504 -0.06815569 0.7544465 0.06158329 0.2291641 -0.23246734 -0.38585505 0.37098542 0.04752498 0.013719112 -0.025227426 -0.18569972 0.55630624 0.0063952208 -0.918933
1252 0.015870702 -0.07978034 0.048086494 0.49256095 -0.26101586 -0.3905311 -0.62134737 -0.049187597 -0.5350098 -0.04175126 -0.49421412 -0.113493316 0.7329756 0.4979245 1.0029492 0.3289981 0.055229723 0.6331683 0.16895765 0.70270944 -0.007494489 -0.29307815 -0.2317892 -0.292505 -0.342543 0.5900698 0.20697048 -0.44342694 0.21423014 -0.03326464 0.14699152 0.90662575
1330 1.0368991 -1.026143 0.53992695 -0.5712515 0.22263469 -0.81668025 -0.17837079 0.7836223 -1.2344534 0.7245747 -0.10760167 -0.7781749 -0.037806712 0.3345268 0.6184571 -0.31286353 -1.1770934 -0.27630255 0.6844638 -0.34764197 0.4447129 -1.1682158 -1.5211096 -0.01381807 0.6165509 0.9066013 -0.27224085 0.16319616 -0.3867869 0.2716001 -0.923674 0.24606596
1280 -0.54728913 0.514499 1.0410799 0.077696934 0.10816919 0.7482034 0.22862943 0.7438444 0.1442173 0.5294279 -0.26976275 0.21837404 0.118181646 0.050010525 0.66992176 0.38722384 -1.2646687 0.44432905 0.44701242 -0.15733974 -0.47307208 -0.6488737 -0.77762645 -0.20811734 -0.20443538 0.59061253 0.65160245 0.39784706 0.17662013 -0.32624653 -0.47645995 -0.5820492
1025 0.113541156 -0.76922315 -0.20132194 0.66593844 1.1089057 0.4487377 0.12982003 0.57777345 -0.080287375 0.29725638 -0.13361451 -0.124046355 0.5819782 0.27190617 0.66616637 0.44186378 -0.14238052 -0.9031723 -0.63781947 -0.6130006 -0.6306923 -0.42290062 -0.37231302 -0.60140735 0.10246933 0.24985537 -0.5471464 -0.39858803 0.2760885 -0.17436899 -0.55473334 0.072283104
766 -0.55950207 0.57313037 1.1062793 0.07890482 0.11162977 0.70773304 0.23934926 0.7731189 0.15290505 0.45871714 -0.2443556 0.23028003 0.12458707 0.09844581 0.73024684 0.4380308 -1.2843194 0.42383954 0.43048403 -0.13002667 -0.54230714 -0.6360884 -0.7539052 -0.21231358 -0.28617254 0.6169755 0.60720396 0.46296522 0.14461912 -0.29623225 -0.5004646 -0.6080999
1308 -0.037784547 -0.12144916 5.9320613e-05 0.55799127 -0.2951042 -0.36603543 -0.6701454 -0.058695607 -0.54046607 -0.027298324 -0.46433955 -0.10111218 0.7467092 0.51602596 1.0131409 0.37420034 0.009225357 0.6133461 0.14237829 0.72552246 -0.03284568 -0.26464713 -0.2662794 -0.29625952 -0.36601192 0.5899396 0.18055975 -0.3804951 0.2819825 -0.09588566 0.15552014 0.9233585
1162 -0.72038 -0.9993115 -0.0032156818 0.9124366 1.0310982 0.31768414 -1.0185329 0.45881784 -0.16576943 0.12035917 -1.2938979 -0.85963273 -0.38899225 0.74321896 0.23445727 0.24239427 -1.3226318 0.45801482 -0.11064754 0.85661215 0.119739026 0.22523223 -0.2246986 -0.49433205 0.2988157 0.105953716 0.044139132 -0.052482214 -0.100236356 0.5089138 0.023713877 -0.94544494
863 -0.64667803 -0.39299068 1.0448589 -0.7975298 0.3395352 0.032403402 -0.39420322 0.22698647 0.6689895 0.7868738 -0.73419744 -1.0501143 0.9935382 0.6227009 1.4672749 0.5913666 0.61575973 -0.30651307 0.19744082 0.27739683 0.96543187 0.0403655 -0.0021346943 -0.9534333 0.21619597 -0.63174856 0.6926887 0.96990246 0.7182726 0.8884172 -1.9436185 -0.26944512
464 -0.14752454 0.25485697 0.27189732 0.5588176 -0.37657854 -0.92270374 -0.9165493 -0.3320742 -0.6628305 0.2477701 -0.97991645 -0.16370113 0.8379196 0.19117521 0.59440684 0.31713244 0.0748073 0.31745738 -0.0063313553 0.7936393 -0.19776997 -0.19884875 -0.56965387 -0.49449074 -0.30326632 0.7006229 0.0519561 -0.4106746 0.033393096 -0.31148836 -0.13767846 0.6833777
67 -0.22239438 -0.41157883 0.5715637 0.13134813 1.3173764 -1.0270352 -1.0781517 -0.51628476 -0.20704295 0.21407034 -0.19802624 0.048888322 -0.27880135 0.41983902 0.94617903 0.8767287 0.4013083 -1.3697065 -0.14354278 0.80051506 0.2718578 -0.855754 0.27930388 0.027575402 -0.029777389 0.3972882 0.57675457 0.4497422 -0.551806 -0.8653854 0.21872884 -0.61046344
288 -0.15017967 0.395791 -0.082859464 0.52009344 -0.27969012 -0.86348385 -0.61177665 -0.119081065 -0.6664756 0.1675525 -0.8538928 -0.4175128 0.67650557 0.24344756 0.61817783 0.49246997 -0.054502755 0.31470937 0.085195534 0.6505765 -0.24657813 -0.19573337 -0.45071357 -0.5559379 -0.19739962 0.6374488 0.14639783 -0.46638995 0.0067622825 -0.33571702 -0.09060587 0.8173211
528 1.0967262 -0.9716656 0.59043896 -0.56244355 0.19501548 -0.7312521 -0.18112957 0.75894517 -1.2231131 0.7075544 -0.056513432 -0.8815971 -0.031931844 0.3435688 0.6531712 -0.36817518 -1.2021452 -0.33221853 0.66669536 -0.22266173 0.4284149 -1.1212053 -1.6571287 0.019449715 0.6440446 0.9672621 -0.3121543 0.1495463 -0.4014657 0.31568754 -0.8203324 0.31050166
1361 -0.704913 -0.91220784 -0.0074480306 0.836468 0.8995168 0.2676945 -0.98661524 0.48569208 -0.18288009 0.09485968 -1.2218857 -0.79922503 -0.37512663 0.75470126 0.24592568 0.18765429 -1.1512765 0.47698444 -0.15105155 0.6992304 0.18955623 0.15193462 -0.14320657 -0.34273377 0.33286023 0.07744694 0.04552807 -0.07914027 -0.085067004 0.4642158 -0.054306533 -0.9093822
784 0.055387136 -0.23500429 0.77259976 -0.37533644 -0.24497145 0.09732385 0.12403833 0.086601086 -0.014004161 1.0208454 -0.4740192 -0.85687053 0.7505825 0.5394142 0.67146945 0.39438552 -0.9697546 -0.411724 -1.5190295 -0.1998368 0.26969442 0.007241908 0.72004837 0.5997162 -0.22307493 0.98248136 0.6723813 -0.38966632 -0.3525185 -0.22585179 0.04332506 -0.22162488
953 -0.6080025 -0.90930367 -0.046996705 0.92106414 1.0428365 0.26287478 -1.0209172 0.40267655 -0.16824478 0.11427418 -1.3307711 -0.83815646 -0.39341006 0.7218072 0.18926895 0.17079218 -1.257831 0.53187394 -0.08605724 0.7481695 0.16423164 0.0974291 -0.19606678 -0.4076831 0.39756316 0.11218462 0.029225493 -0.07563225 -0.14118226 0.48834956 -0.010781009 -0.9454476
667 -0.74795604 0.2118684 0.82054496 -0.046204302 0.101929076 0.35499752 0.636065 0.27105242 0.37227863 0.32788104 -0.2890183 0.46784645 0.105707996 0.086317025 0.8227505 0.92805135 -1.4362364 0.44153607 0.22797443 -0.14104085 -0.33212563 -0.70935154 -1.2547803 -0.11845025 0.11214901 0.46181077 0.4645502 0.4960597 0.18345837 -0.16780566 -0.20278263 -0.4289824
478 0.2765627 -1.1578349 -0.23653324 0.51144874 0.5187505 0.41229957 -0.52365744 0.06738408 -0.2395427 -0.065242924 -1.2922518 -0.7638858 -0.1745505 0.5210913 -0.3677301 0.11692602 -0.84105647 0.17479722 -0.14800145 0.8163552 -0.1746842 -0.051985543 -0.3971474 -0.18279585 -0.33302924 0.15490718 0.070952475 0.23802622 0.06206184 0.117203586 0.05876398 -1.4013623
993 1.1069449 -0.902747 0.624254 -0.38400033 0.082994565 -0.784268 -0.44952866 0.78149486 -1.2771192 0.5630195 -0.13258852 -0.5504169 -0.12913564 0.3872364 0.48163265 -0.13995695 -1.3135527 -0.1263136 0.70639724 -0.6176334 0.5899416 -1.2464038 -1.3004084 -0.07662393 0.85393804 0.7190947 -0.16761492 0.32541645 -0.59671587 0.3423064 -1.0286307 0.3325525
1143 -0.15538336 -0.9906136 0.14381014 0.59602696 0.45496812 0.18274672 -0.5891399 0.349554 -0.16223507 -0.006313758 -1.2309982 -0.85341954 -0.4530022 0.6529042 0.15662578 0.17636201 -1.1606503 0.38708743 -0.32251832 0.7636956 0.04521928 0.027344892 -0.22669913 -0.14971492 -0.093807 0.015212945 0.08678093 -0.05584493 0.37370497 0.32062772 0.18104103 -1.3082005
765 0.09509271 -0.34502032 0.8015043 -0.26868555 -0.13238542 0.0806671 0.12503588 0.13318172 -0.025390152 0.9178676 -0.41933715 -0.74088454 0.8682796 0.4595334 0.59016514 0.28941253 -0.9922268 -0.30684158 -1.5368505 -0.2282101 0.24366169 0.0018381096 0.7917084 0.42643338 -0.1781624 1.0009633 0.6115944 -0.37843525 -0.42135164 -0.24161394 0.0278186 -0.22427692
697 0.10865542 -0.78766364 0.54152083 0.6638207 0.4428415 -0.4622235 -0.47158828 0.14979997 -0.44858366 0.2882956 -0.35255206 -0.4959048 -0.025881894 -0.6054548 1.0474625 1.221353 0.07742687 -1.0808635 0.042310745 0.39160785 0.5611049 -1.3042717 -0.06280794 0.52481246 -1.2776006 -0.09046844 -0.2311629 0.28142703 -0.7229822 -0.27333477 0.15577349 -0.9598595
441 0.16107334 -0.666463 -0.0021569366 0.6802455 0.7466045 0.5153292 0.11337015 0.16477771 -0.104568765 -0.0499557 -0.29582277 0.029041758 0.69700044 0.62710804 0.644398 0.04047403 -0.50701445 -1.1589818 -0.51762795 -0.34139755 -0.4941008 -0.46083102 -0.3854045 -0.6523279 0.16859332 -0.064868346 -0.59109837 0.0018780364 0.39829397 -0.12370142 -0.5919948 0.32637417
1311 -0.05212411 -0.14395633 0.13792498 0.5874119 -0.41571885 -0.40891674 -0.57180315 0.010311035 -0.6977241 -0.01886628 -0.49563602 -0.121457145 0.7240398 0.48164114 1.1401637 0.26196575 0.018710965 0.5113393 0.021751223 1.0041777 -0.06466958 -0.24746981 -0.2725084 -0.35334295 -0.2995079 0.5277252 0.160985 -0.28750074 0.36318722 -0.1906229 0.23421405 0.9672244
642 0.12757817 -0.34042937 0.712926 -0.24968573 -0.2677577 -0.04090802 0.1844463 0.08988237 -0.0029081327 0.78015465 -0.4244636 -0.8762637 0.7426889 0.4475188 0.74289685 0.18030944 -0.8738736 -0.19210267 -1.4117392 -0.1919669 0.14070158 0.1695188 0.6210786 0.3518413 -0.049808763 0.86341035 0.5894503 -0.29754612 -0.19908828 -0.5416971 -0.063018054 -0.178281
914 -0.004983296 -0.780794 -0.012656897 0.56343454 1.1951334 0.3863813 0.2461204 0.227449 -0.072497346 0.06462485 -0.21560712 0.112055905 0.62787 -0.0464793 0.693831 0.43423924 -0.21754894 -0.5455191 -0.67243236 -0.42430523 -0.34450245 -0.2478359 -0.42984837 -0.6912357 -0.013833503 0.33923903 -0.73441476 -0.1874278 0.18305221 0.016442118 -0.69173956 0.0051690517
1296 -0.48440835 0.80902326 0.8912844 0.15324211 0.777271 0.41942433 0.56544 0.79558766 -0.023899483 0.13438971 -0.16990463 0.115585834 0.23430306 0.10271626 0.58048624 0.6402485 -1.2307829 0.4361909 0.38455293 -0.3002159 -0.42438906 -0.605987 -0.73821187 -0.27020937 -0.08810312 0.43913034 0.82163435 0.41113433 0.015284139 -0.47266346 -0.32407144 -0.52176654
1218 1.2397777 -0.8565522 0.7570491 -0.61962414 0.35293174 -0.67177296 -0.31118152 0.7136466 -1.059649 0.8432427 -0.018053055 -0.79974663 -0.0572873 0.45181283 0.64078885 -0.49785462 -1.2455462 -0.2713779 0.7432699 -0.32993042 0.6210388 -0.9939747 -1.8181878 0.10803122 0.35664058 1.0723072 -0.39857125 0.005498923 -0.25321674 0.3581851 -0.6268301 0.083451025
289 -0.1884224 0.3151341 -0.039236065 0.51482683 -0.30689234 -0.9054911 -0.6533385 -0.09053743 -0.71159494 0.124052204 -0.9195326 -0.4008265 0.68897223 0.23604828 0.6776035 0.47758576 -0.05190565 0.38116968 0.06381941 0.71594685 -0.24241957 -0.17202504 -0.3969568 -0.57113963 -0.27291703 0.6507854 0.122628875 -0.44138756 0.050520547 -0.34822774 -0.063089505 0.8848825
796 -0.81082225 0.33951685 0.83449346 -0.11801828 0.12943931 0.3001404 0.51625353 0.15981935 0.32890704 0.34735414 -0.38756642 0.49516004 0.026633773 0.113732226 0.8403512 0.8677023 -1.4961947 0.37836352 0.17853568 -0.21039695 -0.3810657 -0.6154252 -1.1635059 -0.054729458 0.14526072 0.47530857 0.42753378 0.5099533 0.15963961 -0.11111472 -0.28149024 -0.3750434
287 -0.13888578 0.3537905 -0.049142692 0.52538234 -0.31801438 -0.8801078 -0.6304127 -0.13277988 -0.71090215 0.118832335 -0.8674155 -0.47480246 0.6463038 0.165664 0.6840566 0.4691971 0.0048812917 0.35297203 0.015104808 0.65609896 -0.24425374 -0.14778039 -0.41250113 -0.57068276 -0.22840099 0.6982373 0.1162476 -0.45130774 0.021431834 -0.24959663 -0.11181872 0.78581303
1091 -0.35445789 -1.089286 -0.13234869 0.76880103 0.8705682 0.22682807 -0.8209988 0.30841053 -0.17838795 0.10443434 -1.1028541 -0.8335674 -0.31881428 0.51874596 0.07540979 0.08479066 -1.0596118 0.42175066 -0.12137326 0.8547071 -0.1594786 0.22404365 -0.2012816 -0.29818392 0.17655711 0.2002068 0.048179913 0.06780518 -0.089236274 0.33532462 -0.08870928 -1.0996078
1369 -0.8045982 0.31900787 0.842521 -0.05248439 0.16782364 0.40500677 0.5891798 0.2571336 0.32364583 0.38666818 -0.26574147 0.46358445 0.07535229 0.09710987 0.8254976 0.8896162 -1.4278711 0.44402492 0.15503697 -0.10532413 -0.39587656 -0.65784883 -1.2029517 -0.056388363 0.15725155 0.46930704 0.48804444 0.52480096 0.17255759 -0.20787479 -0.18927535 -0.41890118
1334 -0.111351416 -0.7374319 -0.20268764 0.7059664 1.1965371 0.47350085 0.19622278 0.4864128 -0.08050513 0.11046745 -0.12173575 0.10034033 0.6181507 0.18847764 0.85941863 0.335099 -0.1319422 -0.6347747 -0.7916157 -0.48729426 -0.3185409 -0.3828502 -0.32076317 -0.6408148 0.014719414 0.43352076 -0.71404976 -0.25742033 0.18354894 0.0061979014 -0.59653974 -0.061236862
401 -0.162294 0.3308481 0.24987218 0.5977528 -0.3511523 -0.9452707 -0.87627375 -0.37933016 -0.6944858 0.23749089 -1.0190111 -0.25836986 0.82243466 0.13338964 0.5357471 0.3300297 0.086248755 0.23683058 -0.052972384 0.7545543 -0.24834506 -0.25710964 -0.51597196 -0.51975894 -0.26133323 0.71621644 0.051763453 -0.39763075 -0.00047939178 -0.30055493 -0.17014658 0.6845849
558 1.3063062 -0.73449683 0.90941346 -0.75432104 0.44440722 -0.4843799 -0.4744916 0.78203905 -1.012102 0.92082083 -0.15464413 -0.8992037 -0.19753306 0.3736282 0.6493318 -0.50262344 -1.3021182 -0.29230037 0.90319693 -0.31710753 0.8201107 -0.95953053 -1.8081262 0.18429036 0.35160837 1.0763747 -0.33179376 -0.19428894 -0.25551572 0.41699442 -0.58397746 0.078298666
931 -0.6480347 0.1045157 0.7517948 0.08565159 0.023072165 0.39107147 0.46811676 0.22613414 0.46487454 0.43028983 -0.456924 0.6647035 -0.005093922 -0.05246974 0.8140194 1.1109596 -1.4888966 0.40085134 0.15447646 -0.16556792 -0.3485256 -0.7157687 -1.1951303 0.1591752 0.45389464 0.63308394 0.777436 0.30048636 0.24278568 -0.3511037 -0.27615762 -0.45792896
980 -0.13295794 0.3530332 0.03602089 0.56270105 -0.30170703 -0.94903946 -0.66629785 -0.23410964 -0.6326208 0.12645696 -0.9180631 -0.36600095 0.693512 0.20687142 0.63644487 0.40937036 -0.032020506 0.30181313 0.04034691 0.68603593 -0.24988617 -0.2678678 -0.45865196 -0.54811746 -0.27182412 0.701741 0.12320273 -0.4262337 0.07201311 -0.2376911 -0.16267352 0.83257097
1314 1.0369067 -1.0450952 0.65732205 -0.53070736 0.26569813 -0.7513207 -0.22576459 0.78395104 -1.0689709 0.76574653 0.0002726877 -0.8463387 0.045828715 0.34780216 0.58436453 -0.4339778 -1.2040128 -0.22741769 0.6654845 -0.22898166 0.47832888 -1.1496323 -1.640414 0.09127298 0.45813182 0.95645905 -0.38499245 0.17446767 -0.34543732 0.20797093 -0.7244377 0.1732666
916 -0.16616759 0.2227074 0.13302162 0.53058344 -0.33492374 -0.80625504 -0.7677489 -0.20556203 -0.742337 0.21971065 -0.88607925 -0.27339903 0.77682894 0.20919399 0.6162128 0.346796 0.056021236 0.3308678 0.0448786 0.7968445 -0.21946245 -0.10725259 -0.5286581 -0.538417 -0.2955873 0.6462747 0.049846508 -0.46345162 0.03399427 -0.3548944 -0.09504724 0.7334257
1220 -0.099006206 -0.95473564 0.154242 0.41441694 0.40780896 0.118553095 -0.5345491 0.3130345 -0.150896 -0.07397119 -1.169023 -0.76743764 -0.47149786 0.58351874 0.08368506 0.20297003 -1.1436688 0.4367088 -0.34691465 0.71526504 0.1722627 -0.07883745 -0.30743137 -0.115549624 -0.095867574 -0.010182532 0.08998008 -0.08794203 0.39562127 0.1762756 0.15281141 -1.2647476
966 -0.14090578 -0.7170148 -0.04661834 0.62224406 1.2137339 0.45989576 0.32031432 0.17070737 -0.1802215 0.08188342 -0.21484974 0.04834436 0.67014974 0.05833895 0.6154559 0.42031586 -0.15896076 -0.53167766 -0.7429748 -0.38630372 -0.35984573 -0.27383262 -0.44735265 -0.6214585 0.072665274 0.38563544 -0.7679432 -0.05107821 0.20538682 0.010812112 -0.6216941 -0.01186752
1350 -0.5608241 0.7677004 0.8310474 0.10841592 0.70199645 0.44638628 0.48046747 0.65373456 -0.043793704 0.15420905 -0.17294127 0.20904319 0.25652298 0.06952289 0.63785267 0.68296313 -1.2349745 0.47033045 0.41027457 -0.2806575 -0.44395426 -0.47118977 -0.8664521 -0.18558884 0.06638823 0.3760218 0.73492324 0.3099749 0.040667523 -0.47514412 -0.31154436 -0.56771994
964 1.0471188 -1.0949311 0.5463756 -0.5571691 0.29863033 -0.80447626 -0.10805737 0.7777671 -1.1749223 0.8638974 -0.045519773 -0.87588274 0.03909095 0.3048719 0.5969678 -0.3805525 -1.1442496 -0.1895062 0.58285815 -0.22879258 0.42596483 -1.1064961 -1.6379645 0.025722962 0.5629519 0.97364044 -0.3566287 0.25899482 -0.4335449 0.14339007 -0.8538773 0.13621731
899 -0.12321247 -1.0329053 -0.1494897 0.5678039 0.6762297 0.27637747 -0.6005103 0.3162807 -0.21521303 -0.11012722 -1.2451661 -0.7757093 -0.36458164 0.5609518 -0.14572938 0.06715681 -0.94192713 0.2364168 -0.12972999 0.88197887 0.06582053 -0.055007305 -0.3275237 -0.21497324 0.034343712 0.18900284 0.21181586 0.031721257 0.17705412 0.058951735 -0.063865915 -1.0797969
798 -0.9292942 -0.8636054 -0.39292318 0.3443178 0.50097936 -0.024118882 0.030063614 -0.86306626 -2.223684 1.2652067 0.5240623 0.33574605 0.31153694 0.6175685 0.15787831 0.5354912 -1.9458474 -0.21252213 0.098330654 -0.08932579 1.3345695 -0.61663216 0.34621674 0.039681032 0.33688092 -0.05655738 0.26081392 -0.5553765 1.3282043 0.8534724 -0.8324507 -0.025723116
1058 -0.2487739 -0.7826033 -0.09879765 0.6221657 1.1647918 0.45453224 0.30588555 0.23209552 -0.105731614 0.09198305 -0.16954584 0.13832891 0.6654279 0.039757997 0.7502097 0.3537045 -0.17675304 -0.5937655 -0.8113242 -0.32836455 -0.2654186 -0.2548812 -0.50959677 -0.61408854 0.0428009 0.47488415 -0.7473832 -0.09531421 0.2315877 0.063668884 -0.6436969 0.022758424
1377 -0.42175233 0.5715433 0.9808303 0.13286361 0.73144484 0.49005207 0.4596213 0.4457849 -0.17434213 0.054419246 -0.42041355 0.44691184 0.11618928 0.06924766 0.6149558 0.52406985 -1.3186916 0.1829042 0.5298068 -0.596027 -0.32052538 -0.45080227 -0.7736756 -0.056529205 -0.028806105 0.67176723 1.1657273 0.2776718 0.05805682 -0.21938932 -0.43911797 -0.6451202
1270 -0.21325465 -0.6886935 -0.1561886 0.7604023 1.2326987 0.43042275 0.32650298 0.3008094 -0.09989012 0.15256093 -0.05311314 0.16152157 0.64824533 0.15171099 0.8388702 0.28031498 -0.17606981 -0.61972964 -0.9422365 -0.3764055 -0.30387107 -0.35369733 -0.49988145 -0.6359106 0.08262901 0.49998325 -0.70228034 -0.15851174 0.26528022 0.07389712 -0.536803 -0.02499821
906 0.18165368 -0.8286459 0.14965433 0.7993736 1.0308661 0.22860725 -0.122850716 0.5291048 -0.21274868 0.1100521 -0.3625685 -0.07098613 0.41323692 0.57578623 0.64805317 0.7133798 -0.18795076 -1.1390002 -0.75470424 -0.9318518 -0.83016455 -0.5694061 -0.45155692 -0.5301925 0.2831317 0.07714156 -0.61642426 -0.4549579 0.47901282 0.14344992 -0.5986283 0.18097629
540 -0.052391812 -0.04825544 0.03705256 0.59375215 -0.3218489 -0.40599054 -0.5714754 -0.06870459 -0.6101132 -0.069832675 -0.5066069 -0.14507823 0.76012164 0.5221634 1.0213085 0.29919562 0.03007605 0.51394635 0.13423143 0.807068 -0.0642545 -0.33140865 -0.29356688 -0.28444386 -0.30549648 0.5706079 0.1989821 -0.3866669 0.25084168 -0.11289005 0.17826872 0.94173217
1293 -0.702582 0.63449085 1.0570506 0.06546561 0.20017193 0.48520643 0.1879437 0.6794192 0.09361161 0.47287178 -0.26305208 0.2846492 0.065737695 0.12730615 0.7533455 0.44612762 -1.3189816 0.34568542 0.37959915 -0.21345843 -0.63957417 -0.6339786 -0.7351066 -0.19750215 -0.11108418 0.5237076 0.56817096 0.418981 0.17035878 -0.2603207 -0.4366781 -0.5199799
1129 -0.12592727 -0.011200795 0.70972854 -0.2740662 -0.035293657 -0.00948747 0.30958247 -0.037939735 -0.23733303 1.0058877 -0.48478407 -0.79030126 0.83852714 0.7097196 0.50096005 0.34637108 -0.9389442 -0.42522818 -1.5274187 -0.40113497 0.20989771 -0.10044123 0.6415846 0.65497476 -0.24870226 0.9834743 0.7339301 -0.4424212 -0.38322955 -0.09649173 0.153533 -0.19441935
1353 0.044461817 -0.12361292 0.071869835 0.5943376 -0.21937221 -0.3888145 -0.66552895 -0.06429837 -0.53190905 -0.07604946 -0.52713794 -0.09600241 0.7406186 0.46244627 1.0240992 0.303305 0.056064848 0.63557184 0.1753783 0.7056821 0.00040477226 -0.30381685 -0.21105857 -0.26407292 -0.34474564 0.59299785 0.27062428 -0.43168533 0.2646387 0.04843479 0.1256657 0.9026391
1337 -0.00344425 -0.66378576 -0.12917696 0.7503672 1.3237582 0.4593043 0.23237628 0.46233442 -0.036298465 0.13150571 -0.08193124 0.07076849 0.5854184 0.20379443 0.8826916 0.39665338 -0.17339842 -0.608686 -0.87631345 -0.55695826 -0.35903883 -0.39114267 -0.34099707 -0.6193764 0.09231188 0.35435683 -0.71221274 -0.27388722 0.1872138 -0.038083903 -0.49055347 -0.08501841
875 -0.26276955 -0.9680227 -0.15182137 0.6627561 0.88426197 0.24246106 -0.7273429 0.32392102 -0.1454998 0.003031289 -1.2272464 -0.76895547 -0.28832233 0.559622 0.020871686 0.06778175 -1.0047146 0.41209614 -0.12133037 0.79792416 0.06291012 -0.019729469 -0.24047612 -0.27998656 0.24484646 0.11646745 0.10960328 -0.008871139 -0.023563774 0.25526288 -0.10535212 -1.0085583
1168 1.004389 -1.0896776 0.69385344 -0.47810897 0.29811898 -0.8282594 -0.15810637 0.8002915 -1.1588771 0.8566544 0.013484706 -0.82578784 0.027837625 0.29205248 0.51938045 -0.36464843 -1.1437773 -0.21060652 0.67236114 -0.2867098 0.41340885 -1.1064459 -1.6111689 0.05227946 0.49861702 0.98547965 -0.35029823 0.14435911 -0.40719134 0.14877304 -0.75080276 0.17182477
439 0.4328726 -0.43043047 0.13145894 0.80054766 1.1396923 0.37630087 -0.03701668 0.18375224 -0.07194103 0.3118059 -0.18283588 -0.03575692 0.39211467 0.6388555 0.591006 0.48955753 -0.24365544 -0.93844396 -0.9434265 -0.5405884 -0.8181202 -0.52742535 -0.6689295 -0.5427047 0.12568311 0.12830368 -0.80003685 -0.34475577 0.47962534 -0.059932355 -0.30873466 0.047711145
952 -0.03562174 -0.46964106 0.8279893 -0.28027004 1.6648756 -1.1119152 -1.5280204 -0.3342021 0.05120132 0.31163383 0.015022929 0.12406362 -0.12152236 0.09394798 1.1665215 1.2334454 0.40795305 -0.9513121 0.1697711 0.84203345 0.3786642 -0.5240378 0.7071812 -0.2793289 0.35192755 0.6995791 1.1095809 0.44070718 0.17797479 -1.0063818 0.5440766 -1.0842774
1175 0.039677646 -0.9885627 -0.18937436 0.7302712 0.745505 0.22034217 -0.7202686 0.20854862 -0.14426826 0.046693288 -1.3822979 -0.7033021 -0.2370519 0.50534713 0.0006415142 0.078696825 -0.94914424 0.41016647 -0.22091588 0.7621105 -0.16814373 0.02105973 -0.21873353 -0.20106149 -0.019750828 0.17686138 -0.0061523817 0.1782909 0.031774737 0.39840958 0.13377264 -1.3451127
1268 -0.5930949 0.6079507 1.0201801 0.048090212 0.14411865 0.6326197 0.17456083 0.7305012 0.011198774 0.47230744 -0.254421 0.3114454 0.12773828 0.1302792 0.72495973 0.44332632 -1.2180014 0.33336323 0.46166855 -0.264511 -0.61389625 -0.56776243 -0.6924636 -0.25534365 -0.18452376 0.51338416 0.64314735 0.45112637 0.18312636 -0.1725021 -0.4454993 -0.5720018
1333 -0.56466824 -0.82845503 -0.055743244 0.951219 0.9754346 0.18707022 -1.0328122 0.45314407 -0.054168805 0.17594244 -1.2851543 -0.86173385 -0.38948366 0.6327881 0.42311957 0.1206177 -1.2069446 0.6650067 -0.14579122 0.6392546 0.14854167 0.044606123 -0.103592925 -0.34564248 0.30293125 0.041133743 -0.15952696 -0.10273793 -0.015345642 0.6393316 -0.03863459 -1.0569397
792 -0.73776037 0.22605315 0.8180974 -0.039136015 0.12067659 0.34377387 0.59700036 0.2089199 0.41852215 0.35138828 -0.3574578 0.48222628 0.06371557 0.08528674 0.76552165 0.99500424 -1.4971155 0.44343013 0.17469688 -0.19234717 -0.28606644 -0.6651667 -1.249279 0.023131143 0.20542836 0.51642096 0.5044 0.48456627 0.21504 -0.14062072 -0.20195098 -0.45202562
849 1.0438107 -0.92142737 0.5578651 -0.5811284 0.30241865 -0.7208259 -0.2099778 0.82110983 -1.0391833 0.7751063 -0.026783684 -0.83430684 0.0063928575 0.35222253 0.5484242 -0.43857965 -1.17711 -0.17586029 0.61589766 -0.21565117 0.48479953 -1.0604664 -1.6370431 0.059339643 0.50642526 0.9368903 -0.32951736 0.083317734 -0.33338448 0.17433698 -0.8434809 0.17196079
1059 -0.10400567 0.3543456 0.052543048 0.49888057 -0.2587908 -0.8959637 -0.5958573 -0.13549331 -0.7068154 0.099499136 -0.96215063 -0.3663449 0.6791615 0.173177 0.6906367 0.39225078 -0.031682566 0.36401945 0.014493566 0.55252075 -0.17828181 -0.11471791 -0.35960823 -0.6104313 -0.26907602 0.72269297 0.2016179 -0.4503642 0.04041014 -0.19805741 -0.12352571 0.8472925
1045 -0.18927096 -1.0177572 -0.19550806 0.6601207 0.84283334 0.31081408 -0.70001656 0.30027533 -0.18453254 0.074900195 -1.229874 -0.86713433 -0.3215775 0.4711068 -0.0318595 0.057476178 -1.0614791 0.27758938 -0.11066283 0.98172045 -0.085992105 0.12275676 -0.20180503 -0.3173124 0.076285884 0.19297722 0.12442672 0.017865721 0.019261671 0.19253707 -0.0935678 -1.0662651
1186 -0.47417063 -1.0069268 -0.1846026 0.7912247 0.9870996 0.18094246 -0.8486316 0.32797816 -0.11889686 0.026018936 -1.158112 -0.7754045 -0.35251012 0.5442344 0.12778911 0.11328676 -1.0618134 0.5384831 -0.123700306 0.7508523 0.09647157 0.028087758 -0.20761225 -0.2995221 0.34262773 0.22919855 0.04414748 -0.012654852 -0.03767941 0.28275058 -0.13711134 -1.0633228
1263 -0.09181234 -0.7303248 -0.025748517 0.4873371 1.2082756 0.49638984 0.21665655 0.19080953 -0.09192406 0.10076334 -0.23974413 0.083940886 0.63391703 -0.062389918 0.6363495 0.4083044 -0.19119689 -0.55134386 -0.7142455 -0.36543167 -0.28541166 -0.22222774 -0.4359703 -0.6161669 -0.05957618 0.40610996 -0.8155637 -0.11207028 0.24740233 -0.034800377 -0.7195675 -0.0059227035
1130 -0.10203546 -0.74596477 -0.26938727 0.6881214 1.170647 0.4878217 0.21087287 0.44341537 -0.06211143 0.17254512 -0.09925269 0.09292333 0.56881624 0.26746827 0.81878614 0.29520854 -0.2032807 -0.8286546 -0.8277123 -0.45414487 -0.373888 -0.36911607 -0.40534452 -0.6452659 0.05212081 0.46577513 -0.6243023 -0.29282475 0.2555641 0.04649198 -0.5890503 0.06950935
1048 -0.24130778 -0.24753857 0.25027293 -0.45091984 0.6009551 0.26799032 -0.10637423 0.34513363 0.5776851 1.4036328 -0.545637 -0.75075173 1.6189493 0.5211329 1.039917 0.25260243 0.66174656 0.097480774 0.028844347 0.36087656 1.0698512 -0.3251742 -0.33857933 -0.9204912 0.32012805 -0.4116497 1.1329405 0.8590787 0.62117743 0.76442814 -1.3370407 -0.78264457
1011 -0.17748863 -0.7993856 0.0894041 0.42923218 1.1109873 0.43126026 0.2817962 0.011838595 -0.12759641 0.1059763 -0.38151002 0.047842573 0.69508314 -0.15187033 0.5119211 0.5082695 -0.19528675 -0.43819922 -0.6772803 -0.28587478 -0.3193163 -0.21697415 -0.5255043 -0.6046957 -0.028892076 0.33667904 -0.84641945 -0.04432295 0.23703262 -0.055965718 -0.83625835 -0.006454738
1259 1.0207945 -1.0486382 0.6124193 -0.5895117 0.22017753 -0.82555646 -0.21824637 0.8740217 -1.1914376 0.7847023 -0.09974684 -0.95215964 0.008561569 0.44875345 0.60488194 -0.46146107 -1.1947465 -0.2225031 0.7134336 -0.25633633 0.41679507 -1.1266228 -1.697252 0.038143624 0.53105193 1.0623573 -0.43482342 0.15201838 -0.2644643 0.1913128 -0.8364689 0.18755557
659 0.31479806 -0.04863461 -0.19178513 -0.8095416 1.0039963 0.16180933 -0.6251816 0.24720433 -0.72895646 0.96955603 -0.7393989 0.33787003 0.9539896 -0.48141202 0.69251585 0.93579894 -0.9257639 -0.2436821 0.50722677 0.3246847 -0.69631106 -0.92829454 0.61155415 0.50438845 -0.21483876 -0.28771105 -0.18564539 0.70854634 -1.294829 0.38886598 0.42113906 -0.009704289
1100 -0.53109425 -0.93200123 -0.09459272 0.8912678 0.9823055 0.19866727 -0.97572553 0.41831785 -0.13968256 0.06878988 -1.3319646 -0.78467315 -0.40027854 0.6796623 0.2471313 0.21551974 -1.161465 0.52783185 -0.1301725 0.668831 0.19266911 0.096711464 -0.2074818 -0.3532396 0.3664114 0.10182166 -0.0059716236 -0.057443593 -0.095766135 0.46811715 0.014493721 -1.0114516
1341 0.12492893 -0.70875037 -0.18339661 0.592339 0.9628453 0.5558357 0.124705926 0.41593438 0.036433548 0.34492376 -0.1615312 -0.077081464 0.6759057 0.29444438 0.60512006 0.32160792 -0.21351515 -0.957039 -0.5808717 -0.5490869 -0.5636462 -0.4233327 -0.40190157 -0.5120645 -0.020705035 0.19502726 -0.5117863 -0.36482805 0.27364546 -0.2700577 -0.5615727 0.101202756
944 0.11846675 -0.33805144 0.678199 -0.2849193 -0.14280139 -0.073044315 0.2834084 0.09417073 0.02529489 0.70551735 -0.4353925 -0.8077217 0.90432703 0.4785365 0.59953743 0.09513712 -1.0107713 -0.2155586 -1.3669901 -0.16682282 0.18619353 0.16182369 0.5997154 0.31370035 -0.15667245 0.8246037 0.5741583 -0.27745265 -0.290016 -0.59914124 -0.023053098 -0.14934874
1320 0.13567863 -0.6801166 -0.15118247 0.6638957 0.94031954 0.54033506 0.19583723 0.26590043 -0.08504474 0.07315163 -0.17604426 0.04129453 0.6842109 0.396749 0.73402077 0.0068548117 -0.36197448 -0.8648144 -0.5134953 -0.33413416 -0.41496393 -0.28819984 -0.3630252 -0.7060573 0.09019409 0.14781502 -0.58573973 -0.12190617 0.25198144 -0.17146705 -0.5135725 0.1179292
717 -0.8016324 0.27113783 0.86778617 -0.11513116 0.10681623 0.42971176 0.6220553 0.25256863 0.3758448 0.32880083 -0.29269728 0.4084227 0.08092513 0.11691526 0.7677964 1.0259017 -1.4652867 0.46088573 0.18656597 -0.12695418 -0.36915615 -0.63498753 -1.229406 -0.094420865 0.018341908 0.444498 0.38013017 0.52033144 0.2061773 -0.06927185 -0.20328897 -0.38837805
887 -0.4119386 0.75030905 0.92430526 0.19275703 0.7563302 0.6019676 0.44074607 0.5815742 -0.16711563 0.045871694 -0.30445 0.32694668 0.21821825 0.040692266 0.587011 0.546492 -1.2888893 0.26634768 0.5375898 -0.38555282 -0.3022443 -0.34575206 -0.7302645 -0.20701319 -0.07073684 0.5919956 1.0084732 0.20390446 0.098608345 -0.3358196 -0.35930565 -0.62494457
1190 0.07812963 -0.26361236 0.71178985 -0.292848 -0.14786652 0.054318275 0.2377323 0.077108264 -0.0013196045 0.8431162 -0.41516784 -0.8686004 0.758546 0.53123987 0.59705174 0.27222198 -0.9415789 -0.22225551 -1.473059 -0.11467661 0.1106444 0.014938842 0.7281755 0.43734688 -0.13114868 0.8515781 0.55666727 -0.2767309 -0.330007 -0.3783387 -0.008918145 -0.18923107
648 -0.8155367 0.25902328 0.84263253 -0.086791195 0.089578666 0.3420828 0.65754855 0.2723891 0.37039557 0.40237528 -0.26869333 0.42520154 0.07045102 0.12690456 0.82852924 0.9489491 -1.4829657 0.45934808 0.20072725 -0.06132863 -0.4140539 -0.71511364 -1.2188755 -0.072878666 0.140938 0.47914177 0.3879959 0.45659554 0.17388256 -0.14830475 -0.15828158 -0.41994026
1381 -0.7596074 -0.97483003 0.04041361 0.8258129 0.9356258 0.30489975 -1.0406833 0.47612834 -0.16855554 0.17817733 -1.3802382 -0.87658435 -0.47237235 0.8531629 0.21227056 0.24201009 -1.1386198 0.41113734 -0.07978989 0.7300639 0.15997119 0.10611314 -0.25415507 -0.35850793 0.37591365 0.05964486 0.0057522296 -0.036676068 -0.09216184 0.5275345 0.03590279 -0.8975124
888 -0.473552 0.73969555 0.8837176 0.19112359 0.8400665 0.4827335 0.5508478 0.66052204 -0.19152418 0.121141486 -0.3155928 0.19987598 0.18655968 -0.018484632 0.5653533 0.71513563 -1.1770096 0.35290715 0.49446568 -0.38786837 -0.4393075 -0.5172887 -0.6999532 -0.1244297 0.14662561 0.53974915 0.9164946 0.20916304 0.054478064 -0.47787058 -0.31821528 -0.5477186
795 1.3043375 -0.109250985 0.23726015 -0.10787926 -0.3313517 0.57786167 -0.08449086 0.23968849 -0.24121943 0.64822835 0.4184386 -0.36265865 -0.33007038 1.8727461 0.6276427 1.4213476 -0.4965748 -0.34919295 0.7670471 0.762432 0.23242782 0.24331461 0.16378933 0.024861323 -0.8113062 0.8744881 -0.10602777 0.7844544 -0.14076062 0.24443498 -1.0835103 -0.5997652
1189 -0.5983915 0.6628677 1.0354481 0.057924405 0.15147956 0.5767615 0.14994991 0.7111179 0.17840213 0.3623222 -0.23383062 0.3103788 0.06579356 0.22137704 0.73268336 0.4868225 -1.2773039 0.36533004 0.40870428 -0.22155455 -0.53874415 -0.6064988 -0.8156161 -0.28405717 -0.23499642 0.545235 0.5661099 0.44850954 0.1308995 -0.24704574 -0.45237708 -0.51800144
970 -0.5971869 0.7475069 0.8782625 0.09279425 0.82852995 0.45102984 0.5995522 0.56376827 -0.090676226 0.11840856 -0.20565556 0.20043646 0.27715135 0.15096998 0.5723611 0.69950986 -1.2584199 0.43792474 0.4310182 -0.32199195 -0.4351809 -0.45597082 -0.87422884 -0.1808 0.0497221 0.4184139 0.74877036 0.3556281 0.0021740184 -0.38858482 -0.2086997 -0.52938205
1338 1.104941 -0.1944319 0.06198854 0.36543557 -0.13538375 0.3990412 0.15820143 0.4136796 -0.8375958 0.8468525 -0.03354178 -0.026307171 -0.7156938 1.8323766 0.42812696 1.9406562 -0.256846 -0.17870359 0.25519994 0.5108387 0.61157125 0.22146666 0.12417832 0.22350493 -0.47079903 0.82809573 0.04994306 0.798845 -0.45791614 0.1336171 -1.1963915 -0.36227244
1154 1.3316028 0.025576025 0.52278256 0.25987142 -0.11512469 0.45449442 -0.012805883 0.031695932 -0.59410864 0.73907757 0.08239344 -0.2911826 -0.5178219 1.7108173 0.85418934 1.6842568 -0.24004143 -0.37382156 0.5841606 0.7525372 0.33010957 0.7956603 0.1527385 0.066638574 -0.45260754 0.9603268 -0.075647816 0.6906113 -0.2818027 0.058085904 -1.0832274 -0.4980688
1365 -0.56635827 0.7674305 0.825415 0.09585515 0.7466593 0.39517218 0.73441195 0.73424596 0.03512524 0.116102025 -0.14227359 0.056686126 0.1746754 0.09443793 0.60198706 0.83312535 -1.2465215 0.55062526 0.28273308 -0.2782444 -0.4676023 -0.71875083 -0.8171606 -0.28059632 -0.021642113 0.36785525 0.66940707 0.45271158 -0.007812828 -0.42447242 -0.28014186 -0.4684943
764 -0.048391774 -1.0340179 -0.19771305 0.7474781 0.81829685 0.20539488 -0.7495998 0.19702473 -0.20331274 0.098464355 -1.3772271 -0.7456026 -0.31846598 0.5845231 -0.011549816 0.009711098 -0.9814702 0.38536888 -0.17241034 0.75688833 -0.11583237 -0.0018975065 -0.2101494 -0.24331394 0.10074604 0.23735066 0.082338355 0.092735976 0.05980461 0.34896308 0.07126484 -1.2708354
577 0.0007709545 -0.23590219 0.7181578 -0.33197203 -0.092259884 0.07022359 0.2131817 0.026446324 0.0107035395 0.8947665 -0.45880142 -0.8194344 0.657304 0.47583297 0.5873659 0.2964949 -0.96993005 -0.33286104 -1.4134921 -0.18791248 0.21425797 -0.055619374 0.6774735 0.57022744 -0.23507877 0.8618051 0.64857554 -0.370425 -0.39171895 -0.23738158 -0.051054273 -0.21605785
1178 -0.48718715 0.75381047 0.85323936 0.20895971 0.7283776 0.51089615 0.50117195 0.75480264 -0.14446032 0.1319523 -0.16370574 0.13838543 0.32664108 0.044825073 0.5721452 0.6239225 -1.193431 0.39778477 0.5037097 -0.26980752 -0.42064393 -0.3470711 -0.7627539 -0.23190513 0.09266522 0.4261696 0.9409606 0.3017506 0.056002665 -0.46872547 -0.31135198 -0.6326431
810 -0.09991925 -0.33838806 0.7708381 -0.29633486 0.056127492 -0.36696246 0.46745256 0.09638379 0.105713986 0.61206007 -0.33762586 -1.3994641 0.6426202 0.73206884 0.93170255 0.03368672 -1.1351942 -0.08688345 -1.1826607 -0.008515081 -0.07939103 0.12615572 0.5941631 0.8457367 -0.24069981 0.36387306 0.45170462 -0.1822077 -0.26919538 -0.705655 -0.32787156 -0.04901324
562 1.093333 -0.9823576 0.67742103 -0.5492543 0.27351353 -0.69829446 -0.25291875 0.788068 -0.991782 0.8868396 0.040477343 -0.8519705 -0.010127839 0.4963984 0.6769365 -0.5204336 -1.1759481 -0.18713243 0.6879877 -0.24421598 0.49406084 -1.1591446 -1.7937225 0.1258884 0.3721899 0.9990541 -0.46279606 0.11835526 -0.15421374 0.20778549 -0.74058765 0.074319735
336 0.35837847 -0.52605903 0.22357306 0.73601747 1.1297764 0.37074304 -0.018326208 0.2042462 -0.087802656 0.41603553 -0.28410882 -0.089090854 0.4516305 0.5490303 0.6145447 0.55455655 -0.20820905 -1.0261428 -0.90348023 -0.6089547 -0.7923014 -0.47044486 -0.705945 -0.44568777 0.14112513 0.019628286 -0.7691815 -0.37186456 0.5006374 -0.10744595 -0.39030465 0.087555364
559 1.1472033 -0.86228365 0.70665216 -0.597779 0.3419052 -0.7547324 -0.23727097 0.69724476 -0.973637 0.8815579 0.056206312 -0.80957115 -0.07294749 0.4794736 0.6736999 -0.527009 -1.1632482 -0.22877248 0.64549583 -0.27119684 0.50243455 -1.099409 -1.7627414 0.081030525 0.27242762 1.0460372 -0.44543484 -0.028937086 -0.11157107 0.27506706 -0.77216333 0.027904863
1354 1.0272228 -0.9729711 0.49090788 -0.5597411 0.27362338 -0.73801106 -0.23400697 0.82275295 -1.0716324 0.84920084 0.08804091 -0.79433507 0.0020413166 0.38827813 0.5549275 -0.38822132 -1.1383371 -0.083467074 0.5649881 -0.26262277 0.501468 -1.0940006 -1.6309767 0.094216526 0.39046726 1.0715773 -0.4598232 0.14360636 -0.26063383 0.1292228 -0.7922352 0.09585668
1265 -0.52129495 0.7648449 0.8582282 0.122891575 0.69328654 0.4572647 0.52748454 0.6133897 0.0019720572 0.12374273 -0.19263615 0.2200143 0.1890497 0.10142339 0.5921256 0.68079805 -1.2742285 0.4837224 0.38056046 -0.32162383 -0.39670405 -0.5640717 -0.88256484 -0.28399608 -0.1311411 0.44914663 0.71075773 0.4303918 0.030448996 -0.3473194 -0.25298616 -0.4899967
889 -0.09078518 -0.9716097 0.008084462 0.6216019 0.51535493 0.32043946 -0.6463164 0.33931133 -0.08961129 -0.013074483 -1.2764428 -0.8083719 -0.3633564 0.6171967 0.043879546 0.12330397 -1.0477245 0.43557388 -0.19686829 0.767821 -0.0068080756 -0.08635837 -0.31842962 -0.17074825 -0.07737454 0.074394785 0.10695422 0.0030587306 0.2968134 0.30021277 0.16034159 -1.2535473
1230 -0.7986657 -0.27246797 -0.77113265 -0.066634275 0.31441936 -0.33323938 -0.9311711 0.042767327 -0.5921215 -0.0024583729 -0.6624544 -0.8808672 1.0172226 0.5265099 0.28437677 1.054293 -0.9034543 -0.43112987 0.021810696 -1.1347187 1.261427 0.5834274 -0.5920735 0.47154763 -0.35414624 1.3077824 -0.85775906 1.481186 1.000158 -1.4088007 0.40423506 -0.42685607
1213 0.11930438 -0.73141164 -0.1112672 0.6665292 0.73896116 0.47520718 0.11839695 0.24384357 -0.09684298 0.042921092 -0.21533789 0.04701672 0.6245943 0.4610856 0.6932171 0.04047709 -0.41613734 -1.0670209 -0.562561 -0.32199574 -0.47164246 -0.36466575 -0.38456628 -0.6818717 0.12458273 0.07227008 -0.56551397 -0.10207868 0.43483445 -0.061219353 -0.56902003 0.25308517
1340 -0.27799526 -1.081527 -0.15076485 0.704229 0.9540074 0.28142726 -0.682918 0.3258659 -0.21113236 -0.020760357 -1.3161793 -0.84517276 -0.41999015 0.48147547 -0.045785237 0.065394975 -1.06537 0.30623946 -0.12516035 0.9184165 0.046080478 0.13235863 -0.25625044 -0.28986955 0.15323748 0.2850491 0.20780966 -0.016295278 0.10152816 0.09293055 -0.098248705 -1.0005039
691 -0.08258659 -0.28120306 0.65458363 -0.28588456 -0.1088103 -0.15119748 0.32002917 0.053938918 0.15309428 0.755808 -0.42139998 -1.2016753 0.5401409 0.5518767 0.89364046 0.12886329 -1.0765017 -0.21691456 -1.2355988 -0.06562271 -0.0013876535 0.032950867 0.6537052 0.7730807 -0.2635997 0.5518599 0.48063105 -0.2904308 -0.13278152 -0.5230333 -0.3209459 -0.0482867
1281 -0.053338412 -1.0486549 -0.24300022 0.6608182 0.7557407 0.23753496 -0.6127461 0.2517914 -0.17705606 -0.056254484 -1.1950948 -0.728512 -0.24954642 0.531113 -0.078395605 0.04397191 -1.0165687 0.30045938 -0.14812496 0.8978478 -0.14123167 0.10639804 -0.25118497 -0.17697154 -0.032660916 0.13583857 0.13839751 0.12934186 0.040512934 0.22832869 -0.04432926 -1.187723
221 0.21689337 -0.685235 0.16116454 0.7370399 1.0113164 0.27235466 -0.06799622 0.36996174 -0.19437005 0.20327269 -0.39477855 -0.018099695 0.29710206 0.57653004 0.6246669 0.6737421 -0.17476985 -1.1129023 -0.89119804 -0.8735497 -0.6837945 -0.4624769 -0.557213 -0.44431117 0.28075606 0.06125782 -0.53414536 -0.44144186 0.44471323 0.22625922 -0.5340135 0.17382558
983 0.73835963 -0.26632765 0.09793084 1.5182633 0.24831966 -1.5818698 -0.60875326 1.3504826 0.46287417 0.74954164 0.39741135 -0.20518287 1.7818501 0.70639026 -0.6971207 1.2334924 -1.0545703 -0.25007644 -0.115929045 0.40933254 1.4447829 0.71054536 -0.7421951 0.69865805 -0.63937813 -0.010534955 0.04982669 -0.5816045 -0.19304436 0.6465737 -0.98058844 -0.18744095
1155 -0.24319659 -1.0314884 -0.1594916 0.76391184 0.72897995 0.25396124 -0.79585135 0.2558719 -0.08997516 0.033255175 -1.0680345 -0.7850151 -0.23576424 0.5026926 0.07031949 0.08462097 -1.167816 0.4484963 -0.17624813 0.8646445 -0.115439646 0.03284726 -0.21593209 -0.2939328 0.11180999 0.084704 0.06651862 0.10546292 -0.0025160252 0.34460717 -0.08863414 -1.1905872
1269 -0.4677841 -0.88033885 -0.09295955 0.8666126 0.9327966 0.22969407 -0.9256479 0.4385556 -0.08895259 0.051395793 -1.2014643 -0.76078886 -0.32448575 0.5950277 0.29752442 0.18582238 -1.1866207 0.5540966 -0.18014081 0.70556253 0.21003789 0.066306025 -0.17005745 -0.34264803 0.34995133 0.013552386 -0.08076479 -0.019393347 -0.07265844 0.47782886 -0.037400894 -1.0178462
75 0.3632725 0.15868081 0.035954505 1.4633595 0.59184015 -1.0380129 -0.81233 0.7066029 0.24277914 1.0413859 0.6530732 -0.9305037 1.3243885 0.4444623 -0.83575666 0.9501677 -1.0473756 -0.5853154 0.02265482 0.5853926 0.96109116 0.68251455 -0.8415992 0.9055291 -0.38106567 0.04955691 -0.49764508 -0.12967654 -0.07517997 0.5725933 -1.0509989 0.30539453
771 -0.5183082 -1.0910431 -0.11867743 0.6937713 0.9306162 0.35162666 -0.8275925 0.28015697 -0.26489928 0.04123369 -1.110652 -0.83102125 -0.29482317 0.55993056 -0.02395878 0.15891618 -1.1219333 0.28314453 -0.024712786 0.9262441 -0.144101 0.262632 -0.2513087 -0.33775225 0.1501826 0.14318788 0.11415253 0.032982145 -0.21440594 0.26287842 -0.14216198 -1.0350146
1176 0.08010197 -0.97666115 -0.15043862 0.7070712 0.7643829 0.30075932 -0.74100804 0.2136522 -0.13485219 0.042906754 -1.38741 -0.8017541 -0.33629933 0.50431776 0.007635878 0.020309685 -1.0420568 0.3389564 -0.19493401 0.91242576 -0.12636656 -0.07186949 -0.24067336 -0.20714414 -0.068123065 0.15739143 0.025590487 0.12665083 0.10912795 0.31243733 0.10095047 -1.2601454
1382 3.812825e-06 -0.9261031 0.14810899 0.46636733 0.40802145 0.28914294 -0.5556182 0.29147822 -0.16845609 -0.12537667 -1.2065065 -0.8189036 -0.4093273 0.6423024 -0.04561475 0.23753895 -1.1272945 0.41557598 -0.28438917 0.758307 0.1509396 -0.12958974 -0.3049007 -0.17272124 -0.29587927 -0.012155747 0.031044079 -0.042226635 0.4533836 0.15384279 0.23826276 -1.3005779
945 -0.32051027 -1.0548853 -0.14359581 0.80473167 0.86782795 0.27109754 -0.748361 0.39538985 -0.24078162 0.043882374 -1.2838036 -0.8314272 -0.32852793 0.63654417 0.05576777 0.039020505 -1.0596546 0.33923894 -0.1477519 0.8971008 0.0032509202 0.1242159 -0.25098306 -0.3397159 0.24735247 0.19623157 0.22373615 0.011089101 0.07775727 0.31235707 0.023061179 -0.989814
1351 -0.015699504 -0.975934 0.14572193 0.3865091 0.35465562 0.23161213 -0.5013517 0.31552118 -0.2076207 -0.16294912 -1.2315669 -0.79256564 -0.3669992 0.6841851 -0.069100216 0.24677104 -1.0503343 0.39016655 -0.34116235 0.7389844 0.09549329 -0.08584864 -0.2993688 -0.16282897 -0.24728893 0.0031387715 0.10318213 -0.034645934 0.4182134 0.08797461 0.2023363 -1.2541187
1133 -0.76493806 0.41360623 0.9161174 -0.049659263 0.18677153 0.30656144 0.48251456 0.2927903 0.36946434 0.33220387 -0.27823457 0.41019946 0.11506916 0.17753375 0.778076 0.7108574 -1.485241 0.42331776 0.2213634 -0.17806105 -0.39473653 -0.7690084 -1.0818777 -0.12608743 -0.044486944 0.44126058 0.4485506 0.5695452 0.06163057 -0.16425188 -0.23103441 -0.3974759
1243 -0.23273192 -0.9284439 0.08531583 0.64480805 0.5668727 0.21925578 -0.6281637 0.36216554 -0.17469563 -0.037827957 -1.2390088 -0.83486444 -0.4396939 0.66003704 0.087522484 0.19134015 -1.1479892 0.39186558 -0.23995905 0.75596076 0.18368813 -0.02965073 -0.26895568 -0.20348674 0.032471195 0.04334596 0.10475156 -0.09655197 0.32717374 0.2572145 0.18955685 -1.2232102
713 1.3895674 0.015380911 0.2874062 -0.097850434 -0.1560054 0.5997138 -0.17115565 0.24224888 -0.3489766 0.6633217 0.50332654 -0.5427738 -0.47953475 2.116668 0.78646785 1.2995507 -0.4581701 -0.59477055 0.89489955 0.866639 0.05523153 0.36357635 0.1531815 0.06970403 -0.7152959 1.141049 -0.22446534 0.8373775 -0.049249418 0.076195754 -1.0948787 -0.6117935
578 -0.62757754 0.5991378 0.9009567 0.04809409 0.40273178 0.4999949 0.3694844 0.5825894 0.10182549 0.25861388 -0.20649576 0.31147602 0.17291926 0.11403804 0.71818125 0.61012286 -1.1965121 0.37090835 0.38185236 -0.2732046 -0.47776648 -0.4789099 -0.7996795 -0.21292922 -0.062900886 0.42703825 0.647118 0.34056723 0.13656752 -0.25941938 -0.40394998 -0.533081
1068 1.0515767 -0.9568533 0.63628614 -0.5719116 0.19646378 -0.76298624 -0.29915366 0.84976834 -1.1047363 0.72808266 -0.05713248 -0.8186639 -0.22609884 0.42660254 0.6283858 -0.34516186 -1.1011934 -0.2362623 0.69698244 -0.4113091 0.4029549 -1.0900627 -1.610182 0.026256947 0.4286925 0.94820964 -0.25762907 0.096617565 -0.26965463 0.38292274 -0.8961763 0.24832816
779 1.2158049 -0.5893115 0.7373474 -0.6344058 0.3463357 -0.43268862 -0.36393073 0.65186155 -0.97201395 0.8077899 0.034044664 -0.79004306 -0.0768468 0.36883035 0.49636668 -0.4659908 -1.2196213 -0.25968954 0.7903007 -0.2777114 0.8342544 -0.9580098 -1.7298262 0.12509927 0.24788815 1.0083407 -0.31226885 -0.21806866 -0.1707901 0.3132841 -0.5950044 0.05390925
957 -0.11589772 -0.984169 -0.13522051 0.68607914 0.87170774 0.27864987 -0.68499124 0.26317498 -0.19031222 0.031174522 -1.3253782 -0.80833024 -0.32146466 0.50751334 -0.029423347 -0.00049137825 -1.0455517 0.316391 -0.15121005 0.93307453 -0.0610877 0.03850665 -0.18210138 -0.1991807 0.041104104 0.20539613 0.15181997 0.04121371 0.08401183 0.19453888 0.0097044455 -1.0978483
1055 -0.57692164 0.6099423 0.9738216 0.04209788 0.28383675 0.5247434 0.3504044 0.70233953 0.13571891 0.2908865 -0.2440091 0.2701608 0.1100712 0.1561095 0.7164552 0.6238546 -1.275536 0.37173533 0.4291219 -0.22845359 -0.53129506 -0.6773011 -0.8023646 -0.27759853 -0.15365188 0.55639166 0.6257415 0.48690197 0.071007945 -0.26613626 -0.40444902 -0.50044256
756 0.15006079 -0.37598357 0.57722515 -0.314125 -0.29912037 -0.02886469 0.21418935 0.031149818 0.03244347 0.7292579 -0.48096338 -0.90987754 0.7987252 0.46698412 0.7265507 0.10719783 -0.9526858 -0.22494362 -1.3385849 -0.23239462 0.15476881 0.27602518 0.56950426 0.33460706 -0.078924656 0.8236593 0.5865399 -0.25039226 -0.20257184 -0.55324554 -0.099143 -0.17397413
1183 0.013295513 -0.2998145 0.74383456 -0.2463806 -0.11183913 -0.114713274 0.42764297 0.14928594 -0.072512284 0.61597633 -0.3786122 -1.0258663 0.79920226 0.54885465 0.6253486 0.14231604 -0.8994623 -0.28594974 -1.3576716 -0.08422665 0.16643877 0.18318106 0.6300117 0.40070707 -0.1873525 0.7334244 0.61848104 -0.23725279 -0.29336065 -0.55002415 -0.09652794 -0.20146182
1199 -0.07452954 -0.82145643 0.1308743 0.45960376 1.2089206 0.46896833 0.25321323 0.10763457 -0.09000026 0.0852039 -0.37165606 0.0759428 0.6895596 -0.03129414 0.5000666 0.53177154 -0.18996905 -0.5741274 -0.59870285 -0.3621829 -0.35311115 -0.19395758 -0.47593835 -0.57354444 -0.009179055 0.36023203 -0.7829856 -0.15735082 0.26739755 -0.05945065 -0.73657763 0.034905538
563 1.2153399 -0.8520401 0.71438867 -0.5762832 0.3970703 -0.60646784 -0.12041369 0.60529774 -1.0149438 0.8293887 -0.021530187 -0.84712446 0.07860155 0.39582923 0.7762776 -0.63889927 -1.1647701 -0.21403193 0.6012456 -0.15399441 0.6138822 -1.0120233 -1.8319707 0.08835169 0.44952625 1.0357554 -0.4396121 0.1595958 -0.2670867 0.29162908 -0.528149 0.12813173
1151 1.0368104 -0.91416407 0.5038922 -0.5139403 0.21817876 -0.6957911 -0.10037126 0.7432226 -1.007233 0.7232793 -0.07537638 -0.85954076 0.12238711 0.25047445 0.6383251 -0.41138905 -1.1416886 -0.18352868 0.59948206 -0.17851944 0.38915637 -1.1060969 -1.6007103 0.09891507 0.57779026 0.9501209 -0.43327522 0.2070473 -0.3255118 0.25284088 -0.6774774 0.19739783
231 -0.055795796 -0.9996502 0.17129013 0.33267754 0.48659936 0.20321928 -0.49222866 0.3001843 -0.16196373 -0.06298817 -1.2570775 -0.8680042 -0.5100078 0.6492075 0.058719452 0.20777196 -1.122012 0.44229078 -0.31914294 0.66962934 0.17874803 -0.014428079 -0.38936353 -0.1585588 -0.18915237 0.0031827746 0.108001836 -0.14432676 0.42587402 0.11377581 0.21210311 -1.308621
718 0.92178684 -1.1098319 0.60675657 -0.56683207 0.19572128 -0.83242655 -0.25881198 0.9298249 -1.357502 0.65513545 -0.07564204 -0.8983574 -0.19876783 0.40144727 0.5903172 -0.24036646 -1.1705036 -0.4108167 0.7027602 -0.40243626 0.3966027 -1.1769707 -1.6036437 0.00034893327 0.65981525 0.9404545 -0.22463979 0.15060243 -0.4038668 0.33422223 -1.0522071 0.36970213
879 0.05278027 -0.68889797 -0.24238211 0.7323868 1.1125562 0.43164343 0.20306978 0.4971375 -6.412015e-05 0.16244791 -0.087510884 0.08760269 0.64407223 0.31417266 0.80338514 0.2737686 -0.2472259 -0.80787253 -0.7455311 -0.49711823 -0.4218318 -0.35633475 -0.3795611 -0.63660896 0.09344895 0.34372976 -0.57255566 -0.35101485 0.15128739 -0.07754906 -0.44247508 -0.029678859
1200 -0.1840404 -0.93756914 -0.009688939 0.8130781 0.65855837 0.2451134 -0.7447256 0.4049099 -0.033061434 0.009994325 -1.249237 -0.87938595 -0.36821944 0.5464579 0.2700993 0.15142304 -1.2122515 0.5597341 -0.25459173 0.8292276 0.11667697 -0.0035785283 -0.1955954 -0.23409386 0.03891844 0.027579816 0.036032505 -0.048072256 0.28961614 0.36501715 0.1038844 -1.246662
1069 -0.2361035 -0.9188198 -0.025933882 0.6996579 0.646296 0.08098327 -0.55805314 0.39036092 -0.08777096 0.017491385 -1.1821339 -0.7899842 -0.37673554 0.57423156 0.20045571 0.15422726 -1.1976776 0.5207519 -0.27310795 0.67822874 0.12662673 -0.00094313885 -0.2259398 -0.21021336 0.14976946 -0.015301418 0.10288336 -0.13529056 0.25271124 0.32959467 0.07810923 -1.2431222
1236 -0.53267574 -0.82404494 -0.0068942355 0.7722604 0.98898154 0.4947751 -0.9984423 0.35821003 -0.17402315 0.062018387 -1.3956763 -0.8990482 -0.44688913 0.70205545 0.106082626 0.22362112 -1.1960878 0.4213433 -0.034979388 0.8165393 0.28374946 -6.89115e-05 -0.27728158 -0.3324622 0.25908127 0.14037067 0.00018910292 -0.09071579 -0.048838787 0.37760538 0.045186732 -0.9076182
913 0.07978169 -0.12433331 0.6242287 -0.12979935 -0.054112315 0.19499113 0.20649143 0.011069832 -0.016499719 1.0018715 -0.3802876 -0.9639617 0.55387163 0.47965753 0.7533238 0.21800286 -1.036 -0.20879422 -1.4819098 -0.22661346 0.21604215 0.007144556 0.74863553 0.6507369 -0.21959303 0.9298359 0.44092476 -0.4677876 -0.18979454 -0.18577786 -0.011395164 -0.2084169
1316 -0.548828 0.719465 0.94604254 0.063977554 0.44411412 0.4969869 0.5421665 0.82182986 0.05886344 0.1510549 -0.16767335 0.08937617 0.18474595 0.15714145 0.6466751 0.71782255 -1.253042 0.454049 0.36693045 -0.24474783 -0.50540435 -0.6773087 -0.87329847 -0.39737844 -0.19181854 0.39792433 0.58430445 0.53167486 -0.014536449 -0.22335072 -0.38144833 -0.5100502
1056 -0.55295926 0.61460537 0.96393555 0.1350219 0.23918791 0.5408938 0.32112628 0.7833063 0.15699016 0.35944432 -0.23742227 0.24335578 0.13606751 0.048169766 0.7370728 0.57938343 -1.1604065 0.38576442 0.42655414 -0.17908965 -0.53915447 -0.60852325 -0.72620404 -0.31153843 -0.13974766 0.5389523 0.6268808 0.37295043 0.16848043 -0.27939814 -0.44965836 -0.51278263
191 0.2849554 -0.8188829 0.08620572 0.77164245 1.0599896 0.35160398 -0.011085417 0.44410676 -0.114177495 0.12699276 -0.19347298 0.01358543 0.50074685 0.47979385 0.61996806 0.5665032 -0.21414493 -0.96908355 -0.75878847 -0.780743 -0.67077565 -0.49080828 -0.49770212 -0.5607048 0.2502083 0.18030635 -0.51785696 -0.3882462 0.3702349 0.0059891827 -0.414684 0.15487526
1277 -0.52668744 0.697917 0.83274645 0.16864446 0.7891389 0.39067554 0.5364909 0.51522374 -0.12037895 0.21092698 -0.27634108 0.2974784 0.19156857 0.07773577 0.60373765 0.6651534 -1.2659173 0.39788043 0.43059662 -0.32815057 -0.46991166 -0.46141914 -0.88667506 -0.1282497 0.20262176 0.35738036 0.877698 0.31433785 0.08417411 -0.39953506 -0.17731568 -0.53972137
643 -0.606651 0.5649785 0.9324629 0.03422525 0.2738092 0.53891456 0.24022888 0.50245184 0.04943393 0.4267023 -0.2908901 0.35336182 0.1252417 0.12305471 0.67259747 0.3891143 -1.2375628 0.3701182 0.42781013 -0.19494821 -0.4800389 -0.53303415 -0.72187734 -0.16212656 -0.055894207 0.5450733 0.6466394 0.37641385 0.19102614 -0.27864984 -0.40282318 -0.53738046
714 -0.09782512 -1.1413927 -0.18649314 0.5396837 0.690146 0.37700787 -0.66423064 0.1571236 -0.2578623 -0.0067494283 -1.2626464 -0.7793985 -0.2721819 0.60283685 -0.20545152 0.09949659 -1.0186839 0.24052079 -0.09798335 0.8591701 -0.10990917 0.03159748 -0.35762924 -0.25867435 -0.0041363603 0.14987302 0.1254546 0.07090197 -0.033749226 0.1500136 -0.014640412 -1.2237394
588 -0.21833135 -0.2647925 0.82050234 -0.25046209 0.1179712 -0.47025862 0.5764044 0.10062461 -0.11932567 0.5162643 -0.21754904 -1.3821338 0.7186305 0.81580937 0.82865864 -0.04738664 -1.1361488 -0.095770404 -1.2224422 0.039702255 0.022495147 -0.011981916 0.58948445 0.842608 -0.29527667 0.33523828 0.58715624 -0.26153913 -0.29261804 -0.82490236 -0.451941 -0.09749473
733 -0.36689895 -1.0416774 -0.16319293 0.66106385 0.86963266 0.40283042 -0.8473304 0.11298319 -0.19995005 0.021680811 -1.1033764 -0.7901533 -0.25930053 0.5909384 -0.10279751 0.14185286 -1.120147 0.19078659 -0.054082103 0.93223083 -0.118784904 0.13970432 -0.29002306 -0.32474306 0.079474576 0.18338168 0.04310297 0.1314386 -0.2279285 0.24721278 -0.06044695 -1.1533006
1084 1.0361412 -0.9718478 0.57099986 -0.5606416 0.21622925 -0.721468 -0.15355222 0.7457738 -1.0120003 0.81319076 0.012305093 -0.81191164 0.0038311032 0.3691711 0.74535286 -0.4655707 -1.117643 -0.21960703 0.6306895 -0.24861932 0.41269022 -1.122415 -1.6297792 0.15097786 0.4239631 0.93929017 -0.37792915 0.1421779 -0.22472104 0.20783128 -0.79948545 0.18500017
918 0.17778711 -0.63060933 -0.052110117 0.70669276 0.893158 0.49062288 0.11742299 0.32965285 -0.09801238 0.15914163 -0.2735938 -0.046826813 0.6605986 0.53384924 0.5811849 0.1689414 -0.29509664 -0.9743175 -0.5494975 -0.47477603 -0.58548343 -0.5142874 -0.4176552 -0.47966605 0.18858823 0.05899344 -0.60879207 -0.18085873 0.3919089 -0.24557826 -0.554939 0.14589517
1343 -0.38350043 0.8037994 0.9550871 0.17508763 0.8076735 0.44298437 0.539391 0.806906 0.0011623106 0.059453767 -0.13280699 0.17319332 0.27896708 0.13193525 0.598897 0.60724646 -1.2559183 0.41915622 0.45350975 -0.3969492 -0.44231197 -0.5713205 -0.7662494 -0.30988884 -0.16635086 0.43584403 0.8356417 0.41858473 -0.008806966 -0.35822204 -0.31877524 -0.5665864
1380 -0.37187532 -0.9445331 -0.115634404 0.7944434 0.7503423 0.1821828 -0.7661241 0.4953899 -0.0667081 0.02032652 -1.3080564 -0.8639536 -0.36731765 0.5437159 0.18462533 0.18289785 -1.1683829 0.5249927 -0.2141951 0.77159005 0.19296499 -0.08912369 -0.22835508 -0.3293437 0.21908604 0.0032268316 0.0635895 -0.13810353 0.16744646 0.3785344 -0.04157756 -1.1217709
716 -0.55567 0.61678284 0.97054464 0.051970053 0.14662564 0.46288592 0.33912465 0.6666391 0.22003582 0.3411061 -0.24926132 0.2797031 0.11680199 0.23377171 0.7298221 0.5605022 -1.3024876 0.4062795 0.3516274 -0.25394934 -0.5456636 -0.7370589 -0.8034514 -0.2844173 -0.2416281 0.5096008 0.52999043 0.54008335 0.113146156 -0.20786166 -0.4308807 -0.511823
1212 0.15006933 -0.6111437 -0.13499974 0.6790002 0.7942663 0.47223413 0.11992745 0.29733565 -0.12140478 0.042027652 -0.2125455 -0.009693099 0.6225631 0.5654727 0.6947953 0.07294761 -0.391208 -1.0915756 -0.6051401 -0.42332578 -0.50294834 -0.37146214 -0.36320347 -0.5984271 0.15196489 0.033199266 -0.5529739 -0.10546785 0.37332207 -0.11397284 -0.58667254 0.18677764
1326 -0.5875884 0.7199434 0.8303851 0.16612163 0.7832791 0.37751728 0.65161794 0.7105358 -0.07340938 0.15141396 -0.20146883 0.157783 0.23440632 0.04516048 0.55204934 0.73879 -1.2311391 0.5003233 0.33008882 -0.2439774 -0.44277817 -0.60506076 -0.821395 -0.21374124 0.08120168 0.34303346 0.7800939 0.38847768 0.014661446 -0.45992574 -0.24331933 -0.5354481
493 -0.08501206 -0.8635165 0.13429481 0.41328833 1.1091006 0.36164486 0.2528327 0.04330695 -0.18035278 0.10827122 -0.4351062 0.081368975 0.71031773 -0.061596684 0.48989624 0.4772829 -0.23416771 -0.60570717 -0.6445805 -0.33223027 -0.41912273 -0.20068543 -0.52005345 -0.5512623 -0.021791726 0.22454858 -0.7798253 -0.05475425 0.25027624 -0.024280913 -0.84167135 0.07858415
719 -0.77239174 0.36463112 0.8537186 -0.06520773 0.22815034 0.39461723 0.5711892 0.24819863 0.33687678 0.35769242 -0.20757498 0.39873755 0.06026367 0.07245684 0.8064577 0.9154482 -1.4188638 0.45709798 0.19331223 -0.091115646 -0.37052315 -0.5844724 -1.2564995 -0.12589361 0.048516836 0.45797005 0.3894707 0.45940426 0.17057922 -0.11056397 -0.15297385 -0.37585777
919 0.17193395 -0.64208496 -0.023293884 0.5931444 0.8841571 0.5544712 0.13129345 0.25717676 -0.06680077 0.14039604 -0.2618917 -0.05608047 0.6294735 0.45381892 0.5717164 0.16353755 -0.34360334 -0.9267888 -0.4722207 -0.42447942 -0.5269113 -0.42649063 -0.36593458 -0.5762093 0.066825144 0.085248716 -0.6342203 -0.18195717 0.32353166 -0.2207621 -0.54534936 0.24999905
1181 -0.06652146 -0.9559456 0.18315437 0.43094358 0.49205768 0.23739496 -0.5325299 0.28492412 -0.15114868 -0.09875893 -1.2365783 -0.8296071 -0.40829208 0.65805215 0.016449569 0.21205029 -1.0830549 0.41841254 -0.2532913 0.7405879 0.12392421 -0.023521869 -0.3019801 -0.14794809 -0.15059368 0.008561488 0.08184994 -0.05947023 0.38610968 0.15188588 0.20000589 -1.214075
732 -0.17608815 -0.96126384 -0.14541087 0.72220224 0.8845336 0.36468205 -0.7459535 0.25839818 -0.23701824 0.083448075 -1.3346069 -0.85361445 -0.3453831 0.5551426 -0.07343525 0.061021604 -1.0367552 0.32093054 -0.060573228 0.9247178 -0.10307282 0.08536161 -0.19845746 -0.31670555 0.08263294 0.25847083 0.08590686 0.05636902 -0.009335662 0.2980626 0.015095317 -1.0487144
845 -0.81231505 0.32780072 0.7975456 -0.018176785 0.17965762 0.3758728 0.596403 0.25092015 0.30641773 0.3571976 -0.31941846 0.5138645 0.08639201 0.13561918 0.75727534 0.96506035 -1.479998 0.5267174 0.16136095 -0.12746024 -0.42035764 -0.7655107 -1.2711478 -0.08040344 0.12595913 0.48666602 0.46051958 0.56398237 0.15473692 -0.22184965 -0.19380808 -0.36692375
1071 -0.78576446 0.28363803 0.8437822 -0.057801038 0.20929767 0.32740277 0.63877684 0.2921104 0.36211866 0.33365655 -0.259072 0.43199942 0.058283046 0.16749156 0.74874365 0.9225923 -1.4621687 0.44598782 0.14799763 -0.21614157 -0.45458707 -0.7633017 -1.2235563 -0.16369505 0.01865137 0.41357887 0.4367754 0.5799913 0.09760828 -0.087971576 -0.20084508 -0.39601976
2 0.11347127 0.20143631 -0.46642947 0.45039847 0.31988436 0.76366687 -1.2695066 -0.20059928 -0.42103362 0.5653155 0.1051238 -0.66171193 -0.24186206 -0.0688955 0.7140796 0.618995 -0.6960571 0.43205854 -1.1935233 -0.4066054 -0.119700484 -0.3909293 -0.8176465 -0.08916016 -0.7678042 -0.6537715 1.094425 0.87214625 -0.35210684 -0.4062658 -0.43486637 0.2500888
987 -0.5928228 -0.8331878 0.044180147 0.87779504 0.9942931 0.29297003 -0.9337561 0.43929055 -0.20916201 0.024116067 -1.3293738 -0.814043 -0.36987445 0.73770845 0.21787943 0.19674136 -1.2372657 0.47905973 -0.10379546 0.70512867 0.2377287 0.113789424 -0.19336532 -0.38780573 0.3164502 0.023337534 0.07080556 -0.15411247 -0.029589532 0.43936357 0.035176195 -0.87264985
1019 -0.05768539 -0.2977969 0.77956206 -0.21951829 0.05274788 -0.34715086 0.56361365 0.13204838 -0.07306786 0.5120203 -0.2372759 -1.3559883 0.76736826 0.7391107 0.7431398 0.059361238 -1.0258771 -0.19477211 -1.2388648 0.051376276 0.008777346 0.063907064 0.58335066 0.7510677 -0.2332855 0.45141587 0.5738597 -0.16333997 -0.30244675 -0.71927804 -0.24249792 -0.15031111
898 -0.022663904 -0.18033873 0.667772 -0.30331174 -0.032946985 -0.15221033 0.35679403 0.07502318 0.15595244 0.68913263 -0.35774413 -1.2765919 0.60230654 0.6129431 0.8997191 0.097902365 -1.0895151 -0.19374955 -1.2241316 0.010188979 -0.012733681 0.14791277 0.6634183 0.773975 -0.2727175 0.4564768 0.4687359 -0.25155675 -0.1474827 -0.5710966 -0.27045035 -0.06666393
767 1.1553531 -0.95461744 0.70196724 -0.4430135 0.29130515 -0.6479157 -0.22940029 0.68155557 -0.93046653 0.6753744 0.042038016 -0.75453556 0.15941426 0.32433188 0.72570425 -0.5317865 -1.106655 -0.11416227 0.5854172 -0.12166377 0.6391884 -1.1849532 -1.7601439 0.19411726 0.59181726 0.9705883 -0.48872447 0.18685003 -0.20063351 0.28269246 -0.6841089 0.17228557
848 -0.024139926 -0.31875223 0.5883953 -0.41676024 -0.13766347 -0.10327912 0.25824198 0.026261942 0.24941511 0.8239998 -0.44243264 -1.2876716 0.5538564 0.56186455 1.0381452 0.075631775 -1.1232505 -0.16255575 -1.2814846 -0.1065937 -0.058161344 0.06975524 0.5795109 0.9256795 -0.25141153 0.50131726 0.41897392 -0.2519021 -0.14791468 -0.42041826 -0.33580464 -0.008974903
223 0.35487515 -0.53918725 0.19348934 0.7413855 1.1707041 0.37180623 0.06370726 0.16362144 -0.15918142 0.30113804 -0.30202556 -0.0023793834 0.4311268 0.5157904 0.63101566 0.48640382 -0.20587571 -0.9531148 -0.9401679 -0.56345516 -0.69946384 -0.42034295 -0.670423 -0.45481944 0.17707308 0.08073572 -0.7318735 -0.3861898 0.44544908 0.03312586 -0.33736917 0.036090113
1195 0.04892045 -0.26084808 0.678421 -0.14460056 -0.1503242 -0.097478814 0.3465247 0.08736077 -0.058713377 0.7119193 -0.39209265 -0.8810811 0.7646723 0.4544206 0.5847773 0.14613271 -0.9433722 -0.28699842 -1.3170637 -0.14127192 0.13394001 0.16658588 0.60979414 0.37089333 -0.09587634 0.75685376 0.6149433 -0.24377221 -0.23430271 -0.577951 0.056627862 -0.18921265
253 0.06608545 -0.7162581 0.0018647555 0.58196187 0.959215 0.4457038 0.1803744 0.185887 -0.1770796 -0.01019266 -0.3468072 0.047190484 0.6464267 0.31566375 0.6483709 0.1927667 -0.33448845 -0.88067144 -0.56051236 -0.31515244 -0.4235373 -0.278777 -0.3893122 -0.66888326 0.11879477 0.11027735 -0.74123996 -0.057906497 0.2740539 -0.08095874 -0.68082076 0.11335681
947 -0.41298193 -0.28731006 0.538231 -0.65552866 0.49255267 0.040363587 -0.25440556 0.2844003 0.7921516 1.0145904 -0.51699615 -0.6721879 0.8787796 0.48784307 1.1561984 0.36141068 0.4320597 -0.13471101 0.3536677 0.38381368 1.1526804 -0.08036713 -0.14425282 -0.72753006 -0.0584031 -0.41009176 0.86824733 0.74328864 0.62892807 0.7779143 -1.5864284 -0.5191807
1087 0.04199278 -0.19905554 0.66419494 -0.33362675 -0.151789 -0.044106588 0.26769015 0.012040931 -0.06030898 0.8571287 -0.42965105 -0.93942785 0.7251809 0.58080286 0.6378291 0.22292604 -1.0019329 -0.34447217 -1.3439388 -0.22655064 0.13573538 0.04040906 0.6269458 0.5682248 -0.17110743 0.84839106 0.5959945 -0.40550435 -0.22479612 -0.3726644 -0.009318448 -0.18230459
1144 -0.6593818 0.45710322 0.8673854 -0.048743293 0.13695747 0.3922401 0.48113257 0.514444 0.33244392 0.19710626 -0.20108846 0.28781334 0.09970047 0.21702994 0.6884122 0.7590692 -1.3815935 0.4195594 0.22158107 -0.25060904 -0.41307044 -0.8101143 -1.0553436 -0.3122649 -0.1631772 0.43454698 0.39103132 0.60688925 0.06867006 -0.116834044 -0.3070659 -0.40350434
646 -0.0027198163 -0.31464544 0.66485626 -0.2032605 -0.08544919 -0.0935032 0.341673 0.1369064 0.054998726 0.6711205 -0.3293542 -0.98841625 0.76390636 0.5062739 0.7290775 0.091690116 -0.96934086 -0.1518918 -1.2974497 -0.14884873 0.14941189 0.09216352 0.6230452 0.55993986 -0.2112363 0.63887393 0.5193556 -0.30334866 -0.22849783 -0.6332835 -0.15296155 -0.1591208
612 1.3155099 -0.49305335 0.75108194 -0.71273994 0.36671203 -0.32320908 -0.33400598 0.6348238 -0.93796426 0.7360805 -0.14596318 -0.8555308 -0.081124835 0.30460942 0.5329912 -0.4485284 -1.1926926 -0.2753536 0.7718501 -0.21938558 0.90197945 -0.9550361 -1.7222986 0.11691383 0.30582792 0.9891775 -0.27040753 -0.19320677 -0.29164597 0.3580483 -0.5124674 0.25026917
443 0.20196296 -0.80578375 0.07970953 0.71162057 1.1059222 0.32033843 -0.020283898 0.45703942 -0.07875205 0.051776562 -0.19709359 -0.060577016 0.49950543 0.35623634 0.6259536 0.5827875 -0.22579867 -0.9183039 -0.68253297 -0.77287567 -0.68614984 -0.45779416 -0.4043545 -0.46046737 0.19314046 0.1709269 -0.51314783 -0.37158898 0.365451 0.048778076 -0.53678465 0.16160916
1275 0.09382916 -0.73965645 -0.26916742 0.64396614 1.0172108 0.47605416 0.1699713 0.6121912 -0.05039761 0.27793342 -0.11492297 -0.16994236 0.5710231 0.16736716 0.65248704 0.38331598 -0.13095504 -0.88099986 -0.60949004 -0.50127417 -0.5601499 -0.33907273 -0.328354 -0.52773684 0.05254374 0.30223808 -0.49006656 -0.36885405 0.27411377 -0.17438252 -0.53793216 0.078053586
695 1.0686014 -0.73932767 0.6038451 -0.4678505 0.17943402 -0.67995805 -0.34156656 0.67227715 -1.1861643 0.5692618 -0.09604388 -0.6033711 -0.16632067 0.3641477 0.45920643 -0.17391689 -1.257257 -0.2017878 0.6313546 -0.60120475 0.58358884 -1.2106324 -1.3350016 -0.101126 0.7605741 0.7629593 -0.217763 0.26955393 -0.519969 0.3544921 -0.95027447 0.31336898
8 0.412984 0.18221413 0.35492525 1.337593 0.42285848 -1.0685532 -0.7957943 0.7033043 0.21451487 0.82568526 0.52030957 -0.66774666 1.4070413 0.3654309 -0.6964803 0.95749176 -0.8830304 -0.41332817 -0.13371837 0.45715523 1.1374432 0.6375607 -0.62109303 0.791852 -0.4201454 0.16033594 -0.52034444 -0.21832012 -0.02827685 0.6800401 -0.7693481 0.27147812
874 0.9404617 -0.9841369 0.5816656 -0.5680466 0.29466897 -0.74042195 -0.20524044 0.8114833 -1.1040456 0.71456224 0.017197056 -0.77257603 -0.08007134 0.44044644 0.48579374 -0.4152387 -1.1153914 -0.2584336 0.6225739 -0.25281096 0.40934685 -1.1369699 -1.5861049 0.03484413 0.44175175 0.9707729 -0.35503694 0.15515648 -0.21405661 0.17303093 -0.8082192 0.19850239
929 0.96163565 -0.82361764 0.66919345 -0.54542565 0.18510489 -0.74570924 -0.3019377 0.75160784 -1.1174538 0.8206602 -0.064272605 -0.80448717 -0.20661072 0.48613727 0.5751905 -0.3537253 -1.1110295 -0.3355688 0.7205656 -0.3606905 0.5101579 -1.1055895 -1.6156261 0.043496702 0.3665467 0.9151408 -0.3880471 -0.009676152 -0.25181013 0.3448455 -0.84225595 0.08335419
531 -0.078138895 -0.32254085 0.81363094 -0.3025341 -0.043570153 -0.13495299 0.32958382 0.12769598 -0.028634753 0.62006783 -0.33030123 -1.115981 0.65693647 0.6003757 0.74760103 0.11177954 -1.0044137 -0.19565475 -1.2279971 -0.048122533 0.10323087 -0.041266955 0.6878215 0.6650854 -0.23716846 0.5059685 0.5453179 -0.2867062 -0.34045067 -0.6272716 -0.2579778 -0.083547674
1321 0.19296588 -0.5983805 -0.11338492 0.6740317 0.87828964 0.5040102 0.0998385 0.36103943 -0.07966261 0.11697388 -0.2512414 -0.11240862 0.676445 0.52163744 0.5701098 0.19536446 -0.28304443 -0.91289794 -0.5197308 -0.4953932 -0.5946615 -0.5201992 -0.3095478 -0.54490143 0.086405486 0.112621166 -0.65688944 -0.19120796 0.36347604 -0.2723292 -0.5478399 0.124562286
782 1.2119682 -0.9101694 0.7315149 -0.49915096 0.34977865 -0.7222943 -0.07592598 0.57103837 -0.9639738 0.80315036 -0.12293217 -0.89120847 0.06324026 0.16588369 0.7760018 -0.44762564 -1.1442618 -0.1615105 0.600272 -0.25821874 0.4404723 -1.0017383 -1.589947 0.15659845 0.56927526 0.9730881 -0.44571856 0.23772083 -0.3631382 0.421907 -0.5592535 0.21932963
641 0.0026037525 -0.19284652 0.7085321 -0.1818986 -0.0580383 0.15175815 0.25550693 0.09296939 -0.03856934 0.91336375 -0.3825962 -0.92432797 0.67070425 0.4378289 0.65056324 0.2032126 -0.90517825 -0.26364812 -1.4324346 -0.25877547 0.2405433 -0.020625321 0.73683584 0.45858693 -0.27283394 0.9538319 0.5108142 -0.30022824 -0.2541701 -0.2824466 0.01062028 -0.2221973
1112 -0.28935435 -1.0785176 -0.2882661 0.76204485 0.841525 0.21679878 -0.6967147 0.2680636 -0.15562977 0.093359806 -1.1340922 -0.80518776 -0.32554367 0.5558623 -0.0010035305 0.043274835 -1.0267031 0.38290703 -0.07650696 0.8019938 -0.083769895 0.10796212 -0.24018897 -0.30973887 0.19071372 0.18885313 0.13964383 0.06893512 -0.036383856 0.2564496 -0.13265547 -1.0292431
827 1.1081287 -0.8906771 0.6642536 -0.5239348 0.3080352 -0.79569525 -0.23956081 0.7384256 -0.97923833 0.8109448 0.025178676 -0.74932224 -0.104563355 0.5133641 0.70436096 -0.53423434 -1.081396 -0.18212858 0.6110644 -0.17267951 0.47019577 -1.0636249 -1.6448281 0.14042945 0.30720264 0.9372979 -0.4102094 0.082522355 -0.15098165 0.18522277 -0.7728011 0.041921727
1209 -0.5731894 0.5583958 1.053673 -0.006025604 0.13375801 0.6936973 0.2879961 0.8079376 0.13262692 0.38109258 -0.19879615 0.19552569 0.12565917 0.12698618 0.73973787 0.49917832 -1.2033154 0.3580005 0.43384564 -0.20467989 -0.5524104 -0.58821934 -0.70729804 -0.23763047 -0.25993153 0.5513033 0.51067764 0.41706586 0.20537889 -0.12829496 -0.40662152 -0.56735945
828 0.08694611 -0.25798488 0.7061533 -0.22906667 -0.20267336 -0.029371042 0.23979641 0.08065511 0.053309996 0.7755455 -0.36990407 -0.9867395 0.7502572 0.50120413 0.7546219 0.14791712 -0.8947902 -0.1772686 -1.3853908 -0.0978474 0.16288936 0.105407916 0.65892476 0.46946904 -0.09544761 0.80031097 0.5573597 -0.20677751 -0.19921505 -0.52440107 -0.030380538 -0.21469223
839 0.22311772 -0.2473843 0.63112956 -0.20886377 -0.2556163 0.017338388 0.28043225 0.07253896 0.061476592 0.7274493 -0.4524286 -0.9423862 0.78676814 0.44690868 0.68270767 0.14095497 -0.9314965 -0.18712647 -1.3906876 -0.12910762 0.15497042 0.24684754 0.54910207 0.3478436 -0.040667642 0.7924877 0.5793246 -0.29763848 -0.12416297 -0.57830083 0.0021448736 -0.22979753
1342 -0.55961555 -0.99292195 -0.10847823 0.694191 1.0291166 0.28646865 -0.85985 0.33372656 -0.19590206 0.0935991 -1.2704113 -0.84919137 -0.46050012 0.6640226 0.12195504 0.13126875 -1.0285497 0.38560137 -0.03181241 0.8007068 0.08332053 0.15973958 -0.29520443 -0.2666158 0.36800152 0.1954651 0.115550525 -0.052951097 -0.07568862 0.2844884 -0.07747966 -0.9169253
1018 -0.15453345 -0.16353104 0.7433283 -0.15369697 0.11231664 -0.36693242 0.5990711 0.10676338 -0.08164059 0.52840036 -0.1675946 -1.3888284 0.7630231 0.6587996 0.828225 -0.002180091 -1.0679549 -0.088098764 -1.2273105 0.06532258 -0.03303383 -0.017401628 0.5828562 0.79267573 -0.26243228 0.3090333 0.46003684 -0.22264884 -0.21742284 -0.763354 -0.29478276 -0.13065028
1016 -0.13314892 -0.32647538 0.82032746 -0.23772338 0.10787506 -0.37926215 0.49009973 0.111942075 -0.006467358 0.5034978 -0.29420093 -1.3375912 0.6968998 0.65632963 0.7758289 0.03982119 -1.0741713 -0.13867801 -1.2320843 0.049427375 0.020622792 0.021248896 0.6417172 0.7638934 -0.26680323 0.34599206 0.52315044 -0.23111267 -0.31901857 -0.753713 -0.38399214 -0.09918587
826 0.07705256 -0.26247895 0.68112946 -0.18424183 -0.12640363 0.0050969776 0.25252503 0.06775393 0.018714419 0.8072938 -0.36167383 -0.9653195 0.6742583 0.53698605 0.70930696 0.16873944 -0.943565 -0.19690537 -1.3844657 -0.15012942 0.11670935 0.054332025 0.6746154 0.53351784 -0.07744527 0.7874628 0.5647298 -0.29026496 -0.19854242 -0.5583094 -0.025780227 -0.1783242
587 -0.111171626 -0.3341512 0.78665924 -0.29307225 0.081271105 -0.30575475 0.41510537 0.10103171 0.10633831 0.56930393 -0.3173826 -1.2681555 0.7039956 0.68102884 0.80489945 0.011903533 -1.0754272 -0.19224584 -1.2042128 -0.04839206 0.033131745 0.030667847 0.59758365 0.78854233 -0.3227259 0.45724946 0.534726 -0.28029597 -0.26160532 -0.69925576 -0.37193054 -0.03997913
668 0.7560789 0.13569658 0.3219394 1.4891886 0.592842 -1.5414695 -0.6817809 1.020186 0.11675838 0.7670146 0.33564255 -0.06808255 1.5475619 0.60197216 -0.5467742 0.9258398 -1.0083545 0.07763961 -0.2904362 0.22963253 1.5504062 0.76136297 -0.44743472 0.7071322 -0.41880468 0.04981117 -0.056520205 -0.65986884 -0.05771124 0.940627 -0.82472885 -0.217153
1017 -0.19442184 -0.25124338 0.79143447 -0.18317991 0.10323766 -0.3404376 0.6030897 0.14345296 -0.093634814 0.510993 -0.23961893 -1.3199302 0.7987948 0.70943284 0.74295425 0.059355184 -1.041266 -0.14133115 -1.3323083 0.09661506 -0.10086888 0.012577619 0.6798174 0.76473695 -0.26486877 0.36261177 0.6173843 -0.18467492 -0.27168626 -0.7826283 -0.3479165 -0.067496024
825 -0.56664115 0.5789308 0.97974765 0.06800677 0.14880355 0.54710764 0.31635058 0.7676933 0.17999732 0.40844005 -0.26802763 0.20684189 0.105396345 0.16651718 0.6685434 0.53677416 -1.3334706 0.43987444 0.44815856 -0.20321105 -0.53950393 -0.75408673 -0.85972744 -0.26318052 -0.18219365 0.5677581 0.6693641 0.48968634 0.113187976 -0.28460294 -0.3962779 -0.55260205
921 0.024923243 -0.60512006 -0.09427086 0.63446075 1.1420373 0.44907737 0.1742229 0.2824512 -0.056145303 0.15018341 -0.16330592 0.011361454 0.60943717 0.1659423 0.6788377 0.30507746 -0.13732757 -0.66029847 -0.67467713 -0.43466964 -0.39273342 -0.31296796 -0.39353472 -0.5466683 0.06188981 0.32449704 -0.70643294 -0.21224198 0.19954845 -0.16428235 -0.5380388 -0.0868978
688 0.063078344 -0.29322442 0.70045334 -0.1506899 -0.13949537 -0.08902314 0.3343299 0.10756193 0.037607506 0.76760703 -0.3957555 -0.91757697 0.8423715 0.48843518 0.6867095 0.0899735 -0.99810714 -0.19215876 -1.4107165 -0.18314204 0.08492185 0.186769 0.6651683 0.3859961 -0.12950431 0.71131295 0.59218675 -0.25675994 -0.20656998 -0.57514 -0.07373676 -0.13414966
625 -0.55184406 0.71451426 0.8905271 0.12784842 0.48280782 0.47663075 0.3086195 0.5577139 0.017205302 0.38332048 -0.2500953 0.24416462 0.16573302 0.049815957 0.64229786 0.41966987 -1.2623577 0.47841078 0.3856843 -0.1832879 -0.53419685 -0.608113 -0.780264 -0.18253304 -0.050481196 0.4476739 0.71058756 0.36737037 0.10106949 -0.4449817 -0.3598861 -0.54566616
1272 -0.42555422 -0.9294082 -0.13967556 0.78884876 0.8019959 0.24818671 -0.86280745 0.45547625 -0.09527265 0.03983445 -1.2938501 -0.7777685 -0.299479 0.6447024 0.15793824 0.14541373 -1.0498974 0.43411887 -0.12929444 0.68588114 0.14675792 0.025608316 -0.26113513 -0.31268457 0.28164598 0.010602495 0.017768674 -0.08781608 -0.06264693 0.43463382 -0.11079506 -0.9867021
1356 0.06877655 -0.76712966 0.13254626 0.5264857 1.316964 0.38645095 0.29608858 0.14377181 -0.1503159 0.043779276 -0.35951358 0.10788812 0.74003756 0.071886584 0.5682073 0.4661104 -0.14080176 -0.5974313 -0.7379169 -0.4808868 -0.31495208 -0.32238823 -0.47866002 -0.5829734 0.09659536 0.2760576 -0.7384701 -0.0971683 0.21992598 -0.11496847 -0.5675564 -0.10121238
979 -0.56214875 -0.8916858 -0.061933324 0.7546435 0.92259884 0.3013967 -0.8648045 0.41905102 -0.28098503 0.028069407 -1.2210526 -0.76262486 -0.3868787 0.59981054 0.12989064 0.12379086 -1.0267215 0.3386774 -0.085531734 0.78128046 0.19579685 0.14597315 -0.26013988 -0.26011732 0.35222408 0.17152749 0.12090148 -0.10454528 -0.04066422 0.35081068 -0.07564981 -0.85213673
1187 -0.6160297 0.6982865 0.8033381 0.17423527 0.65478224 0.4637289 0.57788604 0.6849273 -0.021216962 0.23381735 -0.20887621 0.067687534 0.18278576 -0.00057607394 0.5477992 0.7308094 -1.2280266 0.5771 0.38562003 -0.21098857 -0.4671179 -0.6237463 -0.8733851 -0.12355601 0.09434535 0.4301694 0.750931 0.26151028 0.06558722 -0.3972544 -0.29857454 -0.46871892
1248 0.0824503 -0.24996834 0.5909626 -0.2210728 -0.24157076 -0.07181154 0.24827483 0.005127696 0.05489873 0.67042965 -0.44664994 -1.0124491 0.6109561 0.48090035 0.7406086 0.116883 -0.94021237 -0.26811576 -1.298351 -0.19653547 0.16667421 0.18396635 0.54669124 0.48573455 -0.20130053 0.7486066 0.53651285 -0.33966637 -0.12689318 -0.5135089 -0.10905289 -0.18721728
1161 0.07923112 -0.33961627 0.70881397 -0.30292398 -0.07645647 -0.05939618 0.36186326 0.10934281 0.009686047 0.67925185 -0.4391769 -0.98731107 0.77041316 0.5295447 0.6506832 0.11735019 -0.97294533 -0.23508465 -1.3538463 -0.10119642 0.096720845 0.15713689 0.64419526 0.51213974 -0.18096668 0.65747184 0.5905417 -0.31995603 -0.28257254 -0.5456677 -0.1488991 -0.10209185
1313 0.07020516 -0.324393 0.69224936 -0.2868237 -0.13159542 -0.1489365 0.356221 0.05081835 0.058289703 0.6414018 -0.42196256 -1.0489833 0.7693295 0.46979842 0.74859434 -0.0069871424 -1.009293 -0.17901826 -1.2820777 -0.14718999 0.19200508 0.19224612 0.5392544 0.47128713 -0.19304606 0.70924854 0.614785 -0.27228552 -0.21258147 -0.61968017 -0.19356638 -0.22012614
912 -0.6284858 0.66028553 0.89922434 -0.011631845 0.23564206 0.5469879 0.29911023 0.76075935 0.14759439 0.30284882 -0.28752467 0.23501492 0.10707712 0.1894998 0.69145143 0.7093235 -1.290355 0.41728306 0.50333416 -0.27264565 -0.4673089 -0.5472544 -0.86497104 -0.26397485 -0.06749793 0.6086372 0.65754384 0.43572026 0.020171333 -0.19276354 -0.45530552 -0.58742
1122 0.15389574 -0.23738377 0.6209481 -0.23336102 -0.21882588 -0.0026250177 0.24809344 0.00536629 0.02874031 0.83932453 -0.43209466 -0.90209234 0.7228202 0.46604738 0.7393881 0.12298481 -0.85418004 -0.2882592 -1.3563488 -0.18697077 0.13033019 0.16621287 0.54870415 0.42253104 -0.09858255 0.80793786 0.6173244 -0.2870832 -0.077497035 -0.52621675 0.018156726 -0.16746078
778 0.06638026 -0.34216115 0.6643061 -0.32241407 -0.12801194 -0.037455216 0.34557322 0.12592493 0.07985815 0.7001622 -0.4131139 -0.9954287 0.72949785 0.50520134 0.69469845 0.0886045 -0.9938366 -0.2337602 -1.3046908 -0.028087782 0.16532302 0.14436126 0.60304403 0.46609667 -0.21548949 0.7087349 0.59393144 -0.36335886 -0.27134728 -0.6065306 -0.143313 -0.1108351
1194 -0.03748716 -1.0188977 0.2122593 0.37968186 0.4019669 0.27213785 -0.59579575 0.2294191 -0.17267908 -0.05402395 -1.1808755 -0.8526165 -0.4381943 0.72948074 -0.016733877 0.20896322 -1.0979615 0.36543307 -0.22091922 0.7121906 0.01821309 0.0313529 -0.34333646 -0.16703022 -0.24999651 0.037832182 0.085404426 -0.055815328 0.3989723 0.16972123 0.22007406 -1.2867724
847 0.45305467 -0.049788356 0.4785262 0.9446909 0.8240835 -0.2226268 -0.7861418 0.74350727 0.2898833 1.8942199 -0.2763716 -0.7864185 0.2558925 -0.678342 -1.1870136 1.0405155 -0.9415753 -0.4178157 -0.05091566 0.43601277 0.011770517 -0.052204184 -0.024572264 0.84445614 -0.40482658 0.47071314 -0.2930517 1.21134 1.0677406 0.3952239 -0.6479354 0.8898688
1171 1.3055661 -0.09779849 0.32502976 0.34745124 -0.028111575 0.33555257 0.31334677 0.27885145 -0.8628361 0.9226031 -0.2018033 -0.012130287 -0.558504 1.5450548 0.64971834 1.7124426 -0.061669074 -0.036322936 0.2966965 0.68471897 0.37785408 0.48538163 0.05459606 0.23279876 -0.22785091 0.7500727 0.15701528 0.77882516 -0.28849626 -0.057927497 -1.1434304 -0.33147642
1095 -0.6657828 0.44658658 0.9745599 -0.022605145 0.14584135 0.4419444 0.52297705 0.5629094 0.2700206 0.30615523 -0.22986753 0.32242522 0.07294484 0.20812263 0.69913274 0.71294475 -1.3752183 0.4191977 0.26424447 -0.2076685 -0.43335128 -0.8011463 -0.9783845 -0.1672495 -0.119273275 0.42607427 0.48472574 0.5509802 0.08449154 -0.14382115 -0.30721936 -0.44886118
816 -0.7359306 0.28762782 0.8139469 -0.07208526 0.11533986 0.35805735 0.5540639 0.2538995 0.34805 0.44107372 -0.31565365 0.4007262 0.049513265 0.120558165 0.78066784 0.8562888 -1.4785211 0.49926984 0.24996443 -0.19451231 -0.39769223 -0.66378134 -1.1078725 0.018047046 0.107614994 0.4833784 0.496591 0.46412146 0.17936 -0.1909164 -0.15648253 -0.36884946
1063 -0.72788334 0.4235586 0.90441304 -0.14366148 0.24874875 0.27546287 0.53669244 0.29726097 0.3185616 0.233813 -0.21786429 0.3801328 0.087290116 0.28322247 0.70808774 0.78438705 -1.5017409 0.38769183 0.19931778 -0.21724242 -0.39556858 -0.7921147 -1.1405935 -0.22332238 -0.100457534 0.3952658 0.35300595 0.66844326 0.05381323 -0.14673813 -0.15014793 -0.39724407
640 -0.5507109 0.6659825 0.93288976 0.1352859 0.3725913 0.55903715 0.3624316 0.7575329 0.109112054 0.27218574 -0.2143176 0.17488421 0.1859871 0.061863404 0.6548258 0.5894036 -1.2649064 0.48068413 0.38876697 -0.24004364 -0.4539547 -0.6714423 -0.84143054 -0.20812857 -0.17324254 0.4702262 0.6522047 0.46093267 0.05220087 -0.33319625 -0.41642985 -0.53698725
1128 -0.009549671 -0.18299888 0.66866237 -0.29059297 -0.03638329 -0.029341005 0.2516544 -0.026265688 0.15118568 0.80646664 -0.32087296 -1.1794177 0.51801497 0.6042019 0.9127914 0.15364458 -1.0875232 -0.23352109 -1.3336723 -0.086607054 0.04889381 0.037241 0.6924515 0.81836236 -0.24849357 0.6814795 0.480126 -0.30459782 -0.16345082 -0.40527353 -0.22313899 -0.104869716
984 -0.080740236 -0.18685172 0.20150878 -0.1947419 1.2868576 -1.3880008 -0.9924751 -0.55757064 -0.13475133 0.45878512 -0.18419406 0.3227954 -0.05909797 0.47201687 0.58019155 1.2395967 -0.03794928 -1.11234 -0.07107826 0.76002854 0.33731082 -0.96391994 0.5711869 -0.6231472 0.34986106 0.14914559 0.8245711 0.23188733 0.29531977 -1.1448225 0.2682527 -0.97395027
1136 -0.096184395 -0.82241035 -0.061521403 0.5582186 1.1156855 0.4677564 0.28504443 0.245873 -0.090221494 0.060654983 -0.19852367 0.07260174 0.64096606 0.0066721733 0.6173007 0.40545648 -0.22784732 -0.60588807 -0.6900304 -0.35471192 -0.35987157 -0.23589468 -0.44078514 -0.61853075 0.047622256 0.35682482 -0.6438159 -0.11411213 0.22075321 -0.0017715066 -0.67695683 0.13125269
1043 0.12466835 -0.17064042 0.5881813 -0.19396348 -0.16683073 0.0066450215 0.27185062 0.011292082 -0.014366164 0.7947245 -0.28733602 -1.002247 0.6340397 0.50315726 0.78065205 0.13565752 -0.9315152 -0.14162487 -1.4351777 -0.18533386 0.12134109 0.07190837 0.5895566 0.47698978 -0.12427554 0.8524026 0.4791517 -0.30144405 -0.16663224 -0.44807836 0.029353237 -0.23907898
1169 -0.55614054 0.7548084 0.94676733 0.16020186 0.8692136 0.47584844 0.53120124 0.4892783 -0.18077995 0.06979372 -0.36909875 0.3480599 0.19106346 0.10793882 0.63000053 0.63801014 -1.3519365 0.29482308 0.45034665 -0.46639565 -0.41468185 -0.5213739 -0.8056635 -0.09893404 0.02600501 0.51915807 1.0041434 0.30876064 0.0023104923 -0.40120304 -0.2766535 -0.5711759
1020 -0.09099897 -0.23843797 0.7978778 -0.14514284 0.10675065 -0.3853843 0.52901775 0.106147796 -0.0007906598 0.5555096 -0.23028569 -1.2754948 0.68506145 0.6733594 0.77789897 0.08336338 -1.0695555 -0.05099662 -1.161587 0.0272714 -0.031217415 -0.0029237445 0.6059537 0.83927166 -0.19418126 0.37430668 0.43047765 -0.24846767 -0.23327206 -0.79618967 -0.3294715 -0.086871535
981 0.0045597483 -0.22566505 0.7981057 -0.3398821 -0.09029495 0.043813206 0.18864621 0.044413842 -0.043003872 0.821904 -0.39868316 -0.97929716 0.6858408 0.62710255 0.6728761 0.20474437 -0.9697842 -0.28602985 -1.3959739 -0.08716262 0.09381189 -0.010141553 0.77284014 0.5876954 -0.17947987 0.7326231 0.5957482 -0.3317424 -0.34520584 -0.43102077 -0.08064914 -0.12872075
1266 -0.6780658 0.4974018 0.9010651 -0.047974434 0.10120757 0.45111287 0.38754627 0.50892115 0.27279052 0.3404102 -0.25737664 0.3016212 0.11782934 0.17640936 0.767464 0.5564183 -1.3481406 0.45743957 0.27976462 -0.16754977 -0.43972802 -0.7291393 -1.0184846 -0.18332255 -0.11811262 0.44758454 0.45033836 0.5685071 0.10211787 -0.1481764 -0.3204737 -0.53729457
1156 -0.031840637 -0.36158687 0.76939964 -0.284639 -0.055808205 -0.22762318 0.31172854 0.09851122 0.14204314 0.7011398 -0.35682723 -1.1497806 0.708806 0.5834176 0.8625324 0.074671 -1.0257543 -0.201653 -1.248088 -0.09019927 0.04484248 0.035832975 0.70165455 0.6844477 -0.28410298 0.5884785 0.5168842 -0.24881503 -0.2549737 -0.6345473 -0.28307357 -0.07088807
946 -0.6793865 0.49847496 0.9135524 -0.024999898 0.2523046 0.35519534 0.53698826 0.46035096 0.2671654 0.29804647 -0.25021172 0.3207266 0.069444664 0.22848351 0.77472806 0.7126843 -1.4447074 0.4382215 0.26069438 -0.27565414 -0.5214972 -0.78256977 -1.0005807 -0.24947612 -0.12677097 0.48410425 0.44598946 0.57895696 0.04602148 -0.11411485 -0.26412606 -0.44791853
1284 1.3795763 0.11811302 0.42671925 0.21148561 -0.07089254 0.44161594 -0.019789746 -0.045192465 -0.55053127 0.7380085 0.07349234 -0.43499285 -0.6298918 1.8843889 0.93685967 1.6451854 -0.2986161 -0.48726484 0.6338543 0.64384454 0.22757009 0.72925586 0.1436531 0.09593961 -0.48591903 0.9248784 -0.2036316 0.7476534 -0.22922932 0.14631705 -1.0773547 -0.62752575
1325 1.1163858 -0.9279284 0.6834171 -0.5429712 0.2812174 -0.7980893 -0.31814462 0.7902589 -1.045106 0.8212523 0.049153667 -0.79692644 -0.0947288 0.3517939 0.6660021 -0.3969776 -1.0971631 -0.24828264 0.6345166 -0.28384212 0.5168801 -1.1135912 -1.5851457 0.19394699 0.33450472 0.8993804 -0.38928473 0.16395985 -0.2219174 0.20170109 -0.8008415 0.095226474
1070 -0.7113819 0.28590596 0.9109172 -0.08116944 0.00949058 0.35723248 0.5283074 0.3060564 0.3963311 0.24779533 -0.22551924 0.39390028 0.10193304 0.22006549 0.745649 0.8589439 -1.5098141 0.43392587 0.22137767 -0.22936809 -0.36025017 -0.7804091 -1.1138554 -0.23341633 -0.13799119 0.43814188 0.40006423 0.61842334 0.14136283 0.017138701 -0.16947532 -0.3983614
386 0.07463143 -0.98457813 -0.12311678 0.588149 0.53356314 0.37971836 -0.6749347 0.117269054 -0.25724283 -0.06981414 -1.3511386 -0.7085731 -0.16568677 0.5932179 -0.3139579 0.14045335 -0.87864333 0.22437105 -0.17135412 0.79317296 -0.043990895 -0.11623712 -0.37921536 -0.256218 -0.18367001 0.15297566 -0.0061302194 0.17418352 0.008059949 0.2730167 0.17064287 -1.2764248
1335 -0.06283226 -0.77079403 -0.057663187 0.61348677 1.1415962 0.3764039 0.20236982 0.35676342 -0.095482536 0.104057394 -0.19586486 0.054886945 0.596229 0.08289949 0.664603 0.41634554 -0.16346787 -0.6191036 -0.725946 -0.46975276 -0.42953238 -0.3821024 -0.36503956 -0.59225875 0.079226635 0.3106033 -0.679703 -0.16924188 0.18521643 -0.070549846 -0.60830134 -0.064010054
1228 0.004126746 -0.29669178 0.69153494 -0.26262936 -0.14067812 -0.12766573 0.26943627 0.03506353 0.08420821 0.77382874 -0.42151415 -1.0588294 0.62824315 0.5534677 0.73424876 0.16623054 -0.98109466 -0.20823245 -1.3993598 -0.103428856 0.082677335 0.07935174 0.6273655 0.680595 -0.21332477 0.7113796 0.5590065 -0.28576064 -0.29793665 -0.3840539 -0.16447133 -0.113149
1028 -0.01639465 -0.26816267 0.64083695 -0.28101036 -0.12794948 0.003098782 0.26280177 0.0477697 0.13979802 0.81487596 -0.40037975 -1.0815651 0.5775945 0.44336724 0.8265893 0.1655059 -0.99528134 -0.20067012 -1.3030748 -0.12590295 0.031880714 0.02477877 0.64326715 0.6501384 -0.17361288 0.6036035 0.5270679 -0.2876606 -0.21300882 -0.4707112 -0.2141372 -0.12600659
1315 0.07628902 -0.21046479 0.7272611 -0.20507503 -0.08609144 -0.10517696 0.26328894 0.03758474 0.068470135 0.75843227 -0.35650912 -1.046788 0.6661659 0.47461188 0.8133275 0.11041917 -0.99331933 -0.1697402 -1.3040817 -0.1927494 0.10354883 0.0995512 0.6868232 0.5544875 -0.13613167 0.7170532 0.46081817 -0.27174538 -0.19923276 -0.48493424 -0.029994238 -0.13964307
1036 -0.59828657 0.76320857 0.8138677 0.069897495 0.80322766 0.44011328 0.5655341 0.64093566 -0.10658458 0.1867448 -0.19255514 0.14469242 0.20702848 -0.0038007188 0.64137256 0.63874143 -1.2374276 0.4224072 0.4012201 -0.25005877 -0.52522784 -0.44265267 -0.7945597 -0.14702033 0.026729252 0.38250777 0.7061701 0.2962701 0.11832655 -0.3819148 -0.28566626 -0.49144477
1035 -0.052754838 -0.23911966 0.6522501 -0.32639852 -0.09451647 -0.095803045 0.4404227 0.12734258 0.042718872 0.7193637 -0.43869007 -1.1238499 0.67408013 0.56695896 0.72682524 0.12632364 -1.0263696 -0.21488956 -1.3312955 -0.10249285 0.049188834 0.10412718 0.6195846 0.55892414 -0.26552674 0.6915883 0.53412247 -0.26315665 -0.21264678 -0.5121531 -0.26740187 -0.11502842
1221 -0.58448017 0.7299913 1.099646 0.07187969 0.87786907 0.5280413 0.53845537 0.41430265 -0.2231471 0.06824027 -0.33362794 0.36172006 0.13952675 0.06258967 0.71444535 0.64916885 -1.3379059 0.24189371 0.552043 -0.49229193 -0.3886437 -0.3387642 -0.85269386 -0.16571747 -0.16679521 0.5813014 0.9089063 0.3215026 0.06605078 -0.1838994 -0.31219053 -0.61182255
573 0.05979018 -0.31956172 0.6751392 -0.30421084 -0.21510506 -0.03750799 0.17750922 0.015269509 0.19096825 0.8166799 -0.39768478 -1.094798 0.5710835 0.48781702 0.8689624 0.17531407 -1.0095178 -0.15003596 -1.3331087 -0.1962127 0.09735167 0.116348624 0.5892458 0.602279 -0.18806098 0.73366064 0.47858098 -0.27994215 -0.21203686 -0.5263916 -0.11946073 -0.11343169
813 -0.59582734 0.5985838 0.9207963 0.033196006 0.42392808 0.36466298 0.55578864 0.6292638 0.13714845 0.13666722 -0.15183859 0.19367614 0.17353947 0.14511113 0.6372545 0.7380259 -1.3143715 0.5096707 0.31389257 -0.2764324 -0.4645044 -0.80686015 -0.9924471 -0.30962977 -0.12642066 0.46875858 0.52827644 0.6019529 -0.0037294074 -0.2643074 -0.26275644 -0.47496977
832 -0.68180984 0.4431687 0.8917415 -0.08509329 0.07926449 0.44842705 0.43556526 0.51175797 0.29266828 0.35897675 -0.23440726 0.29139557 0.0478989 0.13706638 0.6974016 0.64712656 -1.4150991 0.4166582 0.2814109 -0.21534471 -0.5065548 -0.79071397 -0.98309195 -0.2370946 -0.20716406 0.5262815 0.42104754 0.5531499 0.07594269 -0.036213197 -0.3516022 -0.4497452
1301 0.16379356 -0.64614767 -0.1534413 0.63408434 0.8287528 0.6051504 0.11530152 0.25280762 -0.023906516 0.14282201 -0.2569973 -0.034269746 0.65599746 0.43846536 0.60831696 0.09459142 -0.36368066 -1.0129608 -0.5182315 -0.30081734 -0.4623994 -0.3254434 -0.3767476 -0.57676643 0.07925835 0.14119612 -0.6130549 -0.17971158 0.32845742 -0.15092082 -0.55250823 0.17348613
680 0.018757813 -0.27679038 0.69994426 -0.2082122 -0.07704549 0.068657234 0.1365698 0.08141294 0.0029919262 0.8915669 -0.32174376 -0.9636354 0.58231604 0.41498598 0.7037526 0.2733492 -0.961491 -0.23072831 -1.4057043 -0.20178083 0.16748832 -0.07591865 0.8020002 0.566583 -0.24766362 0.8696496 0.46280965 -0.37597108 -0.37188125 -0.31899294 -0.040219817 -0.2032293
1260 -0.6287985 0.5988337 0.7988476 0.06385102 0.41304913 0.3909783 0.57428724 0.6084433 0.1790745 0.20625095 -0.14464615 0.1718082 0.21165392 0.14053158 0.67451406 0.8421892 -1.229199 0.5582842 0.35392758 -0.22456497 -0.41107342 -0.762158 -1.004701 -0.22928615 0.017536417 0.37786698 0.50469095 0.55945486 -0.051825784 -0.33298767 -0.2540705 -0.47335595
986 -0.22850612 -0.95558786 0.12050167 0.44566938 0.5146908 0.31717542 -0.64802945 0.33763534 -0.22000638 -0.09330663 -1.2548847 -0.8379081 -0.4854462 0.69522923 -0.056852646 0.20531939 -1.1902533 0.30203438 -0.2715125 0.8285949 0.17089228 -0.07002495 -0.3267538 -0.27241188 -0.11809157 0.05434642 0.13488787 -0.080757625 0.3400945 0.18213002 0.12907827 -1.1646287
905 -0.6533427 0.54494625 0.92091006 0.088313036 0.19154221 0.5146856 0.18290831 0.58105034 0.21114492 0.41473413 -0.3055374 0.3592862 0.1372002 0.13886112 0.7252059 0.4511443 -1.393163 0.44600546 0.39777958 -0.067971885 -0.49263236 -0.64015216 -0.90049183 -0.14813448 0.057665896 0.4440703 0.61122346 0.37147164 0.1816333 -0.4511478 -0.44304946 -0.58232206
146 0.20626624 -0.96561694 -0.13449846 0.5334565 0.5751484 0.50340617 -0.6485545 0.00474624 -0.2306315 -0.05451061 -1.3944435 -0.81619644 -0.293449 0.5663881 -0.34251162 0.15119147 -0.896604 0.14824468 -0.11297758 0.80872744 -0.020108053 -0.14736265 -0.44796827 -0.3010428 -0.28301483 0.2921534 -0.018042885 0.15848015 0.04433243 0.13982926 0.11316866 -1.3155693
1292 -0.6946906 0.5121239 0.9102284 -0.0012151997 0.2694246 0.3309854 0.5051155 0.53750676 0.20401075 0.31566617 -0.20194848 0.21551059 0.12473852 0.17127076 0.6535857 0.71946114 -1.3008995 0.48219475 0.27679503 -0.16833904 -0.5157205 -0.74045265 -0.99353564 -0.22409022 -0.008491052 0.3973014 0.48746485 0.48682323 0.04286194 -0.22454406 -0.27762192 -0.45374736
988 1.0364369 -0.86831623 0.67941904 -0.42864355 0.13452315 -0.80168355 -0.29388592 0.68021375 -1.2845248 0.5611041 -0.18275803 -0.70544404 -0.3004462 0.4631758 0.55746126 -0.15357645 -1.1554325 -0.3226707 0.67990166 -0.5595063 0.44576088 -1.1209388 -1.3229429 -0.076810576 0.7036993 0.74308765 -0.1930715 0.24342382 -0.46206948 0.48668844 -1.1141864 0.25516507
619 1.3542126 -0.1137827 0.35234934 -0.010790705 -0.28644642 0.51053786 -0.08751835 0.31301004 -0.31451443 0.6331076 0.35996723 -0.34113994 -0.31844366 1.8738877 0.62147784 1.4477427 -0.4060956 -0.2848798 0.7536126 0.7689388 0.21172804 0.24361022 0.14883055 0.046791956 -0.65161103 0.7446884 -0.107921965 0.80160433 -0.24785787 0.14120792 -1.0058584 -0.5202539
1157 0.030434752 -0.28869277 0.7417489 -0.190277 -0.09704667 -0.09779131 0.33820444 0.11820913 -0.06345527 0.7243447 -0.29006416 -0.9103633 0.7973839 0.45001915 0.6342182 0.12953608 -0.91694885 -0.1997386 -1.3458138 -0.1600325 0.10562787 0.012125615 0.666892 0.4357629 -0.14800842 0.75872487 0.58708674 -0.24834964 -0.33410063 -0.51064825 -0.05951601 -0.1599735
894 -0.0073006996 -0.30520678 0.6775702 -0.31216577 -0.05879281 -0.17655306 0.39290285 0.035191886 0.14521706 0.72238487 -0.39406195 -1.0987234 0.65676594 0.5589124 0.7911489 0.11608819 -1.0510129 -0.17148574 -1.2942668 -0.14791037 0.11446475 0.1041493 0.54951596 0.64664114 -0.22020848 0.6249374 0.508261 -0.31291935 -0.14050046 -0.58396053 -0.22484685 -0.15771389
1124 -0.6550559 0.52950895 0.91336787 -0.042652708 0.19798096 0.53066736 0.3880502 0.76804215 0.16806553 0.31755957 -0.28993466 0.32702965 0.035506777 0.17452727 0.70665836 0.6561134 -1.2476994 0.33104727 0.39972544 -0.20767966 -0.58643615 -0.65652156 -0.85717577 -0.33260515 -0.25024697 0.5116832 0.5284416 0.4954763 0.116000235 -0.066526674 -0.45095488 -0.44830847
1348 -0.0895465 -0.7246495 0.014373786 0.5261653 1.1304519 0.5011409 0.14585076 0.17549872 -0.07088209 0.13510883 -0.2663791 0.114953496 0.57358265 0.009316742 0.6251297 0.42340833 -0.18061401 -0.6152501 -0.72136694 -0.40731552 -0.34628996 -0.26180103 -0.4404609 -0.5169823 -0.008463368 0.34443662 -0.7563506 -0.17229299 0.2658819 -0.023749035 -0.68741417 0.01459443
776 -0.01173568 -0.3288403 0.61913025 -0.29124224 -0.13575676 -0.1878415 0.39883432 0.10175574 0.06805816 0.7120211 -0.36340135 -1.1007406 0.70957375 0.4481644 0.77844477 0.045127846 -0.9998949 -0.18248144 -1.1959175 -0.0828714 0.015527555 0.116745725 0.56570864 0.5533601 -0.19503628 0.61818707 0.5692428 -0.29744622 -0.14062236 -0.65292376 -0.16180453 -0.1889765
1372 -0.013294269 -0.8035952 0.042712547 0.51686513 1.1069435 0.4594093 0.17873782 0.11898625 -0.029013695 0.08229302 -0.26500106 0.107062526 0.65532494 0.0059399237 0.5968151 0.4214623 -0.2006021 -0.5956892 -0.69151413 -0.41510662 -0.37587553 -0.30982837 -0.45929223 -0.5109089 -0.05168767 0.31855014 -0.7359701 -0.1179949 0.21404889 -0.11970014 -0.72181946 -0.052821517
728 1.1666169 -0.10427195 0.28575194 0.23592184 -0.018284477 0.3169302 -0.03489438 0.32907444 -0.6306863 0.69105893 -0.04670428 0.069385834 -0.6067188 1.8831208 0.5203396 1.8467649 -0.23479907 -0.09482728 0.37253276 0.38669112 0.32956544 0.15934695 0.17654727 0.32164177 -0.26132792 0.85495025 -0.050889436 0.74067175 -0.21957043 0.10818877 -1.3693005 -0.28160992
1148 0.99452704 -0.8311614 0.7036932 -0.548221 0.17997588 -0.7213464 -0.36586505 0.73953444 -1.1106311 0.62521833 -0.068085656 -0.84613013 -0.26792312 0.44963297 0.5530404 -0.31973577 -1.0963793 -0.35380298 0.6840789 -0.46488723 0.31687102 -1.0636468 -1.5454627 0.055008996 0.39519483 0.94196886 -0.3285572 0.090451896 -0.21432376 0.5211333 -0.88338566 0.20690238
1166 -0.6104146 0.60288304 0.8801395 0.038085766 0.344255 0.47151682 0.38802874 0.55540985 0.13742013 0.3311078 -0.17527762 0.22965968 0.15000501 0.15158202 0.6466485 0.53960294 -1.3444324 0.49026212 0.34648392 -0.18624727 -0.48835322 -0.72236514 -0.95403093 -0.23496823 -0.11011453 0.4025125 0.5533764 0.44422624 0.028676579 -0.35434663 -0.33021948 -0.48474196
878 -0.7670878 0.48057598 0.814963 -0.02571333 0.2791289 0.27900088 0.5739296 0.33081892 0.31450242 0.35230997 -0.25981057 0.29667684 0.02582508 0.19375117 0.71014524 0.81807965 -1.41196 0.50638896 0.16013151 -0.19628239 -0.46361905 -0.7433948 -1.1069585 -0.18102421 0.023894753 0.41885716 0.39736617 0.5818548 0.0937552 -0.16257916 -0.14676414 -0.4317498
647 0.33805236 -0.014889713 -0.16093493 -0.69876426 1.0773786 0.08677767 -0.72245 0.34644756 -0.6311292 0.7862898 -0.77707505 0.49879745 0.75613636 -0.40984172 0.6949436 0.80490637 -0.8034915 -0.3021521 0.43126196 0.17344399 -0.53816944 -1.0332611 0.5332548 0.6986223 -0.13369574 -0.18595637 -0.113837734 0.5198096 -1.2605698 0.23649076 0.4784365 0.117149994
1170 -0.6027413 0.5068068 0.8536485 0.13109903 0.48174065 0.34674168 0.5382934 0.43890703 0.16043654 0.26970965 -0.17868704 0.33257058 0.18121542 0.07100292 0.68200815 0.6922287 -1.3421451 0.48516175 0.30618763 -0.2219057 -0.4544732 -0.6182469 -0.92530084 -0.168469 0.014693115 0.4093841 0.56046295 0.44458994 0.088136226 -0.28485805 -0.16354387 -0.4617257
891 0.082737185 -0.253113 0.69633794 -0.19127011 -0.12424282 -0.057563327 0.33770847 0.08485466 0.018758073 0.67783505 -0.38918218 -0.87360585 0.82454664 0.4511078 0.63261616 0.088724226 -0.89068705 -0.19806686 -1.356591 -0.12956615 0.20502271 0.18560743 0.5330017 0.39395404 -0.11968132 0.7931049 0.6326795 -0.23480865 -0.17429 -0.6064216 0.100320704 -0.20597148
937 -0.61215544 0.20037982 0.7793057 0.08390453 -0.0010952364 0.31876534 0.31511855 0.43409973 0.39377835 0.33300874 -0.57133096 0.6135317 -0.02984194 0.08823815 0.7400313 0.9817253 -1.5472704 0.36129928 0.30825374 -0.31278336 -0.38874847 -0.8740858 -1.1178845 0.0025112298 0.45344278 0.59762174 0.80600715 0.4222119 0.10818778 -0.3496462 -0.37308267 -0.41229108
735 -0.375274 -0.9989321 -0.15338197 0.6863679 0.9498665 0.37616798 -0.70584875 0.29601666 -0.23777655 0.030517409 -1.1809012 -0.8340307 -0.32496217 0.5482416 -0.09978916 0.06672932 -1.1605268 0.14477055 0.0066974233 1.0255458 -0.098922364 0.2048243 -0.26059675 -0.35572246 0.10002197 0.17847247 0.23177144 0.03144742 -0.07102052 0.19459875 -0.101121254 -1.0025482
1002 0.08148245 -0.27621868 0.63403827 -0.2485598 -0.11633176 -0.13734654 0.3124347 0.0049861097 0.041353777 0.7597997 -0.35624373 -1.0764209 0.7551166 0.48347607 0.840984 0.09984972 -0.94003254 -0.07222029 -1.3565699 -0.18364917 0.045330055 0.1443477 0.592685 0.54733866 -0.15558843 0.74094653 0.46837157 -0.23294799 -0.22780617 -0.5562956 -0.07946365 -0.17292453
628 0.019095376 -0.36401188 0.67506665 -0.3209228 -0.0828866 -0.14342189 0.2866468 0.10052604 0.1084142 0.6824126 -0.3676209 -1.1771672 0.5983833 0.5236575 0.8366037 0.14456339 -1.008139 -0.18901266 -1.2872299 -0.035443965 0.09506058 0.154168 0.7098927 0.61911064 -0.22124386 0.674824 0.50719154 -0.34812036 -0.11904529 -0.64304936 -0.26625964 -0.121458456
1110 -0.5426756 0.5483914 0.82853156 0.07357755 0.36179087 0.38396773 0.53875697 0.61917794 0.19615558 0.20875247 -0.18742983 0.20829707 0.17404583 0.16864362 0.58685803 0.7088632 -1.2723894 0.50492275 0.26839522 -0.19772176 -0.4955246 -0.7656739 -0.9317328 -0.27356628 -0.03560453 0.37945208 0.56063133 0.57748127 -0.002686573 -0.31866717 -0.2654245 -0.48816812
1203 0.003923403 -0.28163943 0.6507342 -0.37733772 -0.21361522 -0.076178655 0.22871125 0.038097925 0.21483111 0.7704057 -0.44624758 -1.1722095 0.56240237 0.45038432 0.90914 0.18417516 -1.016881 -0.13828658 -1.2533368 -0.11047831 0.051148206 0.08778548 0.60071105 0.7300165 -0.2508676 0.600038 0.4302356 -0.3483582 -0.11860225 -0.46221828 -0.22917254 -0.15735531
1167 -0.7086867 0.48635414 0.9242481 -0.0006825511 0.10580266 0.35777816 0.4207601 0.44196802 0.32994238 0.2752387 -0.21136643 0.29522717 0.11978955 0.24097165 0.6411902 0.67911893 -1.4854342 0.46912083 0.1927951 -0.16067077 -0.38365096 -0.85805374 -1.1070573 -0.26216578 -0.11031841 0.3712893 0.44238377 0.64662445 -0.02057827 -0.21261533 -0.2752423 -0.42504296
1204 -0.8138822 0.3867346 0.8528652 -0.07225749 0.27627993 0.33017296 0.6416272 0.3112234 0.17855391 0.41940913 -0.25783077 0.30126163 0.06692623 0.11207189 0.80172604 0.7904738 -1.3936992 0.50727767 0.23157583 -0.1915344 -0.47477844 -0.5779676 -1.0909926 -0.12424332 0.14266889 0.39903456 0.5241184 0.47156313 0.10652041 -0.13079485 -0.20077689 -0.40606788
676 0.021249091 -0.38044107 0.6479224 -0.3544992 -0.15247114 -0.060534123 0.29776353 0.083061084 0.08394941 0.74943185 -0.39608938 -1.0996151 0.62614197 0.42836493 0.7973607 0.13630682 -1.0316653 -0.2073626 -1.3304259 -0.07373856 0.12452483 0.053771835 0.60993624 0.5641639 -0.24605663 0.6695693 0.56097007 -0.30950612 -0.2364167 -0.54731226 -0.15037413 -0.21125494
866 -0.7028863 0.4165566 0.87260044 -0.07410817 0.17458342 0.3549676 0.37565374 0.3312237 0.26686507 0.39923564 -0.23670956 0.42637482 0.061924674 0.14639361 0.8027598 0.6657583 -1.3904638 0.44143826 0.34845576 -0.16220112 -0.44749823 -0.6755104 -1.0711703 -0.13186117 0.04567157 0.5094888 0.48713672 0.45071876 0.10633888 -0.17341654 -0.2915228 -0.46235114
687 0.10708438 -0.32191896 0.6877379 -0.18095584 -0.15920424 -0.082711965 0.38830626 0.08917543 -0.02694872 0.64593613 -0.38099682 -0.9471351 0.853565 0.40345573 0.6184529 0.06891555 -0.9167049 -0.1827911 -1.2908711 -0.13860196 0.094571285 0.22507952 0.56131995 0.3372197 -0.09449286 0.7422503 0.61959696 -0.23187473 -0.18564983 -0.6143603 -0.03288665 -0.24335448
1040 -0.6635399 0.64514345 0.81009924 0.033643045 0.6390894 0.4344482 0.55645096 0.5119985 0.028300382 0.21257606 -0.17425983 0.2131134 0.1867045 -0.0040202686 0.66108584 0.7619249 -1.1977668 0.4511796 0.32387152 -0.12553027 -0.44544613 -0.38260332 -0.89719623 -0.10973186 0.082397096 0.3854317 0.5735767 0.28031424 0.13631603 -0.2999643 -0.27295965 -0.4889212
1229 -0.7639958 0.42551717 0.9148655 0.003375795 0.36739543 0.39657807 0.51874846 0.41374326 0.17667577 0.2965816 -0.22993416 0.36418286 0.12754686 0.15914923 0.7157989 0.7662213 -1.4186776 0.46123728 0.3360694 -0.1783735 -0.53211546 -0.5745443 -1.0014818 -0.08782102 0.042675205 0.40209714 0.49303567 0.44782177 0.15806489 -0.22417997 -0.23594482 -0.41764623
1101 -0.4816859 0.66182345 0.7635959 0.18802598 0.6776066 0.35455996 0.60838956 0.7412652 0.014290456 0.16606584 -0.18040259 0.1428318 0.24377182 0.052546844 0.5730181 0.7444882 -1.2689924 0.55851966 0.40674925 -0.32132795 -0.49424636 -0.7195026 -0.8624112 -0.21238878 0.11667042 0.40297663 0.79558253 0.43268204 -0.0025179465 -0.47396302 -0.20440142 -0.51204205
1328 0.11494372 -0.27031973 0.6846883 -0.21981797 -0.13502806 -0.10293278 0.22539239 0.05413751 0.05546456 0.7016798 -0.33540136 -1.0612979 0.7008623 0.4562395 0.7769074 0.08056192 -0.93629664 -0.10413882 -1.3028319 -0.14844559 0.1033636 0.20838584 0.63665164 0.43365106 -0.10601022 0.7462658 0.49044892 -0.2843475 -0.17370634 -0.5709949 -0.046010375 -0.15775868
840 0.07756301 -0.31398895 0.67287946 -0.2394475 -0.089526184 -0.066501096 0.27990633 0.07235318 0.09435427 0.7387608 -0.37792602 -0.98056614 0.71905804 0.47807798 0.6856512 0.05190922 -0.95420134 -0.19860472 -1.2782581 -0.08947133 0.16406846 0.16805531 0.5925097 0.42373824 -0.11836745 0.73069936 0.56942976 -0.23821035 -0.30068156 -0.5529874 0.005777465 -0.21884075
1216 0.1441422 -0.3136754 0.6658677 -0.2124002 -0.19361593 0.00097074313 0.23446389 0.0660138 0.03358026 0.7578798 -0.37183073 -0.9826014 0.715387 0.45327204 0.7521163 0.08072282 -0.8751879 -0.20017464 -1.3023884 -0.1492331 0.18578537 0.12822607 0.59793407 0.45570284 -0.15819515 0.74046004 0.53390306 -0.28479928 -0.16245683 -0.52777183 -0.02608253 -0.13422467
967 1.0449945 -0.9059272 0.5610532 -0.51812804 0.27326623 -0.672643 -0.160584 0.7480617 -1.0063382 0.7827596 0.02872147 -0.77882165 -0.11360817 0.40351817 0.60320705 -0.39538854 -1.0496073 -0.17940094 0.51333266 -0.28142786 0.5672588 -1.024345 -1.6117179 0.061914045 0.40708 0.97541386 -0.3045217 0.043054353 -0.30132133 0.21478951 -0.7617712 0.12002244
1185 0.021172032 -0.2151664 0.7243143 -0.15631261 -0.14394793 0.0486178 0.20237443 0.078566186 -0.015869748 0.8668735 -0.3405776 -0.9107609 0.6869625 0.34644327 0.66897184 0.20405532 -0.9145128 -0.20819688 -1.3962342 -0.19121818 0.17781997 -0.05779833 0.7072355 0.5111211 -0.20443118 0.8010064 0.4745746 -0.36921597 -0.24396215 -0.33659384 -0.024229974 -0.16256742
1355 0.039063856 -0.22025414 0.67350304 -0.2767257 -0.14357689 0.007953033 0.27067903 0.065894105 0.058911383 0.7399505 -0.41719788 -0.97374904 0.6981226 0.5320478 0.67936015 0.16454433 -0.8352256 -0.2601935 -1.3451102 -0.13983701 0.14561006 0.1977857 0.5876278 0.46304852 -0.20076859 0.74440414 0.6255813 -0.27315378 -0.09089026 -0.5607481 -0.07267004 -0.17894624
1060 -0.43623245 -0.85114557 -0.16135497 0.81657934 0.9819205 0.27323946 -0.87827563 0.28988707 -0.12869076 0.05436761 -1.1689879 -0.71739477 -0.3005113 0.5413102 0.07342387 0.24483109 -1.1425366 0.53672135 -0.07386961 0.719962 0.11526616 0.19943687 -0.24126796 -0.36237937 0.20083103 0.12528759 -0.03360838 -0.07189251 -0.1844857 0.29669598 -0.075106815 -0.99674964
547 -0.039904457 -0.31632885 0.6896876 -0.275408 -0.14131226 -0.1073897 0.3236576 0.09310559 0.07627959 0.740043 -0.38157713 -1.1442558 0.6273639 0.54266256 0.799732 0.096042916 -0.9982264 -0.17351286 -1.2938895 -0.1355917 0.07790714 0.0608545 0.61400014 0.6899993 -0.2413274 0.5715566 0.5019811 -0.21594062 -0.22144856 -0.531292 -0.27274278 -0.07265504
978 -0.05206639 -0.3057285 0.71462536 -0.28770536 -0.0640721 -0.15894578 0.40181062 0.07721531 0.111604966 0.7275855 -0.36915255 -1.2245442 0.6127096 0.6015696 0.85364836 0.0918041 -1.0462058 -0.20174834 -1.2172592 -0.044658396 0.06927207 0.00832224 0.58240044 0.7882342 -0.20002949 0.5326381 0.532834 -0.26764306 -0.23076433 -0.6118732 -0.23065804 -0.046465706
1140 0.07655871 -0.334313 0.702852 -0.245094 -0.11348169 -0.052080635 0.30706087 0.10958863 -0.021118296 0.57167655 -0.37002555 -0.9028139 0.7899752 0.5164021 0.5770365 0.020761838 -0.9167303 -0.20272794 -1.330516 -0.15189458 0.19311352 0.18116961 0.52069235 0.4303272 -0.20836179 0.7623154 0.6671276 -0.27705082 -0.25680807 -0.58472776 -0.11723611 -0.24188465
893 0.1316862 -0.22431809 0.68714726 -0.2782923 -0.119139895 -0.006340159 0.2809409 0.053385086 0.03896906 0.711153 -0.41041073 -0.8661349 0.8618058 0.45671883 0.625203 0.13148506 -0.91707164 -0.19741979 -1.3216609 -0.11914024 0.20632899 0.22228584 0.5777038 0.35599038 -0.10763302 0.7871298 0.5821025 -0.23397107 -0.18070896 -0.6210726 0.008231304 -0.22559552
1088 -0.7180552 0.37228268 0.86240935 -0.07469457 0.30933908 0.38869223 0.43849853 0.30883536 0.25622073 0.29434246 -0.29583743 0.40985593 0.033036023 0.05033806 0.712949 0.82544464 -1.3544519 0.41389585 0.2841501 -0.12630051 -0.40392423 -0.5052675 -1.0720727 -0.026993625 0.054263003 0.47613546 0.43085402 0.36931622 0.14772418 -0.21589923 -0.2612224 -0.40790886
1015 -0.68669796 -0.28566664 -0.79419255 0.01946833 0.21994223 -0.37944576 -1.0003098 0.26514533 -0.52819085 0.008430869 -0.6338462 -0.70574915 1.0235461 0.4975296 0.389636 0.8232314 -0.839165 -0.35216177 0.057479843 -1.1457727 1.1451879 0.48881313 -0.6215152 0.6089885 -0.33934855 1.243531 -0.73007697 1.4124063 1.0548146 -1.3152212 0.47691175 -0.4313051
1097 0.048621893 -0.2607649 0.63481283 -0.3281325 -0.080554344 -0.123655304 0.36732358 0.10713603 0.054952547 0.67422915 -0.41396973 -1.0100706 0.7101208 0.52256703 0.6695225 0.093101636 -1.0095744 -0.23097304 -1.3850193 -0.11458816 0.1486873 0.1723887 0.53232515 0.46912378 -0.1514134 0.70492536 0.6598004 -0.30216542 -0.18821178 -0.62900364 -0.1645112 -0.20310917
1357 -0.62426025 0.5654127 0.8693965 0.083281495 0.51255655 0.478496 0.5486368 0.71316856 0.059425298 0.29305112 -0.22333722 0.13217643 0.105884805 0.06120657 0.60632527 0.62967026 -1.2225533 0.5154961 0.3268561 -0.2462358 -0.5676552 -0.68551624 -0.82177925 -0.1819139 0.033538964 0.40459344 0.6693664 0.4031118 0.0768884 -0.38527295 -0.33636412 -0.46386948
917 -0.56886053 0.5101664 0.9157806 0.015034304 0.25752372 0.5533764 0.33025607 0.5663738 0.17848912 0.38557512 -0.23678742 0.2991588 0.13114284 0.04565513 0.72159564 0.51222783 -1.2150551 0.45224616 0.40852767 -0.1335029 -0.44180536 -0.5863822 -0.82111955 -0.10798502 -0.10789645 0.5440018 0.5863482 0.4507901 0.17996661 -0.3011672 -0.32978302 -0.5416582
1125 0.12861156 -0.35560095 0.62452805 -0.17565496 -0.15926746 -0.08070693 0.2855924 0.06171412 0.050320435 0.66800094 -0.31907633 -0.9833154 0.7758544 0.45281923 0.70806426 0.11852863 -0.94196594 -0.17625192 -1.41021 -0.15343958 0.16440856 0.18463096 0.5739476 0.4141833 -0.09007318 0.7842219 0.58732677 -0.32070047 -0.12874131 -0.66036034 -0.063005574 -0.22739716
285 -0.5089282 0.19596486 0.6627406 0.13666669 -0.0063203876 0.467675 0.23584074 0.43719074 0.324665 0.3103435 -0.4541234 0.7296514 0.08889317 0.105221406 0.6637339 0.9360047 -1.4086242 0.35283327 0.32584804 -0.21051191 -0.31755608 -0.6898968 -0.97201633 0.008293947 0.5347876 0.54777515 0.84229374 0.28298184 0.2395297 -0.49454567 -0.36802357 -0.47835186
530 -0.056033794 -0.28657785 0.69634604 -0.26625413 -0.051005807 -0.21659508 0.36166963 0.060773056 0.054792468 0.774644 -0.3113709 -1.1888212 0.7193673 0.5451537 0.82102954 0.10755292 -1.055108 -0.14671978 -1.3270521 -0.06315197 0.118173696 0.051830277 0.71042496 0.6910385 -0.24714355 0.54992634 0.5329699 -0.31505817 -0.21898125 -0.54726607 -0.27034903 -0.122214556
890 0.09449354 -0.3457879 0.69049114 -0.20923127 -0.23257466 -0.09765659 0.19801664 0.058991093 -0.04574373 0.69254136 -0.3913007 -0.7758955 0.8171338 0.51249015 0.637137 0.1028532 -0.8251389 -0.23728041 -1.2953535 -0.20863801 0.18703528 0.12625766 0.6104052 0.35962993 -0.171293 0.75575095 0.7242655 -0.22952911 -0.3163985 -0.58835536 -0.0072126375 -0.18101068
397 0.10525876 -0.26190037 0.62048334 -0.29956084 -0.19313501 -0.049405925 0.20720945 0.052789267 0.0778692 0.7403409 -0.36080816 -0.85246646 0.79428375 0.48562655 0.7404723 0.06636053 -0.88180953 -0.16197321 -1.2567722 -0.16877404 0.1588784 0.18435141 0.5376059 0.37084866 -0.14441141 0.81330585 0.60805684 -0.2507918 -0.2582174 -0.597874 0.043901168 -0.22179748
920 0.04880295 -0.2591316 0.66313326 -0.25948635 -0.17233495 -0.12709126 0.32696226 0.07953219 -0.00016208008 0.7048899 -0.43820128 -0.83899313 0.8364006 0.49813342 0.58576095 0.10070091 -0.8440731 -0.27419126 -1.3283296 -0.08900065 0.18723229 0.2448955 0.49865824 0.37503904 -0.16564098 0.72547555 0.6582187 -0.19773841 -0.19298334 -0.58305484 0.0123417955 -0.18122207
698 0.010570237 -0.30580443 0.6453763 -0.25620908 -0.10505189 -0.12454367 0.34215245 0.10863372 0.074890144 0.7251451 -0.43532145 -1.0315696 0.6622292 0.55060977 0.71460146 0.16275868 -0.99229926 -0.22108549 -1.3424909 -0.046784606 0.059091903 0.1639211 0.6795633 0.5175242 -0.17959218 0.62762976 0.5671819 -0.3577986 -0.12131372 -0.6380715 -0.19273567 -0.12336432
1024 -0.48706168 0.619129 0.8474774 0.059410784 0.43996158 0.57344687 0.47682285 0.695896 0.09135045 0.28364727 -0.19094345 0.18157978 0.18066342 0.069217205 0.62865406 0.52266467 -1.2121367 0.48478246 0.38681537 -0.20034505 -0.5113184 -0.6509902 -0.7880369 -0.28198195 -0.20726268 0.46481875 0.60489124 0.40690014 0.01921379 -0.20998582 -0.3095227 -0.5458284
1090 -0.6699167 0.47835022 0.8017123 0.012802017 0.32996652 0.3497948 0.53826064 0.50704426 0.24476348 0.14761186 -0.25406924 0.29331872 0.11649915 0.17108537 0.634063 0.80098474 -1.3930987 0.4391579 0.22460794 -0.24756637 -0.39889383 -0.66164404 -1.0437826 -0.21870291 -0.003864526 0.41799974 0.49256134 0.5407674 0.066058025 -0.31455165 -0.27749613 -0.43333727
1196 0.13700435 -0.25596884 0.71751726 -0.15421416 -0.16376925 -0.13642594 0.37085792 0.089836024 -0.04385407 0.67781085 -0.4054401 -0.92344403 0.8353693 0.4327069 0.64622545 0.054401103 -0.9234232 -0.19737807 -1.3075693 -0.18544208 0.16439691 0.16331281 0.5888855 0.3110618 -0.1261634 0.76055014 0.544296 -0.18870369 -0.22640572 -0.5141187 0.05666951 -0.21001254
1042 -0.7028414 0.34127855 0.7632567 -0.02097164 0.11617526 0.45743826 0.4014372 0.41038096 0.3653686 0.4031277 -0.300387 0.4582845 0.14424421 0.11438249 0.74736434 0.7864402 -1.3124819 0.40398878 0.24876676 -0.12106372 -0.4125235 -0.5732194 -0.9694166 -0.060150795 0.18902285 0.37395397 0.47296628 0.37253922 0.21688484 -0.19118132 -0.26284963 -0.458536
1364 1.2420924 -0.12665908 0.30666223 0.20642844 -0.02824573 0.39713448 0.34293684 0.2665553 -0.8602774 0.8508445 -0.0028662106 -0.08562467 -0.4421843 1.8609943 0.57456183 1.5132045 -0.12360432 -0.08365505 0.4418079 0.8134666 0.20630902 0.22664395 0.06329449 0.39316213 -0.3771242 0.7351651 0.11280812 0.7924048 -0.14211403 -0.2152945 -0.9452157 -0.2554339
1067 0.025784083 -0.23475495 0.60756606 -0.25744703 -0.12799752 -0.13338932 0.32668048 0.030725071 -0.0007263091 0.713567 -0.34304142 -0.97807133 0.70284086 0.5309993 0.74428433 0.17026636 -0.93766516 -0.27369794 -1.3872972 -0.2520091 0.18789491 0.16866702 0.5401103 0.5287001 -0.17278695 0.76954234 0.6277976 -0.28404066 -0.1847579 -0.5524733 -0.098390914 -0.19366236
