68 128
21 -0.018138181 -0.1645609 0.09021308 -0.1110756 0.047135867 -0.09640469 -0.049187616 -0.045961354 -0.08378229 0.055980835 0.3754629 -0.01130651 -0.3038093 -0.02335385 0.010565327 0.13886362 -0.09614468 -0.026446233 -0.16486123 0.1247257 0.18193913 0.17619304 0.17270692 0.13677204 -0.2399629 0.13815802 -0.14642398 0.07764862 0.03697545 -0.29208872 -0.22322038 -0.20121035 0.038478743 0.041267462 -0.23213646 0.12898901 0.338131 0.07116017 0.40165716 -0.039639626 -0.07724615 0.07375614 0.09678755 -0.2765398 0.12940782 -0.0011337512 0.083340056 -0.118439935 -0.02280615 -0.027548056 0.20822763 -0.056282137 0.3608074 -0.04254351 0.13966943 0.28039986 0.44358513 -0.079620145 -0.14219795 0.008854591 0.05531302 -0.09450197 -0.025097275 0.099566504 0.18301289 0.19137742 0.2846204 0.09333268 -0.020403689 -0.14546235 0.3834182 0.18630509 -0.21082194 -0.12017572 -0.12578298 -0.12908846 -0.06673605 0.2006462 0.11724607 0.50532323 -0.021142134 -0.25119773 -0.002273352 0.18689798 -0.10817274 -0.016057184 0.20293392 -0.07781995 0.27237898 0.1962641 -0.040996145 -0.2564829 -0.006928326 -0.025962366 0.3135786 -0.104494914 -0.3834972 -0.23397987 0.013608528 -0.045516457 -0.25184765 0.09548531 -0.06875232 0.2241033 -0.15977599 -0.018354928 0.149497 -0.107508175 -0.21649277 -0.14020239 -0.04013156 -0.08349385 -0.012415457 -0.05051944 0.055178948 -0.24114944 0.020046229 0.35954753 0.17671894 0.014581617 -0.26420027 -0.18628572 -0.10600575 -0.069234334 -0.014505787 -0.09655501 -0.14346763 0.03070321
64 0.08020864 -0.08447517 0.06723168 -0.15240794 0.044181254 -0.14398442 -0.06360947 -0.1353065 0.011911354 0.028421927 0.28522685 0.0017587463 -0.10904674 -0.090488076 -0.012739249 0.21184908 -0.06803281 0.03147502 -0.18896356 0.10906202 0.1477632 0.19573557 0.19556257 0.2401353 -0.18125631 0.15890294 -0.08997559 0.12915762 0.10213633 -0.22059317 -0.20042692 -0.20747423 0.032252982 0.062181074 -0.32497275 0.12395411 0.36631042 0.105355754 0.537748 -0.041273702 -0.004308053 0.0065159188 0.06802407 -0.2894655 0.07727893 0.07273333 0.069968686 -0.1704051 -0.032290485 -0.11019 0.15834591 -0.094300866 0.35664025 -0.001241606 0.09958953 0.24299376 0.41658208 -0.12612194 -0.16614833 0.00077334675 0.01885036 -0.11134442 -0.045891527 0.18144123 0.15759452 0.13834815 0.24291945 0.045490455 0.025794266 -0.1861293 0.36128998 0.11564759 -0.16237757 -0.021534767 -0.17576052 -0.15274017 -0.028300358 0.22865553 0.12978373 0.58156896 -0.036270082 -0.29550853 -0.035856932 0.2227426 -0.08887883 0.021458615 0.12569837 -0.0937347 0.32945508 0.15647516 -0.07959828 -0.19635546 -0.02291452 -0.02767428 0.3475737 -0.22887383 -0.360184 -0.20007002 0.06099818 -0.026846286 -0.28615975 0.12664966 -0.10730721 0.18551862 -0.17605846 -0.10494377 0.15259719 -0.15509261 -0.28090477 -0.053373337 -0.032932445 -0.02688708 0.025789957 -0.013475166 0.0181125 -0.29807374 -0.06528382 0.37571457 0.19220972 -0.106632754 -0.2404319 -0.20739403 -0.049716894 0.003850655 -0.057710845 -0.17726783 -0.1756375 0.024073215
23 -0.069950886 -0.12640332 0.06567688 -0.1736179 0.08479975 -0.26309046 0.036795873 -0.04459702 -0.07847387 0.117709376 0.3178861 -0.10241211 -0.33430806 -0.12632002 0.11736242 0.2159146 -0.104232654 0.06445485 -0.17954308 0.20566116 0.25088668 0.21375467 0.179628 0.06720118 -0.2712302 0.074010566 -0.2174195 0.0733689 0.033720694 -0.22449443 -0.24819304 -0.19538349 0.09408801 0.11417587 -0.32295668 0.15570456 0.35666427 0.101225525 0.4721711 -0.01982758 -0.033272065 0.11083814 0.19010234 -0.2961304 0.09124729 0.022885818 0.21222757 -0.18222742 -0.049000792 0.016332304 0.24326876 -0.19668327 0.31588107 -0.11917669 0.07565301 0.28940728 0.50671494 -0.18881467 -0.083538584 -0.05025386 0.1623656 -0.12141852 -0.07915047 0.09725561 0.19520694 0.18233114 0.25865492 0.08846674 0.06399745 -0.15106836 0.3435015 0.12992248 -0.11550534 -0.1452711 -0.14121415 -0.14900541 -0.055257577 0.20638856 -0.013357539 0.47437403 -0.010654317 -0.27524734 -0.033634618 0.23913047 -0.116181515 0.06526523 0.22596934 -0.17073546 0.34517008 0.19165729 -0.08362624 -0.25110826 -0.08866265 -0.033560008 0.2915747 -0.12679546 -0.31631315 -0.2511702 0.06345652 -0.10385779 -0.21141456 0.11851856 -0.05578713 0.10581579 -0.24040946 -0.03325545 0.123586886 -0.12571053 -0.19668512 -0.15856725 -0.05484061 -0.053260755 -0.029356146 -0.059306327 0.14421658 -0.28141573 0.034449257 0.31305203 0.1756711 0.0039627925 -0.3189002 -0.13759787 -0.21617258 -0.02953977 -0.06859884 -0.046320144 -0.2026227 0.10583316
66 -0.005801393 -0.20972216 0.14553508 -0.09187329 0.005228846 -0.13345577 -0.09906718 -0.0018504612 -0.0873547 -0.012059775 0.28910816 -0.019329708 -0.29622257 -0.015014332 0.04343418 0.13443378 -0.09782232 0.057617728 -0.15197094 0.1882625 0.22874744 0.2035276 0.14830735 0.09709678 -0.2326835 0.1103628 -0.17117563 0.08369661 0.032163262 -0.270964 -0.25001684 -0.19949773 0.05188584 0.12809834 -0.24225254 0.12145976 0.32369572 0.04950084 0.41290608 -0.01362214 -0.098360024 0.07417734 0.16035166 -0.24020305 0.07001851 -0.027305 0.13277398 -0.073594406 -0.025760286 -0.028882394 0.21613112 -0.14467728 0.32209283 -0.021243304 0.12531704 0.2601014 0.39392155 -0.17458276 -0.11168481 0.03249376 0.068380155 -0.10831408 -0.017685099 0.12077048 0.1902639 0.2105392 0.27605855 0.102625705 0.005493697 -0.147979 0.3057089 0.118662775 -0.21223724 -0.1365542 -0.14953075 -0.19562238 -0.042870134 0.17014807 0.071181096 0.5105683 -0.05593139 -0.2562816 0.059665162 0.26089442 -0.12972394 -0.025098527 0.24262346 -0.11493176 0.3165297 0.17758541 0.0051851594 -0.2758609 -0.123554476 -0.026096867 0.34898186 -0.14826246 -0.3975156 -0.2596468 -0.0051071197 -0.044253442 -0.25171837 0.09214669 -0.08081168 0.16691783 -0.17144299 0.005101379 0.13146368 -0.1001234 -0.25967053 -0.22228344 0.016911935 -0.108561076 0.017493736 0.008709235 0.034149196 -0.31572857 0.049392257 0.33024818 0.19372597 -0.06247437 -0.3266441 -0.17939077 -0.11646206 -0.0125632305 -0.042051993 -0.09082729 -0.19343351 0.06605754
19 0.04959645 -0.091620505 0.10045557 -0.15923306 0.0073404885 -0.10975339 -0.005291361 -0.15071954 -0.046365328 -0.05923132 0.1926214 -0.054246157 -0.35340416 -0.019638658 0.059953786 0.1437328 -0.07513078 0.020175869 -0.25069815 0.20121983 0.20231156 0.20361124 0.228402 0.18532394 -0.27877963 0.2023432 -0.12374933 0.08634348 0.033697944 -0.2507936 -0.24464683 -0.19103503 0.021982506 0.054899037 -0.28249338 0.09465927 0.360457 0.1089578 0.43018267 -0.035402954 -0.10924318 0.09684826 0.13246883 -0.25857705 0.16233125 -0.017123235 0.16017924 -0.14431906 -0.05471736 -0.0416353 0.20288785 -0.2038026 0.3517947 0.038860634 0.037863497 0.25732556 0.44699553 -0.20389591 -0.14037715 0.06265736 0.043733586 -0.094893605 -0.0018007956 0.1583243 0.15051074 0.27950698 0.16769183 -0.015723957 0.0057272753 -0.15453683 0.36355478 0.06405277 -0.14525767 -0.08489455 -0.11375722 -0.17100385 -0.0801108 0.24613012 0.014096817 0.5046903 -0.02868815 -0.2790608 0.07462635 0.20107032 -0.16716667 -0.045583896 0.17281263 -0.08831284 0.35327038 0.15681624 -0.065273665 -0.18389733 -0.11036008 -0.07147649 0.35295445 -0.12608491 -0.337595 -0.19563164 0.03266833 -0.09134759 -0.25513163 0.10134449 -0.16788849 0.19796558 -0.14966659 -0.028977647 0.14221928 -0.15825601 -0.30237582 -0.17250872 -0.03434397 -0.061350964 0.028742673 0.02835902 0.025665754 -0.32352814 0.046521153 0.3373082 0.24449672 -0.028720675 -0.22067769 -0.11826637 -0.19201472 0.09893858 -0.020819841 -0.12989324 -0.17449339 0.043567803
61 -0.034345224 -0.13709399 0.10997209 -0.07168519 0.046559095 -0.111135304 -0.051994868 -0.117653154 -0.061842725 0.022519385 0.14092137 -0.16989373 -0.30216163 -0.05196454 0.070918135 0.13067228 -0.16266847 -0.011354186 -0.30151066 0.15873747 0.14055932 0.15907253 0.25216466 0.09787794 -0.2702583 0.20825502 -0.14215198 0.07566627 0.003047073 -0.2945098 -0.26121005 -0.16620429 0.003943515 0.10404919 -0.27397293 0.068305716 0.37316683 0.11992819 0.35973677 -0.022794707 -0.113939375 0.09166851 0.19571477 -0.27220383 0.12948935 -0.044322774 0.18020752 -0.2149981 -0.0149598755 -0.057732396 0.18375224 -0.23720087 0.40970665 -0.039658133 0.1079643 0.32291663 0.5443776 -0.1460005 -0.1615115 0.0553039 0.10749115 -0.11579423 0.0068231984 0.09163783 0.17942896 0.34221622 0.22279824 -0.02083053 0.04702776 -0.175642 0.37490058 0.13187765 -0.19423746 -0.19953038 -0.084999524 -0.17570479 -0.014518975 0.27608147 -0.03877766 0.43303728 -0.039132994 -0.25800472 0.07566747 0.19316871 -0.15507136 -0.026129885 0.21715741 -0.012016797 0.298481 0.19945833 -0.07967195 -0.26747826 -0.014846098 -0.009830428 0.35615623 -0.19410823 -0.4428346 -0.18209633 -0.04947123 -0.06379651 -0.24097414 0.015375645 -0.1169285 0.29204476 -0.15029007 0.012540151 0.08410586 -0.14361063 -0.19332686 -0.1539483 -0.04669446 -0.08883928 0.10576738 -0.052647926 0.11052174 -0.24309069 0.07434631 0.36985797 0.21223988 -0.0800322 -0.2763129 -0.2018916 -0.20156014 -0.012830942 -0.021318056 -0.09220377 -0.1239954 -0.024852961
47 0.036742747 -0.088000566 0.11768658 -0.09562653 0.02791498 -0.11260688 -0.05309723 -0.066588 -0.008194155 -0.06228492 0.25027078 0.04955195 -0.2994701 -0.032619253 0.042285867 0.15489137 -0.100302346 -0.031911764 -0.21347982 0.20166753 0.23630427 0.17137226 0.1632163 0.17294121 -0.23809004 0.19934316 -0.1715733 0.05413888 0.08289757 -0.20414402 -0.27625656 -0.16106497 0.015465256 0.0497803 -0.26480344 0.105209075 0.35271236 0.14646527 0.46194965 -0.03984758 -0.15312691 0.060844924 0.16896735 -0.22237834 0.0959543 -0.06911717 0.096821666 -0.12903026 -0.019348618 -0.0697539 0.24871124 -0.14937411 0.3200439 0.029185487 0.07253691 0.26089314 0.45398885 -0.13086009 -0.17153858 0.01786142 -0.019662445 -0.085370295 -0.01888616 0.08706494 0.18661714 0.24693419 0.23044391 0.024168557 0.0041772975 -0.11177885 0.34583965 0.15091339 -0.14930707 -0.06340012 -0.16651964 -0.15187307 -0.07265174 0.21883146 0.07084628 0.5282462 -0.05240301 -0.26564524 0.0593763 0.2015527 -0.14086704 -0.087770544 0.18212286 -0.08868206 0.28782445 0.17059498 -0.03561511 -0.20779672 -0.0742357 -0.10494931 0.3516565 -0.1209291 -0.33219904 -0.15755317 0.07495 -0.12162174 -0.23459166 0.091383256 -0.1322619 0.2003195 -0.17343047 -0.012437807 0.12148901 -0.12898299 -0.32670864 -0.11567755 0.022949196 -0.007635534 -0.010156573 -0.0033529664 0.07445191 -0.30865905 0.040123954 0.31126776 0.2865528 -0.0036560192 -0.21500774 -0.15283601 -0.113196686 -0.055769313 0.015601822 -0.158812 -0.17244782 0.009966515
16 -0.020968908 0.0109172715 0.03152333 -0.15506184 0.056994073 -0.15734714 -0.010601392 -0.064737625 -0.020060837 0.0419458 0.21058209 0.006405832 -0.25501472 -0.08821693 0.03932661 0.15712935 -0.10311632 -0.002701509 -0.20612858 0.20703447 0.23287408 0.16620643 0.16548201 0.099692106 -0.24891245 0.1741461 -0.17667554 0.069035694 0.09142208 -0.23927446 -0.2688969 -0.14965825 0.07615447 0.037991036 -0.26674005 0.12048169 0.29754674 0.13272135 0.36520866 -0.024187498 -0.14340654 0.10020438 0.15260258 -0.2791618 0.112911 -0.0055521815 0.13052672 -0.14944208 -0.0353426 -0.026635269 0.20187141 -0.08476914 0.3170347 -0.0063158236 0.078188255 0.25834754 0.43756998 -0.11730964 -0.12930268 -0.04938358 0.030421194 -0.10090425 -0.028304245 0.06376216 0.17494228 0.22538045 0.23405036 0.043517888 -0.051722687 -0.09202694 0.34703463 0.12080523 -0.10768334 -0.047437813 -0.11855732 -0.1225372 -0.09227599 0.1567646 0.051821105 0.4571387 0.019521326 -0.27506098 0.007935836 0.20622386 -0.11979209 -0.017054109 0.16938108 -0.12114308 0.3001131 0.14275223 -0.06484598 -0.16812316 -0.011041066 -0.04901816 0.28275257 -0.05693953 -0.31079918 -0.20117782 0.07309732 -0.13343321 -0.24752769 0.08057563 -0.105046704 0.16187209 -0.16149004 -0.019625306 0.115997724 -0.1495844 -0.25071105 -0.118601836 0.00866131 0.007553452 -0.027355649 -0.045350693 0.13483272 -0.29245958 0.060376745 0.2792064 0.20654243 0.012811016 -0.20202115 -0.13361953 -0.11887687 -0.058742736 -0.010591073 -0.13100405 -0.13228141 0.012558337
46 0.10314062 -0.2500264 0.23719643 -0.130108 0.037380673 -0.065250754 -0.06985945 -0.05442747 -0.026995672 0.0017637936 0.22165938 -0.02535148 -0.33254245 0.03215186 0.0040042265 0.18363117 -0.100874946 0.032163803 -0.1824887 0.20042677 0.14467031 0.20831117 0.13670588 0.12542646 -0.21337631 0.1612652 -0.099741414 0.0561388 -0.0053555453 -0.2645758 -0.22461961 -0.14286646 0.04798915 0.15246521 -0.25039163 0.101309024 0.30767158 0.05794437 0.40929836 -0.030464755 -0.12157113 0.01272847 0.088669725 -0.246698 0.11268651 -0.029542245 0.1849138 -0.13219686 -0.12993063 -0.033476885 0.13183801 -0.11003204 0.419099 -0.007990367 0.13290799 0.24380308 0.45276 -0.12537518 -0.11631801 0.040263735 0.053829484 -0.06132181 0.029299444 0.13068886 0.22993852 0.28591695 0.26817143 0.083884194 -0.055445716 -0.13571568 0.33449435 0.1657309 -0.17940794 -0.046665568 -0.15601271 -0.15659764 -0.102684334 0.16724664 0.031481653 0.47848827 -0.024478294 -0.26611784 0.009403088 0.19567023 -0.12808888 -0.048226908 0.18789117 -0.09476081 0.26728982 0.15955704 0.01761356 -0.26754537 -0.07430098 -0.060751107 0.2950926 -0.18003708 -0.4379222 -0.21912758 0.013100793 -0.081347026 -0.1800153 0.036113594 -0.14381978 0.17970832 -0.12081097 0.008967147 0.09788852 -0.10780619 -0.20609936 -0.15405256 -0.018585889 -0.112762846 0.049720373 0.0038601172 0.02138912 -0.2537926 -0.03488888 0.31597662 0.20344935 -0.0060911565 -0.25538108 -0.15818404 -0.08562959 0.00931522 -0.038630567 -0.09446446 -0.1316238 0.061155755
15 0.013324146 -0.13637218 0.04112054 -0.111575745 0.03853266 -0.110638835 -0.07388632 -0.07366954 -0.037956472 0.0132681 0.2777744 -0.020956144 -0.24851775 0.028607976 0.06807653 0.21122056 -0.05426262 0.024929145 -0.22174294 0.16759498 0.19225894 0.15006329 0.21613175 0.11410621 -0.2515728 0.13599782 -0.12465934 0.056604516 -0.021120526 -0.14673606 -0.2112735 -0.18697786 0.04533822 0.098857075 -0.31514853 0.10444666 0.31747612 0.10344917 0.4868808 -0.085930154 -0.017234128 0.054487616 0.109213315 -0.26410908 0.06966556 0.008378327 0.10717083 -0.12819704 -0.05080533 -0.044332825 0.228463 -0.14844309 0.35296154 0.015217841 0.046912346 0.19100466 0.48324078 -0.10684806 -0.13944308 0.033522632 -0.0055958214 -0.0572017 -0.03538931 0.124035254 0.1767624 0.22898461 0.19082133 -0.0026010342 0.04506638 -0.1658553 0.3378157 0.16743752 -0.17413329 -0.029616429 -0.12071172 -0.18787423 -0.070249416 0.21445452 0.0056656417 0.52382064 -0.015303756 -0.22884858 -0.013631029 0.18895112 -0.10617588 0.00546033 0.19189145 -0.06329037 0.29327467 0.20638873 -0.05797823 -0.23759057 -0.07347994 -0.08607276 0.30529258 -0.1422343 -0.29965237 -0.15448684 0.0661467 -0.08397102 -0.22577003 0.12785241 -0.12928598 0.17956306 -0.19313098 -0.08955907 0.11558497 -0.07828071 -0.2610623 -0.10766691 -0.03352377 -0.06499495 -0.0392858 0.013004921 0.0015032605 -0.25819522 -0.015560513 0.32124007 0.21015845 -0.05321483 -0.24239263 -0.14744961 -0.097138554 -0.0010623964 -6.5709486e-05 -0.12197533 -0.22747868 0.14587575
29 0.22563386 0.057848286 0.37436223 -0.020516247 -0.018327074 -0.3469728 0.18991473 -0.12848398 -0.23597974 0.27041718 -0.25820595 -0.27135462 -0.31811514 0.17133473 0.2051301 0.05841127 0.14557768 0.014724 0.054583885 0.15696993 0.25508222 0.32407293 -0.18377306 0.08434443 -0.31074727 -0.08566843 -0.091797456 0.031225197 0.10855454 -0.08696368 -0.4574408 0.19239846 -0.061847728 0.0482065 -0.27513686 0.11737014 -0.15608795 0.11810055 0.10708037 0.00933301 -0.13420072 -0.20133016 -0.033085503 0.112287655 -0.034625795 -0.06110603 0.33754224 -0.088511035 -0.10656616 0.38733882 -0.009840662 -0.024312219 0.029831598 -0.4188259 -0.13676855 -0.060981046 -0.029979046 0.19919167 -0.13523889 -0.1667785 0.2101369 0.1082818 0.1977112 0.03305102 0.26380605 -0.10056697 0.031621806 0.037354376 0.27167404 -0.14686325 0.04645784 0.44622982 -0.16768682 0.06246188 0.009813153 -0.07279249 -0.33070204 -0.07627816 -0.15355568 0.18956174 0.03539719 0.2017694 -0.008711099 0.00012289907 -0.10575755 0.0921681 0.1316488 -0.40629163 0.09045878 0.11581023 0.07827859 -0.15800892 -0.07302809 0.065464415 -0.02362593 0.46225017 0.05346573 -0.16792424 0.26981488 -0.11504641 0.20381235 0.16699779 -0.048939746 -0.037723105 -0.39391398 0.09917095 0.09013271 0.08611718 -0.11726903 0.034502722 -0.23044647 -0.1783464 -0.17943914 0.20112841 -0.3109737 -0.07600778 0.11743206 -0.016471215 0.059754327 0.5660597 -0.07882768 0.15929991 -0.05880624 0.09269741 0.32424656 0.09654053 -0.36277655 0.5341466
56 0.41397208 -0.10348433 0.474601 0.07390912 -0.04248409 -0.40696245 0.14179628 -0.10760942 -0.17257917 0.23787114 -0.19753554 -0.27795967 -0.20319507 0.15166743 0.35987794 0.14902207 0.07292315 0.06386478 0.062845536 0.16319174 0.18346973 0.28050205 -0.21843065 0.15921915 -0.35669264 -0.054015923 -0.10145478 -0.027825503 0.15409875 -0.06281297 -0.4657317 0.31034404 0.0060452274 0.1029893 -0.28594318 0.078886725 0.030771604 0.17915578 0.023072224 0.051883392 -0.19239011 -0.21427698 0.05736618 0.28349844 -0.03641334 -0.2191496 0.2699698 -0.11355782 0.021075908 0.38170442 -0.11400603 -0.11781256 0.017654523 -0.33390734 -0.1268393 0.07948911 -0.1067048 0.23332065 -0.12807113 -0.010859635 0.20828491 0.15835914 0.15461895 0.0571047 0.34588477 -0.083821006 -0.037702713 -0.19339608 0.35044417 -0.22682416 0.049462035 0.44948864 -0.16934396 -0.020871516 0.14551507 -0.16962996 -0.21934244 -0.09008152 -0.10461076 0.17498368 0.011924948 0.022190578 0.039528962 -0.046767727 -0.16791643 0.04753177 0.079179496 -0.32896033 0.047277734 0.1191433 -0.0318007 -0.09996136 -0.09505923 0.088739045 -0.05475558 0.44509724 0.07297268 -0.12906195 0.24499404 -0.0062732645 0.20512562 0.12680227 -0.028729519 -0.13994956 -0.47626972 0.19148369 0.05951917 0.12963927 -0.11530299 0.11687108 -0.17989443 -0.21472333 -0.08810165 0.29484737 -0.36458394 -0.078975655 0.06542207 -0.0435759 0.11282587 0.5429679 -0.11563959 0.06234006 -0.11086709 0.09121156 0.27035174 0.10902964 -0.3315143 0.45362177
63 0.03438774 0.04670379 0.012766649 0.07815315 0.0997112 -0.09336245 0.1551778 0.011925009 -0.005605865 0.26794478 -0.10576786 -0.16197886 0.0962961 -0.5026116 0.18667367 0.1831618 0.25309154 -0.10901541 0.04021551 0.10386962 -0.13606007 0.21622224 -0.061174456 0.40332508 0.08058 -0.024081359 0.00480672 -0.12370764 0.11504181 -0.23962785 -0.097828835 0.07036933 -0.09110151 -0.093583025 -0.32085225 0.14705113 0.3822446 -0.069521554 0.15727298 -0.01886492 -0.09098966 -0.19505541 0.10282734 0.086559 -0.12179533 0.0051755365 0.20760123 -0.016715648 -0.21199448 -0.06959738 -0.07590403 0.0053673363 0.100739226 0.10060395 0.022464056 -0.048881553 -0.087021925 0.11517987 -0.07890657 -0.00045316757 0.08567362 0.0655838 0.12203987 0.0132743055 0.32380098 -0.21376543 -0.13837236 -0.16593066 -0.2181323 -0.07327849 0.19022295 0.07930569 -0.0389832 0.2762943 -0.13702603 -0.09752649 -0.30236742 -0.15780093 0.15644294 0.051099475 0.052493088 0.001723191 -0.060648125 -0.16880356 -0.073105454 0.44449317 -0.15558821 -0.05375503 -0.122816674 0.055587295 -0.033314195 0.22357011 0.38335717 0.0003044406 -0.1701568 0.10439723 0.0013887526 -0.06752751 0.11161111 -0.0762132 0.1409958 -0.03142919 -0.104391165 -0.13304399 -0.015215594 -0.107133515 -0.19149517 0.18975922 0.26151648 -0.08207753 0.13628237 -0.07690049 0.08509582 0.26718056 0.018815897 -0.24062032 0.062307775 -0.05710162 -0.09655835 0.13410555 0.01252915 -0.40115303 -0.13741852 -0.009022963 -0.12247301 -0.14530341 0.15712817 -0.19376281
18 -0.06768254 0.31577763 0.011549794 0.17078477 0.11956978 -0.07910533 0.16671634 -0.07854712 -0.0328177 0.024454864 -0.22428234 -0.15559043 0.14910772 -0.32316273 0.11420267 -0.1180179 0.06299865 -0.2302489 -0.1897411 -0.026515132 0.028924815 0.3684764 0.028291246 0.37233284 -0.036210887 0.022514703 0.089517675 0.15699431 0.3643542 -0.18712567 -0.18773879 0.106555805 -0.10048547 -0.15110373 -0.3606894 -0.026120706 0.19488706 0.11331218 -0.02257058 -0.0039730566 -0.09109275 -0.17543323 0.17752115 0.042776644 -0.102089 0.07689204 0.031961173 -0.08160874 0.1761788 -0.10316837 -0.05893863 0.17482518 0.11875825 0.07954237 -0.14107151 0.22102833 -0.071189485 0.21279062 -0.19646199 -0.08135613 0.0736651 -0.10376661 0.16670296 -0.09763103 0.16820504 -0.14917213 -0.12603568 -0.22078837 -0.21443117 -0.12565507 0.2344369 0.05091958 -0.25117016 0.15895624 -0.019095 -0.0939044 -0.15548237 -0.05737955 0.16826972 0.2787982 0.100438595 -0.06384466 -0.016824938 -0.0829075 -0.0073447227 0.26413706 -0.10805711 -0.026862234 -0.036360167 0.12944244 -0.218107 0.14307535 0.40683368 0.085012294 0.032373834 0.19016686 0.07396731 0.022866603 -0.015855396 0.0052245213 -0.06650501 -0.01467428 -0.04886307 0.12953337 -0.1330247 -0.092891015 0.04263353 -0.025927516 0.03787001 0.11227645 0.17621237 0.07206437 0.09368029 0.15053406 -0.020266283 -0.31407765 0.13409187 0.024125006 -0.03885442 0.011625825 -0.0071146884 -0.31634858 0.12290812 -0.0077093495 0.106332615 -0.27641273 -0.015847344 -0.21433029
11 0.1305289 -0.009872639 0.11133814 0.10746313 0.0055751293 0.05517487 0.12378242 -0.038134295 -0.08706394 0.19054285 -0.0885518 -0.04173062 0.08955151 -0.33468175 0.06831879 0.12378666 0.24735416 -0.105601296 0.010707737 0.017032271 -0.095046625 0.25587 -0.0029093558 0.3940514 0.05584837 0.099838264 0.022903737 -0.03612783 0.052145217 -0.30354977 -0.13115534 -0.00271355 -0.13046195 -0.099183634 -0.21458833 0.054981582 0.36733013 -0.13298663 0.15256302 -0.028117027 -0.1033162 -0.20878695 -0.057903863 0.06896201 -0.039790608 0.018925902 0.13842043 0.0010008177 -0.20938465 -0.071893945 -0.048651 0.050343934 0.12879986 0.1128839 0.08280801 -0.015218727 -0.072499044 0.103138305 -0.16659872 0.07719342 0.060491614 0.03685183 0.1326156 0.105444975 0.23759606 -0.19064893 -0.03033817 -0.05843089 -0.27368516 -0.100112155 0.22308534 0.056297064 -0.03971935 0.2480169 -0.08173149 -0.033266548 -0.34023687 -0.21001886 0.30600893 0.081335954 0.06000943 0.062147416 -0.024134934 -0.10758464 -0.13330084 0.42103523 -0.17209756 -0.04494776 -0.10858666 0.04507676 0.024460277 0.27921766 0.43562382 0.017994849 -0.12671067 0.13789709 -0.07021595 -0.15515347 0.12246079 -0.022246012 0.007920947 0.015629021 -0.10156481 -0.050666027 0.10472707 -0.044717368 -0.10660871 0.114253044 0.25685433 -0.13279282 0.09245387 -0.08632488 0.044246063 0.24484034 -0.075460814 -0.17424317 -0.0035075482 0.1112682 -0.01586226 0.092043 0.0679809 -0.23608664 -0.09153686 0.09397894 -0.12745579 -0.20432791 0.13489507 -0.18437062
5 0.07063745 0.006943789 0.08482579 0.08309936 0.064018115 -0.066154085 0.10480732 0.005888871 -0.0009915368 0.15826243 -0.046331964 -0.04251024 0.1506582 -0.39596605 0.12067114 0.106215134 0.26244083 -0.12370431 0.06613526 0.05838411 -0.085426584 0.19921775 -0.09281772 0.4152447 0.08408273 -0.022430895 0.0077393577 -0.13393956 0.13575043 -0.28481942 -0.09688631 0.040921558 -0.19878136 -0.06660221 -0.16472329 0.1985003 0.36228448 -0.069125086 0.22222519 -0.065378934 -0.013678393 -0.18065958 -0.0003535039 0.10768714 -0.08787913 0.008414419 0.20550124 0.006413302 -0.1977961 -0.13676973 -0.029997569 -0.010549785 0.012749959 0.09317089 0.13638104 -0.094935894 -0.13545083 0.11279827 -0.08778374 0.041396134 0.0070086294 0.08632933 0.13363793 -0.03709071 0.29918218 -0.15273517 -0.10239701 -0.029015845 -0.18816856 -0.15786155 0.122314274 0.0024379836 -0.10243532 0.19560924 -0.2057059 -0.015368249 -0.2488325 -0.1947467 0.2067737 0.1333578 0.017831985 0.100032 -0.0063443375 -0.106738605 -0.05695697 0.37198406 -0.18453233 -0.098811485 -0.09294768 0.008701901 0.04645569 0.1333273 0.3524031 -0.044022713 -0.121679634 0.10170868 -0.04835771 0.013962757 0.14509255 -0.019335084 0.048964005 0.05162556 -0.1410779 -0.06779826 0.038370408 -0.070857875 -0.16876973 0.17383862 0.18976721 -0.15348944 0.07367554 -0.14930157 0.09898746 0.30381212 -0.12596782 -0.22031868 0.051094323 0.01859346 -0.052574646 0.14804178 -0.024917595 -0.29989046 -0.15776128 -0.01918921 -0.11161094 -0.120665476 0.10577284 -0.17443424
49 0.05296651 0.3222099 -0.034274872 0.11144762 0.17290887 -0.17599086 0.1384152 -0.17694137 -0.12116954 0.049692787 -0.11696125 -0.2414889 0.27906266 -0.34093407 0.20662689 -0.12160883 0.0060100984 -0.08869248 -0.18592739 -0.08322137 -0.025084235 0.29232755 0.08132649 0.36786672 -0.039142035 -0.027915208 0.09675025 0.21456428 0.34803724 -0.15605322 -0.16373795 0.08717031 -0.15637149 -0.19639885 -0.33886287 0.048481993 0.15597636 0.10429709 -0.015812103 0.060188636 -0.03960707 -0.17555586 0.17748518 0.046631157 -0.16148208 0.09874242 0.108816504 -0.14236939 0.1825463 -0.20175496 -0.058438644 0.11384883 0.10166607 0.09074283 -0.13142964 0.13317172 -0.12013708 0.27252322 -0.23150954 -0.080397435 0.062542684 -0.05614467 0.15009591 -0.10835016 0.16857816 -0.21538214 -0.25163662 -0.25327396 -0.09706533 -0.18619357 0.2221828 -0.08604205 -0.32462105 0.04071282 0.06127047 -0.19002187 -0.06433245 -0.009376653 0.1607021 0.25725022 0.14657438 -0.013158393 0.096664876 -0.006535396 0.0019701319 0.2757169 -0.13541842 -0.07844686 -0.024338089 0.07272337 -0.21241586 0.085322976 0.389607 0.21089132 0.064639635 0.13868374 0.063158646 -0.01879064 -0.07237266 -0.040704142 -0.15096201 -0.040994287 -0.068155624 0.14978917 -0.16395408 -0.05752221 -0.028312258 0.006539125 0.018619329 0.07360457 0.15336162 -0.018553557 0.17129004 0.14165545 0.022888124 -0.31738254 0.24555096 0.0024685594 -0.037415814 -0.08187735 -0.07730556 -0.30940673 -0.045776382 0.04650138 0.0824293 -0.26752782 -0.100353554 -0.21635112
22 0.07031073 0.2230037 0.05948181 0.19009082 0.08749714 -0.110444285 0.18864883 -0.1767102 -0.0789705 0.014785858 -0.18082048 -0.20498976 0.12685108 -0.29061195 0.20782368 -0.09140564 0.010735118 -0.10812399 -0.1817134 -0.06992783 -0.045475822 0.33524582 0.07293777 0.3461896 -0.103505574 0.029545086 0.06838104 0.178608 0.29464856 -0.1943445 -0.18315904 0.1145262 -0.094199814 -0.16054541 -0.32317123 -0.027847469 0.22514853 0.07355168 -0.079398714 0.08856656 -0.11789421 -0.15822983 0.22228803 0.080193035 -0.10468537 0.062292054 0.104716256 -0.082914986 0.23977669 -0.12927826 -0.11175687 0.088181905 0.11482014 0.11877669 -0.16782644 0.22310641 -0.092891015 0.18471716 -0.20905416 0.018973881 0.13768688 -0.093204774 0.1293333 -0.012388457 0.1472992 -0.16059841 -0.20920543 -0.3105679 -0.12348105 -0.16668737 0.2297186 -0.033363245 -0.27366316 0.013464323 0.1425398 -0.18273072 -0.112649985 -0.0027449122 0.15494691 0.20866837 0.120012574 -0.08250272 0.10342627 -0.036625132 -0.08671376 0.2540541 -0.15312766 -0.013412595 -0.0067903944 0.11326431 -0.23715036 0.14428821 0.35937208 0.20081702 0.013923376 0.1464872 0.09935839 -0.022346739 -0.08963456 0.059337243 -0.11577659 -0.04282201 -0.048069753 0.11661377 -0.1625285 0.004788358 0.037270587 0.027312648 0.061271258 0.06981558 0.14602834 -0.035970885 0.16509068 0.13804294 0.0061250576 -0.2817419 0.17962839 0.019778702 -0.02490824 -0.07387277 -0.025833195 -0.2532781 -0.012593626 0.12775809 0.029062198 -0.2557251 -0.05668908 -0.2427681
53 0.112332866 0.059867892 0.05512846 0.17818955 0.12338709 -0.06879486 0.10169484 -0.023131147 -0.075604305 0.14064194 -0.047050063 -0.064948246 0.18273044 -0.40790236 0.22070496 0.15030603 0.22709657 -0.06009076 -0.01896851 0.11863547 -0.08244416 0.32876152 -0.022556933 0.38986856 0.087547235 0.042338 -0.0071509127 -0.049750675 0.109553546 -0.20551449 -0.10749397 0.06531279 -0.124703825 -0.05708865 -0.27462775 0.025843717 0.35888946 -0.05724642 0.2092385 -0.019745057 -0.031327292 -0.20815036 0.07055278 0.10017637 -0.15943974 0.075274 0.22317953 -0.01079611 -0.23363416 -0.13595237 -0.06093788 0.02468542 0.088619575 0.17706323 0.06929194 -0.052432306 -0.10553786 0.05389085 -0.053867377 0.02879275 0.06577326 0.056621294 0.10048824 0.008364035 0.3581421 -0.18869245 -0.1249388 -0.029818416 -0.255553 -0.13113293 0.15795776 -0.045192093 -0.02273709 0.24959256 -0.17455813 0.00807877 -0.2915234 -0.21122001 0.14089642 0.088884436 0.059790555 0.081257805 -0.09238389 -0.10897011 -0.09639668 0.42237085 -0.16934384 -0.046999592 -0.14095065 0.005896408 -0.020752873 0.19632679 0.30726764 -0.059725247 -0.1445698 0.05232812 -0.020154394 -0.06371081 0.1605415 -0.119749695 0.054363303 -0.008827408 -0.10034737 -0.13259278 0.0028687955 -0.06989614 -0.11876908 0.12656932 0.25623477 -0.08577819 0.16729249 -0.09969435 0.09374466 0.32479942 -0.09856093 -0.22254184 -0.016196525 0.009544781 -0.0031149955 0.057127826 -0.038911946 -0.28388035 -0.12832646 0.03890333 -0.1674279 -0.2099967 0.054692555 -0.16884315
40 0.0038084758 0.18580495 0.042492006 0.12016583 0.15161869 0.010519348 0.21859968 -0.073928 -0.056123704 0.02604323 -0.11511548 -0.17935689 0.14750229 -0.32000557 0.2696373 -0.09698349 0.07648409 -0.12600869 -0.19134028 -0.05377836 -0.05315799 0.3220459 0.064817265 0.42955446 -0.02708991 0.039546814 0.13259791 0.17067389 0.25738057 -0.13682926 -0.16504794 0.1067256 -0.10340692 -0.21496083 -0.3555611 -0.039033663 0.21368903 0.024537427 -0.04135118 0.017842235 -0.098332345 -0.1539255 0.19182973 0.029415911 -0.10747141 0.07125701 0.124358974 -0.06687939 0.13058181 -0.12754932 -0.07276874 0.08644291 0.16303094 0.11142192 -0.1887086 0.1449824 -0.040607307 0.18223426 -0.19680476 -0.057875216 0.08461683 -0.06649678 0.15291607 -0.02376747 0.18347935 -0.11947314 -0.17935954 -0.2499351 -0.12904811 -0.13084531 0.20527901 -0.0075894124 -0.22865534 0.09321592 0.070961066 -0.13569158 -0.15641838 0.009090385 0.13164578 0.15098643 0.09519777 -0.05920057 0.047839463 -0.056842905 -0.084172554 0.26670682 -0.11236269 -0.045591693 -0.024040474 0.048201233 -0.16116789 0.13467716 0.38394734 0.19171773 -0.03753525 0.15293919 0.023651838 -0.075482376 -0.024323203 -0.04970067 -0.09862784 -0.06409272 -0.07049021 0.16325775 -0.13482921 -0.06444606 -0.00065401435 -0.0015924654 0.07363787 0.033056673 0.13326108 -0.044364944 0.09335177 0.10177754 0.08169003 -0.26418492 0.17251581 0.04776403 -0.02309469 -0.05007154 -0.007498332 -0.286921 -0.025982236 0.10064556 0.028167065 -0.19311237 -0.08550247 -0.1496674
65 0.32774365 -0.18450125 0.46460375 0.09923311 0.007343488 -0.36078817 0.21847138 -0.14759578 -0.17529447 0.13341288 -0.18634745 -0.32526472 -0.2741169 0.20568039 0.29548484 0.065879434 0.07540046 0.0808156 0.0104659805 0.2385293 0.31399685 0.27962548 -0.16319484 0.14573742 -0.32223597 0.059583135 -0.09133074 0.091166265 0.14854555 -0.08184402 -0.42837253 0.20560077 0.029036967 0.06365869 -0.30720004 -0.00010680645 -0.073234454 0.11552876 0.04360566 0.018985879 -0.22960061 -0.15401368 0.041656557 0.12437228 0.009919571 -0.17180216 0.3498492 -0.084218696 -0.040776595 0.37725782 -0.049387462 -0.10397077 0.051491193 -0.27957073 -0.13252814 0.0046014893 -0.03622947 0.117086045 -0.17393297 -0.09427384 0.25454938 0.10066029 0.1558843 0.05262065 0.33656532 -0.06249732 -0.0012894615 -0.13236816 0.1983848 -0.056322064 0.036656644 0.38680923 -0.07142304 0.12463569 0.083697945 -0.12651274 -0.26546487 -0.07974419 -0.100689106 0.18991974 0.035540562 0.10978429 -0.03934588 -0.07272014 -0.14189121 0.046745606 0.12926593 -0.4095999 0.077295355 0.19019306 0.054879297 -0.007234926 -0.20269667 0.03384788 -0.039585322 0.4548455 -0.03074304 -0.21028817 0.20410326 -0.06993313 0.19236185 0.12898754 -0.074718855 -0.2064644 -0.41811213 0.20267688 -0.02752739 0.031101087 -0.06662634 0.062557146 -0.11391029 -0.24765038 -0.16293962 0.298526 -0.3412989 -0.084787585 -0.013707455 -0.031535137 0.12351331 0.5549816 -0.1089568 0.1744149 -0.1033732 0.14794566 0.2728755 0.029730601 -0.45061693 0.5260538
31 0.31295717 -0.11306621 0.49299535 0.014894094 -0.008689447 -0.25195977 0.16922241 -0.024444655 -0.1499155 0.1047115 -0.23771122 -0.20372328 -0.22881372 0.23040451 0.2637335 0.097106464 0.13596763 0.026148867 -0.049491327 0.17697716 0.25529924 0.20139839 -0.21546662 0.1090793 -0.25812587 0.02132303 -0.04460059 0.06865806 0.17851505 -0.051016603 -0.4701658 0.27534512 -0.084849246 0.07901158 -0.2714743 0.14106467 -0.051822625 0.11378523 0.094872706 -0.04240099 -0.16093013 -0.25295705 0.03886456 0.13004316 -0.042683147 -0.13016006 0.21803214 -0.13281691 0.033481378 0.26955092 -0.027721193 -0.08649181 0.06890007 -0.29272607 -0.10186042 -0.00618096 0.0047331117 0.18416916 -0.18780363 -0.085158624 0.15210429 0.07033979 0.20944439 0.006933603 0.25260228 0.039228808 0.04855692 -0.10107627 0.2494462 -0.13592967 -0.046720114 0.4125636 -0.20642284 0.050077222 0.09039416 -0.17690031 -0.23646751 -0.062092114 -0.06434481 0.18800536 -0.0062987683 0.10309285 0.07498738 -0.020218365 -0.026602866 -0.011151484 0.07450238 -0.33780855 0.03554892 0.13618395 0.11765186 -0.08103773 -0.06701473 0.08628501 -0.05199101 0.4318102 -0.03686533 -0.10195232 0.26643264 -0.017242422 0.16290788 0.15796477 -0.09190466 -0.07720702 -0.29672086 0.14384869 -0.035614833 0.028409356 -0.09226693 0.015800938 -0.18130904 -0.20835632 -0.12273035 0.23603036 -0.30957967 -0.060590554 -0.030186236 0.035063546 0.102987446 0.48286957 0.033721372 0.15499616 0.046552368 0.13406661 0.28906432 0.112530604 -0.35950613 0.5770317
7 0.088969834 0.054560654 0.11930538 0.15902507 0.06815965 -0.008458603 0.07011196 0.04565226 -0.061300732 0.09376691 -0.104233995 -0.024509817 0.13298172 -0.39336815 0.18425182 0.1969566 0.23056555 -0.16926137 -0.061091006 0.07116968 -0.13977975 0.30192944 -0.060749307 0.35870263 0.098148964 -0.06872856 -0.0043627643 -0.14459953 0.1217652 -0.23504084 -0.123623274 0.06568424 -0.2442597 -0.08316302 -0.2541647 0.14930087 0.41018677 -0.07057688 0.25179604 -0.099985026 -0.036155656 -0.27925572 0.05502004 0.17312004 -0.14790888 0.016642634 0.17333043 -0.029276809 -0.22151612 -0.11082117 0.01805362 0.00021191066 0.0081992615 0.15185182 0.0789291 -0.066821024 -0.0957106 0.11945025 -0.09350734 0.10562976 -0.009468791 0.0638261 0.15413928 -0.03957755 0.280906 -0.14604314 -0.13551491 -0.04561005 -0.25477496 -0.14469633 0.16868621 0.041542575 -0.092232294 0.2527587 -0.15226343 -0.049688827 -0.32227558 -0.21334472 0.18924515 0.12821434 0.008558167 0.14828172 0.0058492064 -0.15812068 -0.078716576 0.4472931 -0.19807632 0.029297777 -0.16473782 0.069129 -0.011516949 0.19735059 0.4217164 -0.12530746 -0.119637154 0.11161929 0.067849286 0.062914364 0.15317528 -0.056645248 0.052077975 0.076141305 -0.17120929 -0.108431794 0.077899806 -0.0905543 -0.12626338 0.20909642 0.23149315 -0.14555834 0.1640965 -0.03607257 0.060296718 0.36742622 -0.1583344 -0.19974133 0.050087307 0.0011984942 0.03583528 0.13280195 0.02178715 -0.26556167 -0.12822402 0.03193849 -0.044463415 -0.18717436 0.12143314 -0.19014293
10 0.35256833 -0.16653213 0.45664746 0.13865976 -0.045898624 -0.26139393 0.12982768 -0.10662929 -0.15913555 0.14616634 -0.20881844 -0.33278722 -0.2489836 0.27884793 0.29303318 0.00774763 0.0667961 -0.025636846 -0.037147593 0.18302526 0.29797518 0.26081386 -0.15215358 0.2621885 -0.42317364 0.11426296 -0.07175825 0.032334946 0.13763398 -0.13449672 -0.4944193 0.2010891 0.021609012 0.049215395 -0.27012303 0.023545295 -0.018505879 0.129956 -0.02907725 0.002151232 -0.19231592 -0.10573125 0.04274267 0.14807266 -0.014655834 -0.15023087 0.29708618 -0.05665162 0.06346788 0.31868333 -0.10699828 -0.056934334 0.144271 -0.26914242 -0.10458417 0.081070006 -0.04037354 0.19499864 -0.15101072 0.01555948 0.20496248 0.13547312 0.20510389 0.110574834 0.33097437 0.06343984 0.058706913 -0.20172384 0.2439076 -0.23227987 0.048581704 0.44320264 -0.16914572 -0.0064445576 0.10907566 -0.13262042 -0.16593751 -0.0029015085 -0.17608319 0.19655067 -0.015931243 0.011475485 -0.016156467 -0.08302607 -0.19345762 -0.041131303 0.12647893 -0.28246853 0.08978033 0.13374901 -0.003221229 -0.11013915 -0.19470824 0.09043253 -0.034601387 0.40714565 -0.08345549 -0.16796577 0.2143578 0.05338827 0.117697515 0.10949009 -0.0046443734 -0.022902027 -0.39987177 0.19268212 0.06654436 0.08837715 -0.08403355 0.075254954 -0.17282785 -0.27299228 -0.1313969 0.20662095 -0.3477613 -0.035984572 0.0038778936 0.010167124 0.10632169 0.5262021 -0.16144721 0.06339998 -0.06978037 0.06512031 0.28584126 0.02130902 -0.36599118 0.45137236
50 -0.038803916 0.016940003 0.0055906903 0.17659155 0.032243155 -0.07758165 0.13788147 -0.043995425 -0.14410879 0.18466657 -0.016923267 -0.026006684 0.018868605 -0.44016346 0.111149 0.15145776 0.24735025 -0.1218541 -0.006529663 0.048105177 -0.12018204 0.39000168 0.0037330284 0.3468886 0.08094655 -0.032067794 -0.017314091 -0.052534603 0.12748037 -0.29187566 -0.04603586 0.01526494 -0.17204817 -0.07641787 -0.2645742 0.067046426 0.35700768 -0.11161344 0.2592756 -0.03747359 -0.039449487 -0.21292259 0.031148892 0.0768582 -0.10986507 0.017646464 0.16017261 0.038067278 -0.21310759 -0.061368648 0.027556848 0.022007179 0.009051564 0.13021684 0.06656907 -0.030014055 -0.15543273 0.026899058 -0.04478167 0.09164139 0.120023206 0.056462664 0.07947397 0.04258428 0.26933604 -0.25709254 -0.12053734 0.023494473 -0.24648827 -0.067315966 0.20610236 0.047359403 -0.019246215 0.27640942 -0.11581798 -0.00040967768 -0.36757138 -0.20354645 0.27646172 0.1356999 0.02603178 0.16252196 -0.079770945 -0.1635835 -0.09115467 0.5173553 -0.18364689 -0.04755036 -0.18123317 0.09640658 -0.0055649676 0.285659 0.42898458 -0.08541552 -0.103069045 0.11356065 0.06580278 -0.091638304 0.13311477 -0.05453205 0.04334443 0.059586845 -0.12993589 -0.14846297 0.021345122 -0.045432616 -0.0940094 0.15416734 0.31104314 -0.12125553 0.15288119 -0.033226676 0.016191326 0.41119644 -0.15841287 -0.24098815 0.062279414 0.023272866 -0.008968169 0.14760934 -0.014468005 -0.2261516 -0.14047363 0.07699688 -0.1395315 -0.23853551 0.12037724 -0.25979653
58 0.35153678 -0.19676034 0.43613112 0.08177463 -0.0015227126 -0.27138227 0.1697682 -0.16113453 -0.23126324 0.12539282 -0.10565256 -0.30396676 -0.3046123 0.29606137 0.21795432 0.024066366 0.04480368 0.10814732 0.05903765 0.098705366 0.2496396 0.3255496 -0.19009455 0.18300404 -0.33205366 0.0052140155 -0.0045205713 0.1403579 0.17758973 -0.11348934 -0.3838466 0.18580785 0.016367689 0.01844685 -0.23897892 0.06057399 -0.15738103 0.07219406 0.044301607 0.03965219 -0.13024564 -0.24410035 -0.042411402 0.079584084 0.0016831777 -0.109079085 0.30420488 -0.09810377 0.0027574128 0.2776552 -0.12810239 0.0072611454 0.12106538 -0.29445526 -0.06191103 -0.02527663 -0.11307227 0.18833578 -0.16436481 -0.09199417 0.22713724 0.12819797 0.18644021 0.121333815 0.2386203 -0.08851233 0.038434424 -0.035612565 0.22393823 -0.098437004 0.017118052 0.39957467 -0.19937557 0.0818434 0.095241494 -0.1490631 -0.25021562 -0.030924948 -0.013542457 0.27154315 0.04225198 0.111299604 0.022309666 -0.016362231 -0.054632034 -0.03953725 0.0984185 -0.37971863 0.09489539 0.15087205 0.1213737 -0.10158444 -0.18233433 0.19522823 -0.021666529 0.4152 -0.057283703 -0.18468846 0.1613032 0.008608951 0.15514487 0.15437484 -0.10958167 -0.0909496 -0.42002508 0.23619823 0.07519844 0.0621341 -0.16085663 0.044968873 -0.16890031 -0.28401867 -0.1501566 0.26093578 -0.31937897 -0.086803846 0.00437897 -0.0065786606 0.082620025 0.51681817 -0.14769757 0.1878067 -0.024050493 0.1576295 0.32279053 0.043678004 -0.418442 0.5381254
55 0.04693074 0.17215486 0.046986904 0.2343825 0.030023292 -0.10265757 0.14332414 0.024536463 -0.07255534 0.2262561 -0.075594805 -0.050728388 0.11337974 -0.42911538 0.1141574 0.12321898 0.25350296 -0.060834292 0.03140978 0.12518322 -0.13394213 0.280784 -0.06839713 0.36119354 0.067244954 -0.09633916 -0.02356297 -0.038131412 0.049351312 -0.33114132 -0.08871644 0.005055029 -0.17505369 -0.11375365 -0.20722914 0.1473206 0.3869137 -0.08943522 0.2214155 -0.07673459 -0.020344602 -0.16450441 0.06281571 0.053989206 -0.120524414 0.10091875 0.27843803 0.01602412 -0.18912433 -0.06900664 0.008993531 0.06878978 0.07053294 0.05979316 0.15287727 -0.09070908 -0.07684137 0.0432253 -0.021986807 0.0514173 0.11894238 0.069132105 0.053410947 -0.052787166 0.26698834 -0.17807652 -0.1432937 0.04008378 -0.3134539 -0.18783666 0.20071062 -0.02758862 -0.07595559 0.24421111 -0.15084168 -0.032107048 -0.3057421 -0.24963394 0.1814963 0.13043907 0.08818639 0.10605606 -0.04157795 -0.15268435 -0.060641516 0.49831542 -0.14310594 -0.09664569 -0.081613824 0.018922245 -0.014501033 0.17431073 0.4314234 -0.035370715 -0.19329768 0.13756984 -0.017003087 -0.083008684 0.12535518 -0.025222722 -0.022389676 0.060901742 -0.11942152 -0.11053565 0.05793407 -0.04849017 -0.16250446 0.2061698 0.26941758 -0.17594631 0.122551024 -0.12297209 0.079039834 0.29650703 -0.12942214 -0.23924915 0.0648005 0.050626114 -0.123094656 0.12882456 -0.021226343 -0.2205355 -0.15654422 -0.0063825105 -0.15735963 -0.1652304 0.16716236 -0.21461548
6 0.05965215 -0.048382387 0.14065069 0.055414934 0.07052331 -0.026754865 0.07040924 -0.014003459 -0.07809174 0.2255845 -0.038321804 -0.028344724 0.12954162 -0.44874713 0.13037428 0.1661116 0.251647 -0.2235791 0.047286257 0.058909375 -0.20384276 0.29462156 -0.14433777 0.4375904 0.12831438 -0.039097093 0.039004795 -0.106756575 0.12160917 -0.20069787 -0.13738677 0.07001127 -0.18822664 -0.10098264 -0.25414604 0.15542088 0.33432055 -0.096617 0.19978544 -0.02948298 -0.117062315 -0.35159853 0.01940033 0.1729457 -0.14061807 0.031075528 0.19742998 -0.035064038 -0.27601 -0.11989987 -0.021394126 0.08043953 0.07261857 0.067077495 0.058977474 -0.07023471 -0.028796736 0.098523475 -0.08952055 0.038280733 -0.0030728444 0.07208627 0.138974 -0.0018759607 0.27179465 -0.20196635 -0.066913925 -0.041738294 -0.2584763 -0.075914115 0.1716451 0.17040542 -0.098701686 0.28161094 -0.18717718 -0.019938018 -0.3348173 -0.114786446 0.20585309 0.050042275 -0.05872365 0.10283436 -0.029167963 -0.17430207 -0.06338118 0.3888275 -0.19396746 -0.0254273 -0.18772252 0.034879506 0.035034828 0.13150527 0.44404393 -0.04265416 -0.1102001 0.0708289 -0.045049835 -0.048523836 0.19069913 -0.039172504 0.113245115 0.00016977038 -0.12054005 -0.08380451 0.029204847 -0.09584599 -0.1527494 0.17681372 0.2109919 -0.053618126 0.10731347 -0.09090796 0.045084156 0.2341155 -0.01070902 -0.14307387 0.04678716 -0.014417518 -0.08500233 0.17372113 0.07344942 -0.3746084 -0.07743371 -0.025253555 -0.109862484 -0.23281983 0.13666195 -0.16683254
62 0.05917788 0.115797594 0.060593 0.088325135 0.092804074 -0.13258012 0.13731799 -0.15099433 0.044795483 0.0042578434 -0.19049525 -0.17719652 0.11507743 -0.28054973 0.09920798 -0.100513004 0.09705787 -0.14394933 -0.15474863 0.00051081314 -0.02095141 0.19884329 0.015128186 0.37137607 -0.040203758 0.06488099 0.059287287 0.028101448 0.32902637 -0.16990426 -0.15294252 0.11282505 -0.1511814 -0.11134774 -0.3098564 0.113093816 0.21856901 0.05963808 0.06628269 0.03158523 -0.095794454 -0.15119103 0.15793855 0.027724756 -0.10977519 0.035850782 0.12559867 -0.043863393 0.117456585 -0.19169952 -0.092731364 0.06609845 0.051374566 0.1908375 -0.1117715 0.13049771 -0.12125402 0.18172218 -0.19057728 -0.025796678 0.05261154 -0.037958793 0.17842372 -0.04760833 0.24878731 -0.05376353 -0.15483448 -0.26288044 -0.16494569 -0.1865569 0.19179426 -0.04547481 -0.2797819 0.14133397 -0.0043134387 -0.15950073 -0.17018953 -0.06123089 0.16272739 0.18522057 0.08532796 -0.018547587 0.08631672 -0.07110573 -0.054203812 0.24582183 -0.18112068 -0.062330496 -0.012645287 0.10026104 -0.13686366 0.16015592 0.2635223 0.060676903 0.033994395 0.11866914 0.03779445 0.050975718 0.0033521964 0.0007637393 -0.03213091 0.0074603306 -0.10111967 0.049440727 -0.07828847 -0.04698712 -0.06856138 0.0112434495 0.07459023 0.0367217 0.16733518 -0.061342373 0.12723348 0.22874685 -0.05902201 -0.25560603 0.07370335 -0.10316252 -0.043398507 0.029171089 0.012463875 -0.29706433 0.0460595 0.08774765 -0.0059854593 -0.21403883 -0.042658504 -0.2238556
13 0.083244555 0.20614502 0.040776394 0.09466142 0.08849165 -0.0011347934 0.12007121 -0.102875434 -0.039764196 0.051753208 -0.13171862 -0.16318084 0.18406822 -0.33805478 0.10515141 -0.08940115 0.07755186 -0.12360925 -0.12637632 -0.061334506 -0.05453255 0.30573535 0.03878586 0.41723102 -0.017624957 0.008481841 0.04680913 0.116909504 0.2808222 -0.18395856 -0.19626436 0.07400158 -0.14214121 -0.2276715 -0.29629126 0.0045254626 0.2157601 -0.0018960827 0.03421088 0.03841784 -0.044376813 -0.19650696 0.08256446 0.039003924 -0.12326491 0.14330208 0.13638316 -0.101385444 0.05670751 -0.11867128 -0.089935794 0.1335663 0.10710187 0.0777898 -0.081034936 0.12047743 -0.1004552 0.17247905 -0.19600289 -0.038141515 0.1286935 -0.11713022 0.17362113 0.03485969 0.171381 -0.19724835 -0.119954854 -0.13100114 -0.14161426 -0.2007127 0.23965256 -0.029072128 -0.21654458 0.116550356 0.0022396282 -0.12698242 -0.15095247 -0.013322819 0.1772795 0.16548897 0.069867015 -0.004206943 0.019007206 -0.06826632 -0.063794464 0.3644454 -0.13680077 -0.02150603 -0.012004868 0.0631827 -0.18050852 0.18385345 0.35042098 0.15536825 0.031202087 0.10731223 0.030448677 -0.12020387 0.0033348785 -0.0062117255 -0.12570299 0.01319913 -0.06384669 0.07164259 -0.074211776 -0.06563422 0.026038839 0.013186221 0.114416406 0.0223437 0.107600756 0.005996041 0.09613687 0.1457617 -0.048176866 -0.22125033 0.12590824 0.07950608 -0.026436584 0.027561616 -0.000564044 -0.29670304 -0.024462901 0.12761061 0.020330712 -0.23250268 -0.031233083 -0.20491286
20 0.020986889 0.19286281 -0.01095017 0.07758046 0.16025187 -0.14144567 0.3050846 -0.1158274 -0.024594536 0.062947944 -0.15122072 -0.22476158 0.11340801 -0.1663119 0.18230887 -0.13844799 0.014783246 -0.0065264693 -0.23603213 -0.068405055 0.019918576 0.2519779 0.080556795 0.17691112 -0.12979048 -0.049266953 0.08616175 0.163518 0.17480075 0.024680939 -0.113154605 0.121058606 -0.086272284 -0.051069815 -0.29141074 -0.022933846 0.06655571 0.039074738 -0.0600421 0.033074617 -0.024373958 -0.10019776 0.19167072 0.0188831 -0.10732435 0.0013848975 0.15861732 -0.08617102 0.16878891 -0.08891069 -0.030880015 -0.052618634 0.046355758 0.06885291 -0.19834135 0.0835746 -0.04778391 0.17844176 -0.180556 -0.017014083 0.08044931 -0.016275998 0.15311061 -0.10640022 0.17553402 -0.029159859 -0.26205763 -0.27902758 -0.073943056 -0.14213064 0.13609901 -0.04620305 -0.28949314 0.03203194 0.12841184 -0.27848497 -0.176492 -0.056874573 -0.0015545716 0.19753686 0.1766393 -0.0357816 0.12593327 0.0637799 0.0070765074 0.24395648 -0.08552626 -0.13932094 0.049462423 0.11577316 -0.18859522 0.09189709 0.26990247 0.17421593 0.0117535135 0.18750486 0.13170491 0.008712244 -0.11555914 -0.07564865 0.051085953 -0.037696227 -0.1735389 0.08029075 -0.2385219 -0.032888502 -0.07513477 0.08239805 0.08555747 0.021597628 0.16651975 -0.056629896 0.15269361 0.23198865 -0.025378417 -0.26962298 0.17697299 -0.049253654 -0.03115075 -0.1126861 -0.05321188 -0.12610081 -0.040175308 0.16530985 0.08854772 -0.099085845 -0.13130379 -0.090349585
54 -0.043112468 0.3041317 -0.012867281 0.040354084 0.18702568 0.012793752 0.29750374 -0.0035763278 0.0064193043 0.0046252417 -0.054049704 -0.12105342 0.19196399 -0.1340488 0.19498755 -0.16623268 0.06408683 -0.13445129 -0.24745247 -0.14051002 -0.06614782 0.24165595 0.068473734 0.33039895 -0.08390872 -0.07340305 0.19661453 0.18338434 0.18659861 -0.015699761 -0.12636495 0.084828794 -0.17297411 -0.095632866 -0.34978563 -0.025641255 0.15600054 0.03623083 0.02663129 -0.06560272 0.020209713 -0.18043882 0.13463238 0.062040508 -0.1470946 0.0010505347 0.12977546 -0.09705369 0.21453428 -0.16710463 -0.02023699 0.046989564 0.12504432 0.10100721 -0.17014048 0.07858503 0.01372773 0.2960815 -0.24500178 0.0028708682 0.021144455 -0.019605182 0.23603839 -0.08352054 0.19969603 -0.042279273 -0.28557408 -0.3334104 -0.116616435 -0.22881186 0.19323267 0.07669947 -0.3884274 0.118649445 0.10270444 -0.34023538 -0.15033069 -0.023656266 0.06289173 0.29131433 0.16901658 -0.026118431 0.09953446 -0.04208399 0.013897146 0.28923154 -0.09136091 -0.08358783 -0.02710147 0.17810325 -0.20188753 0.053492893 0.4462905 0.15150285 -0.026726909 0.19746433 0.10198401 0.051959243 -0.064032726 -0.004624849 -0.0037411922 -0.016664762 -0.2473071 0.17715861 -0.23969744 -0.07620062 -0.13606928 0.11449252 0.1036264 0.061766807 0.18358843 -0.060213815 0.10296084 0.23550755 -0.07663578 -0.25116 0.21111202 0.041882712 -0.018518185 -0.089873366 -0.03528136 -0.19799624 0.020480467 0.11910641 0.15340757 -0.1903841 -0.12730838 -0.04117147
33 0.026141198 -0.35420242 0.16280472 0.120487966 -0.029975714 -0.08516138 0.13700113 -0.30828193 -0.18485469 -0.056167416 0.27583414 0.028260637 0.09024931 -0.13120155 0.17776525 0.14646794 0.24525048 0.089551695 0.4657314 0.15040562 0.105012156 0.10640428 -0.12470495 -0.300322 0.027061006 0.17079629 -0.2790001 0.31699505 0.17592269 -0.15857449 -0.31233242 0.21903901 -0.05149448 -0.11584587 0.16617332 0.09696322 0.12049226 -0.12209745 -0.36312222 -0.04655646 -0.46450123 -0.14544451 -0.03182842 0.0026423775 0.57620525 -0.13011917 -0.3100149 -0.43066865 -0.42440066 0.6008478 0.5670004 -0.07793981 -0.0006390119 -0.11747224 -0.0669346 -0.10220868 0.15200801 0.1508409 -0.4688562 0.067184635 -0.039879657 -0.08794865 0.026484812 -0.57477164 -0.019819377 -0.5272237 -0.25384158 -0.030089565 -0.12323996 0.4221374 0.3595325 0.10470515 -0.359774 -0.02877732 0.27762267 -0.17061919 -0.47089547 -0.18612984 0.37884906 0.167136 0.09464648 -0.1494567 0.103901595 0.17991039 0.6738916 -0.047965568 0.020034662 -0.4997089 0.007642463 0.18370149 -0.1291151 0.092588335 0.52297986 0.094363496 0.30155912 0.6821746 0.08715594 -0.583823 -0.36112568 -0.36504668 0.07787767 -0.16107695 -0.07794812 -0.37331045 0.0124626085 -0.2003409 -0.2560957 0.11800243 0.14000605 0.083387725 -0.07463729 -0.2713933 0.31280416 0.22568725 -0.6601056 -0.062412564 0.0485782 0.44937584 -0.052884325 0.28530633 0.5435731 0.029410372 -0.30819836 0.33558947 -0.0026523562 -0.04522413 -0.2427684 0.18803787
51 0.04400633 -0.26769847 0.27481917 0.137168 0.055503476 -0.1848199 0.3077376 -0.23186971 -0.13321705 0.05369787 0.26443052 -0.07386659 0.0798589 -0.19016287 0.28278616 0.15417063 0.19269937 0.0666886 0.48959228 0.12226523 0.052847117 0.1365569 -0.1372935 -0.21841204 -0.0039679366 0.19731249 -0.19966078 0.28376472 0.14105846 -0.20712882 -0.35368255 0.2674625 0.05559141 -0.030538134 0.16488692 0.096031874 0.25933048 -0.1083151 -0.4299683 -0.08076905 -0.45626506 -0.049121458 -0.0025093544 0.054231677 0.5406699 -0.22765629 -0.27840853 -0.41638938 -0.36555332 0.5862408 0.46698272 -0.139086 0.028851703 -0.115976706 -0.10048004 -0.09848454 0.055607375 0.22008078 -0.4302823 0.10215782 -0.0200749 -0.028519318 0.115701094 -0.5947804 -0.029720811 -0.48456916 -0.33114088 -0.136437 -0.12339345 0.37722135 0.34862673 0.066882566 -0.29289582 -0.077989504 0.29097277 -0.15262513 -0.4338937 -0.3514924 0.29326227 0.06183776 0.15685818 -0.28439873 0.12353579 0.1684529 0.5493913 -0.12979317 0.010010901 -0.5225098 -0.01611986 0.115322314 -0.15026264 0.15312779 0.555233 0.13569972 0.16566426 0.6977051 0.05975265 -0.5463081 -0.28187042 -0.36006224 0.12484749 -0.21816368 -0.10294902 -0.35267842 0.004987086 -0.15897882 -0.24672411 0.21421032 0.22222154 0.07919624 -0.062597886 -0.26890644 0.32964262 0.16210908 -0.5955894 -0.11897123 0.08690169 0.43627566 -0.064686164 0.29135412 0.5027879 0.02015174 -0.37640202 0.3191053 -0.00312426 0.007586179 -0.1673393 0.1986673
26 -0.32383502 -0.22551712 0.04827604 -0.011004917 -0.17609851 0.13011518 -0.15176868 -0.103457935 0.28687614 -0.44473663 -0.54355943 0.11273423 -0.4190471 -0.5354942 0.09769355 0.3319055 -0.0035825507 -0.21946608 0.36899582 0.11633867 0.0950145 0.8029192 -0.28242353 -0.379162 0.16232635 -0.20696883 -0.3536194 -0.300267 0.38731837 -0.42883188 -0.22616595 0.08917034 0.30270794 0.3916428 0.055874158 -0.15482315 -0.14963585 -0.10534513 -0.08038192 0.29056564 -0.3838493 -0.22584243 0.44577682 0.19555256 0.11873752 0.2953488 0.35586807 -0.17935242 -0.41675636 0.20198049 -0.019211343 0.16468821 -0.011465538 -0.09841724 0.04530105 0.22760244 0.2899909 -0.42348826 0.107015274 0.11870755 0.22468543 -0.22641745 0.52919596 -0.012248533 0.012891926 0.084373906 0.2828687 0.23743416 0.103959486 -0.26892337 0.05074008 0.2664991 -0.8299388 0.2527038 -0.49831194 -0.4390593 -0.5180697 -0.11872735 -0.37004998 -0.078520454 0.13513172 -0.27929056 0.37642875 0.3899584 0.30743518 0.04143687 -0.07553666 -0.1134089 0.5264994 -0.28992373 0.020983446 -0.39554858 0.17081581 0.08868797 0.18308678 -0.22664307 0.21350126 0.07316823 -0.52498305 -0.10762697 0.49346694 0.062049024 -0.36922765 0.13753481 -0.32977796 -0.3000958 0.18506114 0.4036129 -0.108779885 -0.06283574 0.31155822 -0.19515724 0.34841788 0.47859445 -0.73570794 -0.64901453 0.47219002 -0.10154378 -0.19723341 -0.15149555 -0.16701306 -0.34539437 0.18268086 0.23460759 -0.19636582 0.23600212 0.08653373 -0.039187834
43 -0.04674396 0.2513485 0.027303433 0.10614496 0.059693817 -0.02338869 0.2376062 0.0046306625 0.026870418 0.032831162 -0.18699127 -0.017465968 0.10638884 -0.04856619 0.14962757 -0.13143745 0.01890274 0.0015155621 -0.3453306 -0.005768888 -0.17086002 0.32093936 0.036077216 0.15158607 -0.028383644 -0.12894283 0.16285956 0.15694182 0.039019767 0.05770799 -0.095847316 0.22098921 -0.16168746 -0.018330134 -0.29029402 -0.11034861 0.17264427 0.002844447 -0.00374558 -0.055425882 -0.07590047 -0.16851059 0.15394314 0.104132734 -0.09596847 -0.023884328 0.22078793 -0.15110217 0.08195569 -0.032804728 -0.013047556 -0.08569227 0.15093686 0.010664122 -0.20137969 0.10539365 0.07938448 0.17892365 -0.14361079 0.10891456 0.06373787 0.015084397 0.121199004 -0.13685626 0.15291546 0.11107193 -0.39076215 -0.2567866 -0.19390693 -0.21740884 0.20634149 -0.009598299 -0.25759163 0.08957823 0.21013102 -0.28028244 -0.2659082 -0.047953892 -0.08362651 0.2121121 0.18095142 -0.016792662 0.08835508 -0.022911452 -0.06172726 0.34586653 -0.09010322 -0.09507598 0.03915039 0.15437879 -0.25064725 0.07403434 0.48812404 0.08813084 -0.022735544 0.20567586 0.12564324 0.036230057 -0.037747186 -0.08237594 -0.020327155 -0.06828774 -0.33566383 0.16680987 -0.27462205 -0.013109141 -0.110165924 0.09901077 0.11785061 0.08617611 0.14931288 -0.030068334 0.16793719 0.2575476 -0.13503996 -0.20307538 0.183235 0.057217937 0.0019609036 -0.08978091 0.020048551 -0.01593594 -0.07191387 0.23081183 0.1421232 -0.1383514 -0.06162233 -0.082918435
8 -0.0012567813 0.27281457 0.0160991 0.026634483 0.19082326 -0.08934843 0.21472664 -0.07730635 -0.030374756 -0.03967686 -0.08552744 -0.1663956 0.05037992 -0.15588465 0.24523498 0.007814558 -0.04330588 -0.019706262 -0.20938328 -0.088222414 -0.15310207 0.18409047 0.082213156 0.04909145 -0.08907402 -0.21246126 0.17865586 0.18067877 0.15983917 0.041689806 -0.055093754 0.11337362 -0.12934306 -0.02224421 -0.3796883 0.016714113 0.09342378 0.14763652 0.04824917 -0.056293484 0.035887133 -0.22446376 0.13205896 0.0647216 -0.04984842 -0.0075491113 0.1752313 -0.19471501 0.1828049 -0.048887063 -0.0479196 -0.017660273 0.08855528 0.0735447 -0.25320655 0.15284032 0.10244638 0.2629291 -0.20099959 -0.09175465 0.0750558 -0.026672622 0.1652786 -0.12641712 0.12798408 -0.036377802 -0.31804734 -0.29041848 -0.037810303 -0.16692671 0.22532819 0.011067414 -0.31260985 0.079144016 0.1660837 -0.29238153 -0.12752134 -0.03600841 0.058087904 0.25855258 0.22550826 -0.02929724 0.096173614 -0.020241339 0.047066707 0.23296191 -0.03526465 -0.06470195 0.017473023 0.1729744 -0.18829507 -0.0374122 0.33177644 0.09300761 -0.0046914276 0.1405765 0.19618237 0.12007141 -0.09096211 -0.07935554 -0.004332074 0.01794223 -0.24027833 0.038212422 -0.20790836 -0.032565 -0.09468727 0.02813735 0.003115943 0.07243623 0.13226412 -0.014904688 0.103545345 0.16973354 0.026970068 -0.2527941 0.21369843 -0.016257234 0.02439045 -0.071909934 -0.009341383 -0.07566874 -0.025928365 0.15959176 0.13601919 -0.10122442 -0.14318512 0.029311188
14 -0.08534242 0.2094716 -0.052663907 0.056362294 0.16883843 -0.017762735 0.23741525 -0.003954974 -0.10233337 0.036382694 -0.03184502 -0.08115581 0.05641569 -0.1743428 0.15817027 -0.07891292 0.026505264 -0.1056886 -0.24982847 -0.13218063 -0.18335544 0.32967043 0.047076836 0.09166883 -0.017557794 -0.28281307 0.16162302 0.1483894 0.07472964 0.13213113 -0.007103093 0.08954639 -0.22888374 -0.06516382 -0.31490642 -0.011133305 0.092371844 0.00793963 0.089151084 -0.057786256 0.010114545 -0.2570708 0.1298658 0.111730285 -0.11990314 -0.033087734 0.13238 -0.09582666 0.050930485 -0.081781104 0.10189806 -0.014454153 0.008250222 0.013061253 -0.21051669 0.048792455 0.045191683 0.23583864 -0.14095475 0.022601457 -0.0073428736 0.006896214 0.14379911 -0.16407275 0.11593355 -0.08032601 -0.37062424 -0.21475512 -0.15300882 -0.11441015 0.17803936 0.048012935 -0.34470874 0.13292079 0.10814789 -0.34219006 -0.25710407 -0.004842311 0.062667914 0.295778 0.13560352 0.10832322 0.1261998 -0.046735726 0.031001562 0.35357 -0.02244056 -0.03739875 -0.05324685 0.2286082 -0.20137118 0.029173587 0.44703633 0.028508054 0.025558809 0.20528078 0.26621792 0.07904813 -0.11585409 -0.10918018 0.07353396 0.044838425 -0.33639154 0.090715915 -0.23817883 -0.0773104 -0.11108353 0.13684216 0.049904693 0.028161278 0.21043779 0.052654676 0.0688611 0.2942429 -0.07023526 -0.2560096 0.2703077 -0.011154645 -0.0004068564 -0.09031993 -0.04032604 -0.09607781 -0.07312238 0.19063906 0.2127335 -0.12300977 -0.08404288 -0.051922407
44 -0.35409838 -0.34248465 -0.028216068 0.045184188 -0.15780006 0.27297935 -0.16635513 -0.11432473 0.29778168 -0.4102234 -0.43052945 0.12846765 -0.45246655 -0.5841075 0.06972044 0.2877118 0.055850964 -0.23389281 0.39498287 0.068895906 -0.0372249 0.7944263 -0.23829469 -0.36811155 0.14720792 -0.29064235 -0.2303425 -0.26218408 0.32714757 -0.38772085 -0.17582189 0.07726549 0.22407126 0.3347035 0.034186717 -0.18253185 -0.1354827 -0.1370099 -0.07069268 0.24756938 -0.3089192 -0.26927575 0.3489808 0.18192334 0.21739194 0.30129066 0.2938779 -0.13320138 -0.39245257 0.20099011 -0.0019531053 0.1922213 -0.016925719 -0.16165186 -0.026695738 0.26686177 0.31987566 -0.3298389 0.124319464 0.025451984 0.21285766 -0.20285527 0.50200576 -0.0533053 0.032041095 0.05464742 0.2176377 0.2784599 0.10480126 -0.31309807 0.14156623 0.26556182 -0.9329539 0.20178035 -0.48883772 -0.42214465 -0.53351086 -0.10062391 -0.26869056 -0.07304176 0.21097596 -0.2483709 0.36615217 0.34665737 0.30772716 0.08567816 -0.012851453 -0.113957584 0.531819 -0.27626523 0.023705322 -0.461159 0.15484741 0.07924337 0.15404631 -0.19675131 0.22094984 0.054550596 -0.50792956 -0.11199637 0.56109005 0.10973133 -0.375099 0.21201399 -0.3361251 -0.28064153 0.21005856 0.33266315 -0.1249898 -0.07578404 0.23022178 -0.22482854 0.34277287 0.42386013 -0.63027805 -0.6305642 0.44726792 -0.030735208 -0.2733783 -0.18668273 -0.14754954 -0.36058378 0.22863379 0.26371253 -0.20556691 0.33429784 0.078891516 -0.06159739
57 -0.37712792 -0.3374234 -0.0078450525 0.018121835 -0.17688368 0.083784394 -0.18059595 -0.09916324 0.30035725 -0.31115836 -0.35862327 0.023969201 -0.3469649 -0.531542 0.11619194 0.29296753 -0.069922015 -0.13915601 0.4180287 0.081745364 0.019825175 0.5676798 -0.25003567 -0.247458 0.06512033 -0.16654484 -0.37956974 -0.25964594 0.3809444 -0.5439044 -0.26152697 0.012694996 0.24331117 0.21599478 0.13159865 -0.03288266 -0.015091374 -0.12234191 -0.018516062 0.27844566 -0.26757637 -0.15675497 0.34216762 0.084641844 0.18971376 0.3048523 0.3104328 -0.17127433 -0.24297376 0.20863007 -0.04506975 0.14685483 -0.06444862 -0.09102135 0.13995612 0.22741693 0.220642 -0.34819186 0.046484232 0.13033783 0.25003624 -0.2100994 0.5460879 0.025389088 0.014479976 0.14036167 0.35515362 0.21968192 0.25193274 -0.3506072 0.11567736 0.22873418 -0.7944572 0.0574385 -0.36858234 -0.358369 -0.41922972 -0.10149098 -0.26998514 -0.19097066 0.07976953 -0.25340754 0.39076546 0.29956174 0.27248615 -0.016942648 -0.094371304 -0.040931035 0.49829426 -0.24360701 0.033903085 -0.36129174 0.10801787 0.13034302 0.118934706 -0.16907457 0.124633856 0.063912414 -0.42937717 0.00082261185 0.46097365 0.1143796 -0.26483205 0.04387072 -0.2396262 -0.1991653 0.15287544 0.42597634 0.02265715 -0.09660978 0.20172508 -0.30451405 0.3429266 0.4097901 -0.7474944 -0.47848666 0.3345706 -0.12205018 -0.24967054 -0.0003571257 -0.15089446 -0.33298674 0.1202649 0.1969383 -0.2364202 0.3387997 0.09283567 -0.055826742
28 0.21096087 -0.21976174 0.24822061 -0.0059025125 0.010866167 -0.3487561 0.1765657 -0.106558666 -0.038181126 0.24463153 -0.226442 -0.30298692 -0.18157977 0.07401184 0.2679902 0.14334789 0.110848874 0.033051856 0.090990126 0.17100501 0.2413843 0.15161873 -0.1759164 0.13196757 -0.18592368 0.025660092 -0.19203165 -0.054346576 0.09104377 0.035199657 -0.38685575 0.24355006 -0.021017032 0.012260156 -0.20677228 0.07561567 -0.032196444 0.052031957 0.08767526 0.024262216 -0.21976006 -0.12627904 0.021863485 0.16561745 0.03930401 -0.1797015 0.23976026 -0.09048105 -0.14254828 0.4071943 0.008522539 -0.18332267 -0.011651826 -0.3469375 -0.10222172 -0.110832684 0.014582951 0.19873239 -0.1568374 -0.0021325345 0.12139861 0.12857436 0.14093147 0.030826114 0.3030321 -0.10516237 -0.03657806 -0.18421455 0.34132066 0.016021525 -0.043338165 0.41668093 -0.023091719 0.05455588 0.049094316 -0.15876764 -0.35166755 -0.00018388095 -0.13074094 0.0784927 -0.051003803 0.119800664 -0.011110703 -0.013453212 -0.047671206 0.09367698 0.10928572 -0.30350545 0.024896158 0.18026543 0.0625309 -0.029306844 0.0138481185 0.03587818 -0.09995893 0.40374532 0.062109303 -0.151005 0.14539725 -0.12855749 0.35768977 0.12136824 -0.11588715 -0.14937638 -0.4003441 0.051963195 -0.15212551 0.19860694 0.0062771607 0.13838987 -0.16708866 -0.26431325 -0.086378105 0.30841082 -0.41819787 -0.027370488 0.017252028 -0.05889692 0.092070185 0.5375989 -0.027795417 -0.0042588254 -0.16243629 0.089484386 0.24905346 0.17726596 -0.337726 0.46953014
25 -0.35960177 -0.28879562 0.0883991 0.05478042 -0.15995714 0.13459021 -0.10580586 -0.07674917 0.23587872 -0.49077812 -0.45174706 0.07833873 -0.36241153 -0.5580243 0.15615089 0.32574418 -0.051327273 -0.15845792 0.3945789 0.122450314 0.047347814 0.8198058 -0.29622567 -0.33590984 0.1673512 -0.2357101 -0.34713396 -0.22051457 0.39756724 -0.5060972 -0.2248824 0.04520397 0.26615795 0.34338152 0.08094436 -0.15612665 -0.08146476 -0.18380752 -0.08815056 0.24036506 -0.33682856 -0.24180673 0.4217589 0.15779673 0.1354763 0.36422104 0.40936056 -0.18252988 -0.3455269 0.19461443 -0.038685724 0.19625296 -0.037564557 -0.016559357 0.10216679 0.21782295 0.2587574 -0.46296653 0.1138905 0.17760082 0.26907834 -0.27361238 0.5893336 -0.053178854 -0.046372503 0.08688194 0.27535823 0.26522136 0.023793956 -0.2910076 0.06147857 0.18444091 -0.8748218 0.24402773 -0.4525536 -0.46287358 -0.4974316 -0.16814917 -0.33752543 -0.115822524 0.15167713 -0.2721301 0.41338736 0.36365893 0.35524455 0.06136321 -0.11051713 -0.06889845 0.51382405 -0.25380954 0.045896977 -0.37639686 0.15988255 0.09117635 0.12504315 -0.22632365 0.20777282 0.05878747 -0.5819293 -0.024154194 0.45196098 0.10103741 -0.3928744 0.024902627 -0.20591556 -0.23524855 0.13937683 0.4721327 0.001261787 -0.1683298 0.38459003 -0.26336592 0.3673491 0.5020921 -0.8099341 -0.6357463 0.40834934 -0.10557274 -0.23485538 -0.15325676 -0.1914029 -0.28274807 0.1584861 0.3055591 -0.232269 0.22910239 0.0684842 -0.028651794
60 -0.1516695 0.2684224 -0.03020198 0.056515265 0.16323802 -0.08410928 0.28789014 -0.04395627 -0.0058297054 0.004733325 -0.1328608 -0.044759285 0.13950068 -0.06638141 0.22178146 -0.07700967 0.026772419 0.015584758 -0.310607 -0.0017254417 -0.11655724 0.23584375 0.09894507 0.07172736 -0.061512902 -0.117582865 0.21744688 0.23485665 0.10273065 0.01650229 -0.0665948 0.13887495 -0.12888692 0.063223965 -0.3514874 -0.06885517 0.12817703 0.07816204 0.06224762 -0.08908548 -0.0072548552 -0.15082629 0.14816818 0.027307408 -0.086865686 -0.038216528 0.1887313 -0.14157179 0.15538782 -0.08680792 0.036939364 -0.08155902 0.111716874 0.12153608 -0.24413954 0.08382641 0.104986235 0.19196023 -0.19093375 0.020831116 0.029366288 0.055661514 0.1546348 -0.19619969 0.19677633 0.10386799 -0.40413517 -0.29184574 -0.164297 -0.18057397 0.21802565 -0.013455457 -0.28214845 0.11705958 0.20366095 -0.28533152 -0.20924798 -0.14543699 -0.037960615 0.2508798 0.26235992 -0.016270794 0.0687129 -0.012812605 0.027119398 0.2513429 -0.1063201 -0.18150753 0.0034888047 0.15998402 -0.19965242 0.044059746 0.43673688 0.034739602 -0.059833523 0.20247862 0.14361092 0.1251907 -0.022904677 -0.12234689 0.023558645 -0.06906383 -0.32397228 0.06605975 -0.24082217 -0.019333765 -0.19713731 0.07370029 0.14967617 0.08281307 0.18533972 -0.06359723 0.1603986 0.2887107 -0.09040963 -0.2542929 0.16736284 -0.00051715976 0.017531632 -0.13585375 0.0285449 0.033454165 -0.0094460575 0.18258168 0.069103494 -0.16517234 -0.13107155 -0.045430798
45 0.08556972 -0.134431 0.3330668 -0.007987876 -0.079408586 -0.34000453 0.22296149 -0.109873734 -0.10451255 0.23502186 -0.16619077 -0.11431976 -0.27417004 0.12787129 0.23894402 0.09879212 0.1423667 0.032922354 0.1500699 0.13877995 0.17148048 0.19146517 -0.2210989 0.13148452 -0.20258777 0.0650785 -0.062161993 -0.0014282104 0.116395354 -0.16294993 -0.35453287 0.2298905 -0.0009832415 0.14078072 -0.17028683 0.056461506 0.03125147 0.12830007 0.064776726 0.033097904 -0.2716393 -0.18441224 0.030560385 0.1836507 0.07027245 -0.24897309 0.20776765 -0.10573788 -0.03823574 0.34180015 -0.079307295 -0.18520598 0.038430568 -0.33988163 -0.074783936 0.015142215 -0.035366274 0.14110807 -0.15767482 -0.020195533 0.17935583 0.21770538 0.1466532 -0.00018450993 0.26049474 -0.05999911 -0.023877796 -0.14520144 0.3219009 -0.11222207 0.023223381 0.47968954 -0.09292658 0.028909754 0.06891603 -0.08067443 -0.31132567 -0.110149324 -0.07717886 0.048225828 0.011018427 0.044774808 0.052319523 -0.022893755 -0.06892169 -0.010945817 -0.027529327 -0.43111575 0.030729575 0.04352832 0.10716262 -0.052236956 0.12587932 0.13746355 -0.12530392 0.44878012 -0.0010234824 -0.06717488 0.26956862 -0.07718745 0.30164245 0.0049186405 -0.105404176 -0.05193983 -0.44804072 0.14026126 -0.09514594 0.14355898 -0.038951628 0.12604249 -0.21850802 -0.26723626 -0.044364966 0.28963003 -0.33538955 -0.09609795 0.08220202 -0.020478107 0.05580449 0.51824856 0.026925357 0.11824029 -0.09504247 0.031148937 0.14520401 0.11265596 -0.20907353 0.39852557
42 0.022156985 -0.15702908 0.15735565 0.25628802 0.027300892 -0.19880643 0.04186756 -0.30494845 -0.3679746 0.11683701 0.22848482 -0.16724528 0.20074496 -0.098653 0.06381251 0.059183374 0.3110021 -0.09808716 0.44288078 0.13904648 0.24024653 0.21075734 0.06898342 -0.3938018 0.007965242 0.132641 -0.3861764 0.25075626 0.1176457 -0.19722116 -0.4236814 0.092983745 -0.10802207 -0.20807695 0.15211529 0.04361126 0.065513596 -0.2625886 -0.4360508 -0.13342334 -0.4908301 -0.15309 0.033900093 -0.05000565 0.5168843 -0.071166694 -0.41411024 -0.35761943 -0.5945234 0.70767355 0.842045 0.011891628 -0.15568432 -0.12835982 -0.12139305 -0.30608284 0.075663656 0.20068139 -0.47240585 0.15202312 -0.20672731 -0.057056054 0.064835586 -0.6767538 -0.064528845 -0.67777115 -0.30231836 0.07209367 -0.23706013 0.549475 0.4293148 0.13127768 -0.40354517 -0.005999659 0.19256045 -0.19653554 -0.59526473 -0.27239254 0.3092429 0.24098933 -0.001630235 0.07837255 0.13810104 0.19510227 0.7039343 0.052563436 0.13657834 -0.39948398 -0.10997893 0.271362 -0.26992148 0.11251528 0.53358257 -0.06297378 0.4531757 0.83043724 0.2748626 -0.6166297 -0.40221617 -0.43175772 0.08859139 -0.0078748455 -0.11233821 -0.381432 0.075342596 -0.37473464 -0.18832378 0.32211587 0.18876977 0.021879839 0.05301275 -0.20123655 0.19186564 0.33352643 -0.89013517 -0.053862795 0.22029258 0.4744745 -0.056963474 0.26404575 0.47930792 -0.07652643 -0.36892605 0.2639671 0.21941489 -0.124299325 -0.3956219 0.15230598
34 0.13117196 -0.25341636 0.16786028 0.29596508 -0.07133692 -0.14358619 0.07559106 -0.33573967 -0.2956728 -0.07196179 0.15817901 0.028906133 0.24228281 -0.05405934 0.17704096 0.23785168 0.4278258 -0.09157387 0.37722346 0.22195928 0.2796178 0.15798129 -0.0073944516 -0.28401384 0.06447167 0.29227543 -0.37671146 0.28192276 0.11013015 -0.17865302 -0.40937525 0.16639155 -0.17045787 -0.14381014 0.23020577 0.14602137 0.14072898 -0.16223142 -0.27996147 -0.13474192 -0.475899 -0.077704445 -0.07376541 0.053106543 0.69575655 -0.071592726 -0.4561265 -0.33858508 -0.52663577 0.60989976 0.79861236 -0.032217354 -0.1291137 -0.0955374 -0.069816366 -0.36921412 0.11700141 0.33344826 -0.6235511 0.19378561 -0.30980438 -0.07634314 0.13709314 -0.77622306 -0.07509659 -0.69960856 -0.41537887 -0.08834443 -0.14129995 0.57770765 0.36013702 0.048465114 -0.38820428 -0.05204596 0.20092623 -0.1944599 -0.54459083 -0.26128578 0.41174912 0.38478383 0.07635941 0.031947322 0.20183146 0.2722247 0.73126477 -0.07616267 -0.0020234403 -0.44800442 0.00471603 0.30321503 -0.09064543 0.08448592 0.51970994 -0.11706246 0.34545526 0.86022675 0.2121692 -0.5044336 -0.43641943 -0.40675747 0.06498438 -0.016046703 -0.12535974 -0.27794942 0.12864937 -0.3806725 -0.30717143 0.31473374 0.09132093 0.010884953 -0.07491815 -0.23916005 0.31077605 0.26862323 -0.95807874 -0.16216436 0.037009038 0.5442328 0.008714145 0.2041563 0.52820307 -0.008063299 -0.36684954 0.32749537 0.1991667 -0.065178074 -0.34938183 0.225367
2 0.0539292 -0.18217815 0.012799612 0.58561367 0.18301344 0.06511333 0.20402204 -0.12511094 -0.4032089 0.010840813 0.0058437637 -0.08592469 0.1330118 -0.2802479 0.45746595 0.3781338 0.1904841 0.044935554 0.07858404 0.18834607 -0.29427502 0.17715824 -0.10019847 0.025886836 0.18379538 -0.019046294 0.06465969 0.1307266 0.10322188 -0.3892752 0.08764599 0.053585067 -0.17726591 -0.18816607 -0.19761844 0.16610296 0.26967704 -0.15570465 -0.19498765 -0.20870106 -0.22035666 -0.31200716 0.31053793 0.021017352 0.1300454 -0.14395063 -0.12904328 -0.12253477 -0.12797515 0.011989803 0.29248333 0.0059248335 0.16750777 0.0016768931 0.14998783 -0.13110915 0.08566603 0.12336165 -0.06313667 0.13473916 -0.1379034 0.25585976 -0.24753182 -0.30953687 0.065037 -0.10569268 -0.16236027 -0.14616707 -0.37420008 0.36741316 0.08096694 0.19270544 -0.09582139 0.16098657 0.13080831 -0.09710139 -0.35065103 -0.10339079 0.42068306 0.25221056 0.08615134 0.20757994 0.04591718 -0.12512152 0.2754403 0.056840762 -0.030792482 -0.09616655 -0.18931152 0.1851186 0.15070385 -0.015224546 0.5779146 0.13404676 -0.28269166 0.28553677 -0.042529546 0.09302024 -0.18991657 -0.012482124 0.1171749 -0.079429775 -0.20687145 -0.14175843 0.07865702 0.22903076 -0.38178298 0.26397198 0.21146365 -0.0493806 0.236983 -0.3663675 0.10211183 0.2922123 -0.077906236 -0.14369243 0.13524014 -0.013147655 -0.06576299 0.13388583 0.11370711 -0.049538597 -0.1585391 -0.15119448 -0.07281301 -0.15886402 0.02946675 -0.14038724
39 -0.14424533 -0.21393606 -0.07394243 0.4817007 0.19610263 0.012623859 0.16267936 -0.039196927 -0.29424033 -0.05101406 0.10336878 0.025565566 0.10694563 -0.15669362 0.40409768 0.30170542 0.14010583 0.054593522 -0.0072564324 0.17600921 -0.2906329 0.19913937 -0.17124794 0.018878335 0.15314442 -0.134114 0.08984448 0.12251331 0.2461564 -0.2537763 0.094069876 0.21502839 -0.16109087 -0.16693588 -0.16981883 0.28914016 0.09388896 -0.1490128 -0.10162206 -0.22216034 -0.08141175 -0.3428275 0.32637694 -0.027870048 0.028110052 -0.049555656 -0.09208762 -0.1535014 -0.041820344 0.019596534 0.29136106 0.050627854 0.12699436 0.025812594 0.054711547 -0.2207766 0.06702704 0.07421614 0.0535183 0.1880993 -0.089602344 0.26369452 -0.22587535 -0.37839642 0.04601231 0.013816159 -0.24530746 -0.00014538315 -0.20864438 0.34628236 0.036335953 0.25153992 -0.1693331 0.07918327 0.22648022 -0.12333791 -0.37726328 0.013742314 0.31825915 0.33315334 0.021209624 0.20919806 -0.0047373925 -0.08124506 0.45126006 0.046302482 -0.12581293 -0.17122348 -0.1979328 0.21729566 0.15770093 -0.08086741 0.5372285 0.15818776 -0.21804154 0.2709091 0.026004497 0.11080359 -0.10883606 -0.026459875 0.06834077 -0.026302205 -0.2539408 -0.19171366 -0.057764366 0.21258138 -0.36414796 0.30600154 0.28607982 0.03961317 0.1253844 -0.3769909 0.08240999 0.3662491 -0.16227475 -0.07994523 0.08258661 -0.08011012 -0.08323777 0.24727766 0.14582112 0.01637485 -0.08217005 -0.121978305 -0.07793592 -0.14831425 -0.102857634 -0.060989335
9 -0.008870469 0.23602621 0.031156844 -0.05966706 0.15579505 0.044655625 0.30508563 0.057478 0.003134577 0.02497955 -0.16085342 -0.18489666 0.09023174 -0.23389046 0.16359611 -0.1328034 0.06302603 -0.083136156 -0.15768704 -0.17398669 -0.04862713 0.18018591 0.059024777 0.16460474 -0.11834287 -0.18183044 0.14231195 0.15965368 0.14270191 -0.0055720774 -0.13291514 0.08500004 -0.14877747 -0.034598015 -0.31181026 -0.008495729 0.18576589 0.028612785 -0.040831637 -0.063216716 0.007997514 -0.18523479 0.1274866 0.08907857 -0.06267441 -0.055277757 0.123306654 -0.08117927 0.22559509 -0.05406997 -0.04553576 -0.06421152 0.03804488 0.041359417 -0.17447124 0.15448548 0.033660863 0.2579864 -0.25273606 -0.0141685875 0.06857152 -0.08239229 0.24963778 -0.100810826 0.1348328 -0.06973875 -0.26896656 -0.35740647 -0.087484874 -0.21236672 0.15465835 0.04467785 -0.37614465 0.061310995 0.11818392 -0.4118613 -0.12003124 -0.06104917 0.100777544 0.20859124 0.16234575 -0.055331476 0.16589567 -0.03145143 0.027027097 0.36124167 -0.04162968 -0.07257993 0.007687796 0.18661661 -0.19386064 0.077020414 0.43284568 0.17085586 -0.054811496 0.21768072 0.18122216 0.040789206 -0.12164358 0.055313177 0.039796453 0.03373876 -0.27867144 0.08870454 -0.16933855 -0.059603654 -0.15527761 0.10956394 0.09443968 -0.07582238 0.15168342 -0.05652616 0.10057223 0.24712786 -0.056312714 -0.3017003 0.2505569 0.09492208 -0.035248082 -0.09813265 0.0041675284 -0.19352329 -0.011565082 0.19387306 0.12723047 -0.03922237 -0.07507559 0.002989248
41 -0.018878344 0.2896316 -0.0096751 0.06314848 0.16195917 -0.004676709 0.24384211 -0.046990637 0.0037834838 -0.04412485 -0.14014465 -0.14429691 0.19519761 -0.15260956 0.19083995 -0.14306445 0.026829988 -0.07899085 -0.32346806 -0.05774127 -0.07870784 0.2164109 0.10627426 0.19781338 -3.0972908e-05 -0.04728717 0.13990894 0.17380248 0.16393112 0.05422294 -0.09892011 0.099337734 -0.19742751 -0.12939295 -0.3480258 -0.12475812 0.1256847 0.04138264 0.04017035 -0.030008955 -0.034135316 -0.1665352 0.17650683 0.061036266 -0.13239485 -0.004513688 0.15862326 -0.15776747 0.111766204 -0.10565127 0.007298644 -0.04716388 0.082693055 0.06581261 -0.18328445 0.096492216 0.045477003 0.1999753 -0.22332337 -0.02577663 0.07654831 -0.06299994 0.19324845 -0.084198564 0.21770184 -0.0035896245 -0.28430742 -0.27891043 -0.1154543 -0.196646 0.20985448 0.005690656 -0.27047336 0.16289195 0.10587134 -0.338402 -0.19987258 -0.027630495 0.02663496 0.22165743 0.17859288 0.034139324 0.08022014 -0.044397864 -0.035371084 0.33652672 -0.045831308 -0.06750524 0.04054949 0.14501897 -0.22293124 0.14671592 0.39539507 0.09448747 0.018747844 0.1669418 0.11058128 0.025304 -0.084797904 -0.13811238 0.0044690864 -0.023904061 -0.26749653 0.12957409 -0.24321319 -0.058595486 -0.13866703 0.027299851 0.10539909 0.07348422 0.22238511 0.033562664 0.12174859 0.30305898 -0.11266516 -0.25616297 0.23078673 0.042797185 0.061754752 -0.10340073 -0.015005395 -0.12560883 -0.054898337 0.19392447 0.13726138 -0.16633187 -0.11318457 -0.08604921
3 -0.0434426 -0.15229048 -0.065973595 0.64830756 0.15414436 0.053413525 0.13273649 -0.072330885 -0.37786645 -0.035868764 -0.06706062 -0.12667844 0.095862105 -0.24309301 0.5200642 0.29282117 0.15814678 0.07581694 -0.046366245 0.23826544 -0.3401854 0.19550207 -0.1319126 -0.015549552 0.13852222 -0.11407125 0.03805069 0.10731906 0.17704457 -0.33412898 0.031172605 0.17167187 -0.25302863 -0.28349054 -0.20493089 0.2926946 0.13380714 -0.1889186 -0.21549489 -0.19824618 -0.1904108 -0.25254613 0.4076425 -0.031290203 0.050451417 -0.023146782 -0.005600708 -0.11765989 -0.07014023 0.029030552 0.35701433 0.0210048 0.10956005 -0.060062625 0.061681002 -0.19583844 0.07431283 0.11555401 0.038168374 0.1359729 -0.060167257 0.21883628 -0.27190593 -0.41611528 0.06416214 -0.003539561 -0.26282537 -0.039450817 -0.24889882 0.31260166 0.039818157 0.13092536 -0.19726814 0.020823179 0.26994565 -0.13226587 -0.35651872 0.023071878 0.31783533 0.24194907 0.04594468 0.29840896 0.0944876 -0.110102646 0.28051993 0.114379354 -0.020512965 -0.12567718 -0.12868485 0.17343248 0.13468118 -0.09350592 0.5104268 0.17698112 -0.23100431 0.31559086 0.022715487 0.025010455 -0.20160283 -0.044861145 -0.038807616 -0.01590258 -0.17977697 -0.0857244 0.037257515 0.2507286 -0.36359027 0.26813102 0.26450124 -0.09289035 0.1677807 -0.40546665 0.090798974 0.28755054 -0.10270012 -0.093559586 0.19570889 -0.08662656 -0.12527333 0.20895216 0.084352165 -0.00879329 -0.20656015 -0.05885071 -0.047745366 -0.0645708 -0.09342771 -0.1265681
52 -0.036803912 -0.5761079 -0.0493218 0.5217635 0.06342973 0.38617352 -0.26579484 -0.07270934 0.090515174 -0.6287431 -0.5591629 -0.42871615 -0.12882712 -0.398169 0.5309984 0.38847533 0.10233184 -0.10738875 0.20693308 0.25897664 0.3235394 0.840222 -0.1669251 -0.035145395 0.106344946 -0.060269266 -0.30865657 -0.13805062 0.40472153 -0.45026746 -0.20184691 -0.04743329 0.29252312 -0.013018324 -0.061616663 -0.15057048 -0.29113364 -0.263149 -0.15624225 0.18326758 -0.09173575 -0.24005309 0.5719939 -0.0013624197 0.008295979 0.6011554 0.35435274 -0.07229667 -0.46352696 0.063996054 -0.0052178246 0.36880353 0.22985372 0.19883914 -0.0036115504 -0.19367331 0.16596338 -0.43282357 0.22503592 0.20423204 0.07928135 -0.15273848 0.6457826 0.20764385 0.07055493 0.1456201 0.23959883 0.1748521 0.15179574 -0.19548444 -0.17818919 0.06596047 -0.8483443 0.3314049 -0.4860403 -0.56958276 -0.3816925 0.06344241 -0.48848704 0.045360755 0.058028456 -0.24587418 0.31653923 0.42120075 0.45258677 -0.16538507 0.1437974 0.11610395 0.5753963 -0.37600797 0.17972466 -0.4598096 -0.42130962 0.19249666 0.08000897 -0.26560825 0.020349707 -0.024294572 -0.7435325 -0.0962792 0.41400567 0.22246267 -0.27624238 0.12713467 -0.2359316 -0.40329075 0.20286606 0.44971326 -0.2186545 -0.19158618 0.37598488 -0.48141232 0.28611186 0.48346984 -0.7784937 -0.6248505 0.3360355 -0.12597038 -0.17211148 -0.33014613 -0.46816427 -0.45919845 0.1274659 0.25271848 -0.05600691 0.2653018 -0.3018653 0.32421273
38 -0.08679985 -0.09395814 -0.038985997 0.554265 0.23578931 -0.06408116 0.2245964 -0.055707913 -0.3235528 -0.060365304 0.049481403 -0.047238074 0.078932054 -0.17276223 0.4060824 0.2933321 0.10152434 0.07512403 -0.08311541 0.2203958 -0.24294375 0.20687109 -0.09646139 -0.017022112 0.12879382 -0.12398499 0.09883648 0.19562395 0.24317387 -0.28896222 0.09364965 0.15820839 -0.19262831 -0.11992866 -0.27469555 0.21852304 0.16923621 -0.07803245 -0.04314413 -0.24395214 -0.08154974 -0.29569063 0.35011953 -0.052003965 0.030981073 -0.103805915 -0.056540243 -0.12987788 0.020995406 -0.019522877 0.28612527 0.032386072 0.08467862 0.050065015 0.051182028 -0.14184144 0.040710602 0.111967035 0.0133453645 0.08138958 -0.03866601 0.22114839 -0.20063706 -0.38990268 0.09661376 -0.0015934706 -0.26234677 -0.057125635 -0.3064337 0.3453722 0.054472633 0.17665428 -0.14129975 0.15705776 0.18818761 -0.14242639 -0.32876357 -0.09344021 0.34803176 0.38493812 0.12778927 0.24049991 -0.0055058673 -0.14260653 0.37085468 0.06999883 -0.055520527 -0.17985691 -0.19135816 0.2935574 0.12666315 -0.04160488 0.44638887 0.041994173 -0.2534261 0.28089333 0.04690598 0.1733431 -0.1316254 -0.031426325 0.10980551 0.0025832325 -0.2681118 -0.23520228 -0.025800945 0.28417736 -0.39726543 0.21916467 0.26758268 -0.0040148078 0.24823648 -0.29328564 0.063821994 0.37959984 -0.09999976 -0.1731487 0.070638016 -0.1153089 -0.034627214 0.19445814 0.063011475 0.08584227 -0.05377788 -0.1192932 -0.022807574 -0.16327257 -0.101290174 -0.10222304
17 -0.08017793 -0.6525395 0.023088448 0.5963378 -0.0027391575 0.44526955 -0.29485965 -0.06526286 0.092452385 -0.7154719 -0.635939 -0.34499672 -0.16384439 -0.40568656 0.5592393 0.4122759 0.09800042 -0.092974424 0.23307592 0.29577377 0.20940517 0.83752894 -0.21646117 -0.15130901 0.14824969 -0.06746646 -0.2535221 -0.13395208 0.42506152 -0.47892597 -0.18675143 0.02268998 0.25545275 0.050218694 -0.06629496 -0.17481627 -0.28889197 -0.27810016 -0.2701755 0.14897071 -0.2059205 -0.31773612 0.6160025 0.05563889 0.03336078 0.58486336 0.37164032 -0.144732 -0.4539979 0.10104207 -0.016766308 0.35999188 0.26093087 0.17361654 -0.04485018 -0.13209282 0.23102887 -0.45267376 0.23244548 0.2437877 0.111145854 -0.14382789 0.6417338 0.09267881 0.016645236 0.21996598 0.20342782 0.12606779 0.11295474 -0.21349995 -0.14595404 0.11594173 -0.9667661 0.33740634 -0.43217278 -0.6360615 -0.44989297 0.06450335 -0.4735455 -0.013136884 0.12701337 -0.21572651 0.38910082 0.40750274 0.49362293 -0.14768751 0.092337124 0.07976804 0.5655168 -0.37706137 0.18423967 -0.44997492 -0.31561938 0.22466025 0.060704526 -0.23635063 0.04172536 -0.006117889 -0.7826542 -0.07488618 0.41174343 0.19246079 -0.33570883 0.11032492 -0.17844385 -0.31852624 0.14688052 0.4609251 -0.16472524 -0.18332554 0.4031406 -0.5150216 0.32688224 0.4842269 -0.8138681 -0.6184129 0.3424699 -0.15329093 -0.22383314 -0.3319897 -0.3748687 -0.39075536 0.18334644 0.31151426 -0.10338758 0.2696901 -0.28122652 0.31351075
35 0.00067123986 -0.26921052 -0.28748372 0.2075675 -0.39784077 -0.32131493 -0.51729065 -0.28039575 -0.29538104 0.38364837 -0.5494742 -0.13996096 -0.15874982 0.018507142 -0.15418673 0.62892354 0.42965016 0.1125329 -0.13157499 0.34867564 -0.08841877 -0.09352676 0.055386752 -0.11134968 0.18512978 0.06850484 -0.06526708 -0.06400003 -0.12623313 -0.47610354 0.14798799 -0.15497781 -0.015953239 0.069279574 -0.3015498 0.49932304 0.15718935 -0.009997701 0.57908493 -0.028507669 0.028969828 -0.30083433 0.046989765 -0.29184747 0.123538926 0.22331737 -0.26679537 -0.019178744 -0.33748034 0.04348761 0.14570592 -0.03945444 0.5350708 -0.15400678 0.12223276 -0.12099657 0.38017413 -0.18003379 0.13510224 0.30610293 -0.1569773 0.21443963 -0.33680135 0.37362963 -0.15010524 0.2615661 0.18391907 -0.010363512 0.12811635 0.041088857 0.20522588 0.25765523 0.060240857 0.13937989 0.08861049 -0.18875994 -0.3779457 0.23080015 0.2836969 0.5224504 -0.19795242 -0.02892759 -0.07508369 0.26370457 0.16867508 0.12413933 0.08828562 0.09471829 0.3013288 0.14800319 0.20066038 -0.09166286 0.34024432 0.12492092 0.14786986 -0.026013177 -0.30176392 0.048138686 0.0793934 0.07517406 -0.24223745 0.20796588 -0.06196697 0.22504921 -0.048844863 -0.29788864 -0.0066001555 -0.08508083 -0.40434653 0.11066043 -0.45344183 -0.15278928 0.066129476 0.08728569 -0.3343164 -0.27658895 -0.052311312 0.22610487 -0.1612994 -0.073943146 0.097276635 -0.24396008 0.15320413 0.0074632117 -0.14883716 -0.08917908 0.18184987 0.22245428
4 -0.17640434 0.0958179 -0.18439804 0.36803868 0.18030775 0.010231113 0.23904806 -0.07588548 -0.3959879 0.0931147 0.05084795 0.019373402 -0.05251503 -0.09405497 0.35807174 0.26298308 0.060217302 0.118173435 0.017602129 0.052232377 -0.3088783 0.23682393 -0.044331808 -0.117646426 0.11964036 -0.16818275 0.07691928 0.13288517 0.03369254 -0.27659437 0.1499156 0.053663358 -0.17358957 -0.11928955 -0.15974697 0.07921478 0.040301934 -0.12036802 -0.09094985 -0.12932111 -0.13056593 -0.24164067 0.26848438 -0.013092869 0.057883978 -0.12939961 -0.015557242 -0.060125545 -0.041194066 0.0091210045 0.21817242 0.00854283 0.10680489 -0.12190879 0.13330749 -0.15294649 0.0823016 0.17615151 0.008001985 0.07372975 -0.07759315 0.29744187 -0.21026747 -0.2375539 0.06591736 -0.08139971 -0.20217991 0.0024929813 -0.17868553 0.28950673 0.05013804 0.2548557 -0.123796314 0.0660989 0.14684819 -0.12453679 -0.38820815 -0.052475166 0.27670348 0.26706025 0.15353455 0.31575248 0.07724872 -0.026828393 0.1914848 0.11355649 -0.0029469333 -0.13348565 -0.13781647 0.18869486 0.20524776 -0.17104717 0.611086 0.2021426 -0.27958873 0.2256666 0.06254138 0.13478276 -0.16384575 -0.085761875 0.15081792 -0.044075187 -0.33307305 0.064505756 -0.15579496 0.277214 -0.314137 0.31756648 0.16928947 -0.015761985 0.20668946 -0.3316256 0.038434513 0.3395184 -0.07059221 -0.18356183 0.32322773 -0.075909644 -0.010956884 0.09765681 -0.04501889 0.07658903 -0.15972517 -0.16021878 0.01629339 -0.06729346 -0.025011964 -0.10482977
30 0.09358423 -0.28684452 -0.31236807 0.1362212 -0.353678 -0.2774233 -0.5190162 -0.2402989 -0.31544068 0.34398392 -0.3761225 -0.08964908 -0.06913661 -0.05556639 -0.035688035 0.6213997 0.42971712 0.24167277 -0.054106478 0.29447585 -0.083505616 -0.14887674 0.08929177 0.014872716 0.18969394 0.0027055945 -0.0692672 -0.1117844 -0.1611746 -0.44209373 0.17155871 -0.1781868 0.023657093 0.06627438 -0.3122224 0.41928625 0.25197816 0.0071804067 0.6381786 -0.01128732 0.115649834 -0.3031713 0.030512564 -0.20692517 0.012669501 0.23301429 -0.14604926 0.00393633 -0.32073146 0.0037087854 0.060157415 -0.07388016 0.50665915 -0.051012553 0.09395987 -0.10132554 0.33923298 -0.20284939 0.1222136 0.28694952 -0.102029815 0.2520851 -0.3352317 0.43359938 -0.06824792 0.15995005 0.1408758 0.026543867 0.16588154 -0.16003056 0.24479234 0.17824061 0.04716085 0.1352099 0.037093524 -0.21886429 -0.29462156 0.14913268 0.25267375 0.40611687 -0.098879635 -0.07839997 -0.074048854 0.26603687 0.08258509 0.25461796 0.028754978 0.025590422 0.330289 0.025584077 0.16774964 -0.090883516 0.27163458 0.15777484 0.07227954 -0.11940836 -0.24842173 0.014009441 0.12123421 0.0323472 -0.2813352 0.20460558 -0.048843537 0.15872157 -0.08344429 -0.28467244 -0.0044316854 -0.02539593 -0.3865659 0.041846965 -0.39886808 -0.23142458 0.04912621 0.12693582 -0.2837345 -0.31890205 -0.00025092743 0.22749156 -0.097911894 -0.13161847 0.010285081 -0.26558155 0.051385414 -0.014506412 -0.3034221 -0.081262976 0.11186197 0.22184463
36 -0.012974517 -0.21876885 -0.31645754 0.19399567 -0.26663274 -0.32989636 -0.49614665 -0.26817748 -0.17729203 0.21247649 -0.550398 -0.12909433 -0.027057644 -0.0034257488 -0.1322702 0.58211344 0.4308688 0.15019237 -0.20662601 0.40682694 -0.045673832 -0.1084036 0.08463748 -0.07918064 0.26282394 0.11339809 0.01363078 -0.0023257888 -0.08836044 -0.34647167 0.177861 -0.124246806 0.030442446 0.15700814 -0.37178355 0.48973784 0.13551721 0.02759689 0.6867472 -0.04142518 0.1561758 -0.26327854 0.032471262 -0.3912197 0.041741546 0.27495944 -0.19959575 -0.07649861 -0.35637683 -0.090591125 0.121497355 -0.054860733 0.58662623 -0.0052771294 0.021398962 -0.16180706 0.39313093 -0.20760818 0.1119616 0.21680874 -0.17530574 0.15735908 -0.2581128 0.32581967 -0.056777682 0.40562165 0.09922846 -0.068115674 0.10476216 0.0406916 0.18495345 0.09008575 0.029060837 0.22680874 0.019265637 -0.18889324 -0.38086504 0.18770948 0.18176839 0.56327283 -0.1413374 -0.017938327 -0.1282589 0.2542993 0.2542642 0.09853905 0.029402358 0.062233042 0.23682643 0.19107279 0.16742925 -0.060231805 0.27257854 0.045756586 0.14245282 -0.04868529 -0.31663898 0.11455722 0.15114923 -0.0654762 -0.16984825 0.1512002 -0.10030187 0.121992715 -0.025075328 -0.34832296 -0.0871363 -0.17162181 -0.31560412 0.14505202 -0.40698135 -0.0889228 0.14199337 0.112263314 -0.2835438 -0.31182018 -0.18874289 0.11620861 -0.15648057 -0.13761006 0.10098189 -0.26561764 0.19398221 0.07735557 -0.16689588 -0.1189829 0.09207773 0.2695384
24 0.05220386 -0.2584874 -0.2866731 0.16200355 -0.28409326 -0.21746488 -0.4806181 -0.2079989 -0.24712521 0.28514263 -0.3870558 -0.14738916 -0.11569151 0.031717837 -0.07960999 0.5133405 0.41459817 0.14025319 -0.06819808 0.35707468 0.065120235 -0.16501322 0.08535263 -0.0009921939 0.18882655 0.14094852 -0.083458416 -0.08586987 -0.14404523 -0.3470518 0.11423954 -0.154802 0.07078487 0.017722486 -0.2776122 0.36276004 0.1174466 -0.05236532 0.457725 -0.08344966 0.0023925218 -0.23185809 0.07536649 -0.2945511 0.044741195 0.2057185 -0.19852535 -0.014938999 -0.36940563 0.019467799 0.13878836 -0.0013042318 0.5435515 -0.009217673 0.022738397 -0.20234859 0.3618115 -0.18303795 0.1030475 0.22437048 -0.17438057 0.22292544 -0.28036997 0.34344319 -0.122211434 0.20571426 0.12790439 -0.04233791 0.054441925 0.042081624 0.14712015 0.19675954 0.036877077 0.25626442 -0.0048562903 -0.22938322 -0.33495098 0.19650066 0.17754306 0.36458972 -0.12796292 -0.07183718 -0.07176941 0.2245404 0.20553334 0.11009246 0.09651655 0.048625488 0.2512511 0.06588221 0.19389379 -0.07023847 0.22421962 0.13834658 0.081494875 -0.05134425 -0.28046674 -0.02096227 0.063093595 -0.032999653 -0.2001705 0.14708231 -0.062050346 0.17050332 -0.01137029 -0.316326 -0.09628129 -0.039741818 -0.36556375 0.059222806 -0.30864874 -0.19981027 0.0036113595 0.042743273 -0.19642194 -0.27617514 -0.019228743 0.16826288 -0.13272078 -0.108666964 0.090723276 -0.30226064 0.108208895 -0.057516634 -0.19804206 -0.14843091 0.03915414 0.27990437
68 -0.2618696 -0.20478483 -0.1334865 -0.060739193 -0.087316945 -0.021159027 -0.11652692 -0.045975145 -0.09180031 0.101910725 -0.022572663 -0.09550265 -0.31824642 0.04755399 -0.0841062 0.105401956 0.13768661 0.02744374 -0.15290642 0.14333498 0.1320732 0.08022231 0.18286692 0.0843198 -0.06490407 0.100231245 -0.13505119 0.039916463 -0.09764729 -0.3790295 -0.057388492 -0.28707603 -0.04170686 0.06110982 -0.2016372 0.18676296 0.269777 -0.08555434 0.45763522 -0.08407674 0.008668997 0.0612862 0.06021802 -0.38420418 0.16191939 0.07458531 0.13670021 0.0073841214 -0.22889481 0.011297324 0.24472322 -0.1670631 0.32390484 -0.015780462 0.07915498 0.038292546 0.43419018 -0.18254626 -0.0811095 0.12606697 -0.010009243 0.026093218 -0.039372902 0.20014755 0.077966705 0.27669474 0.1650282 0.09881685 -0.036071688 -0.053051285 0.25066945 0.11699049 -0.096079774 -0.03688555 -0.12979257 -0.13329394 -0.1941202 0.25094667 0.014820365 0.36019602 -0.14210163 -0.028991189 -0.0003821548 0.15472277 -0.025032643 0.142764 0.18226722 -0.06165383 0.2637895 0.21620922 0.079360746 -0.22996959 0.06503648 -0.03312411 0.19617037 -0.10249637 -0.32699767 -0.15937205 -0.047427274 -0.023670621 -0.19227499 0.10969703 -0.17126389 0.27464586 -0.05250963 -0.15793839 -0.039163712 -0.048261195 -0.16623445 -0.17218262 -0.15559685 -0.20286946 -0.009928438 0.027233765 -0.09373882 -0.22082216 0.05362729 0.28682798 0.056088053 -0.07213826 -0.19994538 -0.18166095 -0.18255019 -0.0004869237 -0.05832272 -0.038959168 -0.11098532 0.097316295
59 -0.3051633 0.062842205 -0.18562351 0.37149826 0.18239774 -0.015287396 0.25170884 -0.036410656 -0.25351408 0.10568619 -0.13700095 -0.07437759 -0.027271386 -0.13272205 0.3086401 0.24439768 0.09894154 0.041237798 -0.075006686 0.15986475 -0.2274901 0.21085583 -0.036171686 -0.12623146 0.10946559 -0.13947666 0.115377076 0.15127702 0.07168653 -0.24327976 0.13411257 0.08577129 -0.124029934 -0.08570746 -0.23071745 0.10155715 0.05663522 -0.09143247 -0.1355532 -0.23054439 -0.118672274 -0.2555706 0.28327745 -0.089539036 0.07109904 -0.074119195 -0.0033181491 -0.16489032 -0.05635215 0.061072372 0.22790916 0.010814402 0.20601094 -0.0131265605 0.0016261721 -0.15629496 0.18777831 0.124854065 -0.002251435 0.082864344 -0.080257714 0.26007023 -0.14596237 -0.3019312 0.034348354 0.06828347 -0.26043224 -0.122623384 -0.3134321 0.30665493 0.07802195 0.23052678 -0.08875804 0.20729432 0.17832226 -0.13110147 -0.42660198 -0.093665704 0.16411033 0.24053136 0.171757 0.19724707 -0.026027206 -0.07234757 0.3361272 0.118829645 -0.03730879 -0.13444732 -0.15852869 0.21229841 0.102295026 -0.06319852 0.6478537 0.13355148 -0.27529967 0.27740946 0.05141422 0.19941662 -0.130283 -0.09239744 0.17285833 -0.0810423 -0.3385565 -0.047486026 -0.093703695 0.1393719 -0.3819302 0.266415 0.25313914 0.05873952 0.18567207 -0.289568 0.06906586 0.30148023 -0.05618951 -0.13194913 0.2034458 -0.08955456 -0.091246925 0.11998933 0.12673387 0.06609158 -0.053179022 -0.1467877 0.017536541 -0.15088315 -0.0007173331 -0.03608604
27 -0.096155584 -0.1917846 -0.098306544 -0.03985041 -0.07958108 -0.23341781 -0.13462721 -0.220168 -0.22577487 0.109871075 -0.0574728 -0.06420305 -0.39979377 -0.104358636 -0.13012257 0.22296308 0.069012284 0.13831574 -0.17948413 0.2452475 0.08613107 0.1869869 0.11392874 0.0018870089 0.00659149 0.0686843 -0.11399137 0.10599007 0.063577436 -0.3741301 0.0013153587 -0.19785665 -0.02330281 0.068893895 -0.284315 0.26211277 0.1408911 -0.0019828384 0.5419977 0.017665386 -0.04179469 -0.060564 0.13524535 -0.41378623 0.12362648 0.16393659 0.14717925 -0.045635708 -0.20057262 -0.1000618 0.2205974 -0.07714205 0.3584117 -0.112573 0.106974445 0.12761824 0.45460752 -0.297351 0.05926329 -0.043222133 0.10578168 -0.03794895 -0.208497 0.16769895 0.0373508 0.22992998 0.22125825 0.2664678 -0.050437186 0.031046981 0.2315744 0.039479952 -0.078131884 0.017033797 -0.13703504 -0.09756684 -0.23232552 0.26132187 0.19530885 0.48077565 -0.07737654 -0.0049209683 0.011896138 0.2644728 -0.00010230078 0.124916956 0.15838893 -0.17015776 0.32009068 0.17174357 0.16867502 -0.20826791 0.025696503 0.052339535 0.24589491 -0.17047375 -0.35394093 -0.16154766 0.002363689 -0.085931845 -0.24599996 0.15827677 -0.14597733 0.2035741 -0.06722372 0.017505663 0.022772867 -0.25040922 -0.28888568 -0.14739841 -0.11446769 -0.10770235 -0.0126196705 0.0028880723 0.119294465 -0.34623152 0.03914843 0.19139151 0.04059828 -0.049619146 -0.19521391 -0.082054175 -0.036501218 0.027678601 -0.16186167 -0.088613875 -0.1006557 0.0033991374
32 -0.50815004 0.084482476 -0.29626107 -0.044073105 0.1453722 -0.070893124 0.28925475 -0.08296877 -0.02983326 0.25036526 -0.016782029 0.032169983 0.06650376 -0.43365043 0.08442953 0.015741296 0.26723662 -0.22116722 0.05095541 -0.03610986 -0.064045504 0.07624038 -0.043953244 0.327317 0.20528702 0.13239735 0.0012100074 -0.10260258 0.21807474 -0.34385964 0.008330524 -0.03601537 -0.16017398 -0.138158 -0.12722413 0.16222464 0.1900789 -0.04554384 0.18896322 -0.01887444 -0.1702626 -0.070024565 0.11510958 -0.07644224 -0.024611967 -0.14022337 0.0017349367 0.025569694 -0.15585312 -0.1119038 0.11809836 -0.06330715 -0.0059402385 0.039562773 0.08455797 -0.13905655 -0.0592657 0.14905213 -0.22520539 -0.05384958 -0.10912161 0.17658328 0.15191358 -0.11234099 0.28743127 -0.12223024 -0.066362076 -0.09016921 -0.06608072 0.09598993 0.12943335 0.24115625 -0.07557923 0.2329992 -0.2135044 -0.0065889233 -0.3994492 -0.10718701 0.21836044 0.035483867 0.017215736 0.17047785 0.01625792 -0.07380203 0.05184428 0.24694358 -0.20025057 -0.20479544 -0.15233982 0.052678447 0.1650001 0.19714582 0.6429929 0.06985753 -0.105333805 0.22812136 -0.062380493 0.075719416 0.13420498 -0.2391462 0.23677155 -0.14824884 -0.21382836 0.14884986 -0.13934919 -0.14456606 -0.3258572 0.19781092 0.20424786 0.023768159 0.107924044 -0.10796096 0.072489575 0.37019143 -0.07760176 -0.2799607 0.24748333 -0.08320209 -0.030988151 0.19805415 0.10291111 -0.33986914 -0.12463294 -0.22987168 -0.0349948 -0.12255922 0.14080486 -0.22832085
48 -0.49917915 -0.031265564 -0.30571827 0.0032897738 0.18255626 0.09076643 0.32862973 0.06843434 0.05173272 0.26133063 0.121494085 -0.12933053 0.05030264 -0.177188 0.1503254 -0.068332046 0.17770688 -0.1878398 0.05119472 -0.13728456 -0.0604588 0.001157718 0.054546386 0.36240512 0.08204933 0.09636881 0.06460052 -0.058886025 0.05360351 -0.28963098 0.06743153 -0.12568982 -0.10275955 -0.22277084 -0.13671164 -0.01617209 0.12301596 -0.1036882 0.013606308 -0.16946906 -0.095762596 -0.019813843 0.0724263 -0.12213262 0.026457787 -0.1019951 0.15053456 0.001238818 -0.13194129 0.047790676 0.0022334154 -0.04981589 0.18699454 0.030704882 0.15845199 -0.1829831 0.058095876 0.25376534 -0.22663724 0.030613681 -0.05002878 0.290281 0.15555757 -0.03037098 0.318267 -0.0928461 -0.063431 -0.16671418 -0.07798082 0.004653473 0.17822047 0.36239785 -0.012947604 0.27613506 -0.16173951 -0.07214913 -0.33330363 -0.029408218 0.0202905 -0.004377916 0.030716188 0.12300172 -0.122985624 -0.14987808 0.0773332 0.32917652 -0.09335156 -0.11910211 -0.14082977 0.03433529 0.11032934 0.122915536 0.6850686 0.20942391 -0.2268539 0.18723275 -0.13819073 0.007936156 0.021269131 -0.1645995 0.1466457 -0.14703481 -0.28202763 0.22647665 -0.21757635 -0.18400982 -0.37636667 0.37429318 0.2942258 0.043677524 0.08832738 -0.291392 -0.05391972 0.36408216 -0.18080676 -0.1244934 0.2618936 0.026971355 -0.023681313 0.23828597 -0.030556845 -0.32122782 -0.23569436 -0.3188774 0.036751434 -0.10777323 0.075656176 -0.07510779
12 0.33538777 0.38698027 -0.06256646 0.38398373 0.20586815 -0.180845 0.0610538 -0.4245258 0.033778585 -0.092672676 0.032267347 -0.088985845 0.47796482 -0.25773117 0.09469047 -0.023143783 -0.10967361 -0.21035953 -0.07527444 -0.13432041 0.0603993 0.33618832 0.06872666 0.5438888 -0.052598868 0.18829417 0.033559047 0.057965107 0.40243492 -0.18274052 -0.13053928 0.059192523 0.022331223 -0.24460426 -0.2299802 -0.11644073 0.16644554 0.19659351 -0.035352387 0.106275946 -0.034350503 -0.16347374 0.17699328 0.12019981 -0.08311644 0.10341859 0.019530404 -0.22236083 0.08982643 -0.2581511 -0.06562954 0.23125766 0.17774238 0.029633129 -0.015790967 0.14761928 -0.05534644 0.288851 -0.23672365 -0.031535886 -0.0683441 0.052981883 0.0035020541 -0.05909415 0.19712542 -0.32377055 -0.11775679 -0.20033465 -0.06631963 -0.09270481 0.2874388 0.05585971 -0.2331554 0.062273815 -0.16782534 0.035839736 -0.036204934 0.077080816 0.15483156 0.48692846 0.13735351 -0.12905593 -0.040672407 0.014413935 0.0015196272 0.010991862 -0.18601556 -0.01600372 0.054313038 0.03660463 -0.3229835 -0.025428167 0.23807538 0.124036916 0.12771818 0.051999625 0.09733301 0.13336292 -0.07680678 -0.02518261 -0.01611625 -0.038780063 -0.01095318 0.19543993 -0.3510131 -0.047542002 0.1617669 0.10773513 -0.17822795 0.3872452 0.173495 0.026636904 0.21523279 0.0682356 -0.028786326 -0.28362215 0.10774028 0.018622966 0.09669851 -0.07296974 -0.20926453 -0.36201942 -0.059583623 -0.27660453 0.19912915 -0.36125198 -0.15077218 -0.35893863
67 0.082573086 0.48103282 -0.17359304 0.16645566 0.13290562 -0.2463012 0.07615935 -0.42141527 -0.07956313 0.009527422 -0.03992689 -0.0460997 0.2860175 -0.26505202 0.1187418 -0.04169882 -0.11731074 -0.2031435 -0.088254 -0.15361345 0.081540994 0.3671294 0.12645651 0.50148964 -0.13204177 0.1690045 0.04802346 0.09030264 0.38818392 -0.23679866 -0.11654861 0.0068430626 0.09414614 -0.07080776 -0.25481185 -0.046803556 0.12461508 0.24704924 -0.05632367 0.1611227 -0.07232687 -0.095551595 0.22253205 0.08944784 -0.129002 0.01920468 -0.03275091 -0.14039211 0.22332841 -0.29921207 -0.06966037 0.13660315 0.17031538 0.0809381 -0.078297675 0.2339994 -0.09108295 0.28274292 -0.28083104 -0.013087728 -0.107465394 0.11203178 0.048579413 -0.06874658 0.12105967 -0.19812727 -0.0931041 -0.3114616 0.032805234 -0.18109486 0.30262455 0.10322908 -0.29692632 -0.049638763 -0.08197684 0.023332898 0.0017283582 0.04309217 0.10983768 0.38370252 0.1478889 -0.17846516 0.04435678 0.06585682 -0.04245582 -0.07580026 -0.27694285 -0.06964918 0.02711495 0.003164522 -0.30604723 -0.06527591 0.3728693 0.22322153 0.14578731 0.03350968 0.0966609 0.20033886 -0.057518903 -0.026692223 -0.03349084 -0.18269078 0.03137592 0.3140273 -0.38974792 -0.07344306 0.18073145 0.1555765 -0.17740943 0.33970192 0.11432739 -0.0010096128 0.25323364 0.054335766 -0.018950343 -0.4010424 0.250953 -0.044507343 0.030140698 -0.122986585 -0.18669617 -0.419839 -0.023659231 -0.26294133 0.09999151 -0.39729184 -0.07334508 -0.39384007
1 0.67163265 -0.2518159 0.16491535 0.5005955 0.3173023 -0.011164848 0.13626683 -0.43647173 -0.47006127 0.007803952 0.4706467 -0.14126939 0.5593352 -0.31156248 0.45854825 0.53253627 0.100180455 0.22318134 0.5586102 0.010195633 -0.23960553 0.30086985 -0.073667966 0.05413921 0.15965293 0.08430479 -0.08475716 0.33326122 0.19929746 -0.28826496 0.059326828 0.16885962 0.058898214 -0.37294978 -0.015890941 -0.069986425 0.35231215 -0.040064525 -0.5909 -0.13833815 -0.16237634 -0.5252544 0.04478806 0.15794201 0.42998624 -0.2202343 -0.51791775 -0.5813003 -0.4828788 0.47307768 0.24802734 0.102901466 0.3991072 0.06797666 0.12202102 -0.09076631 0.0008263556 0.30867165 -0.28491065 0.30354205 -0.27989212 0.3644106 -0.26897004 -0.24500906 0.09587075 -0.6926017 -0.20636545 -0.16417693 -0.33443093 0.46951532 0.43152463 0.19142886 -0.04659173 0.09523382 0.11702555 -0.018494936 -0.41062135 -0.19527753 0.6117428 0.40654814 0.1403072 -0.27536967 -0.15635644 0.113531776 0.6792614 -0.058610357 -0.016530398 -0.1542004 -0.28180814 0.001565088 -0.16377221 0.028271953 0.69066113 0.347782 -0.012876642 0.41813216 0.011402245 -0.41318765 -0.35943088 -0.2395035 0.17220931 -0.23542173 -0.12765054 -0.38530746 -0.05889894 -0.041702587 -0.05310585 0.28882265 0.018506264 0.41945574 0.12498618 -0.40161094 0.36628348 0.3638707 -0.5095254 -0.09914783 0.088818125 0.4249441 0.15447667 0.17612486 0.26770815 -0.27533045 -0.4468462 -0.16634175 -0.013477696 -0.31223264 -0.097867325 0.0040065628
37 0.6848409 -0.27642456 0.2891362 0.64260733 0.4522568 -0.021713715 0.100972585 -0.3212396 -0.39944506 -0.018668395 0.4596629 -0.27205637 0.64574313 -0.32813746 0.59414387 0.7242242 0.008417181 0.22549719 0.4143385 0.046349138 -0.27529383 0.2635272 -0.0019520718 0.033108477 0.25371546 0.14452215 0.07804198 0.22433724 0.21396023 -0.32268724 0.008496695 0.26859468 0.20251867 -0.22847189 -0.12863725 -0.15616603 0.3582334 -0.09187395 -0.53352416 -0.20726267 -0.21590802 -0.54149926 0.1283269 0.23560582 0.43565744 -0.14665198 -0.49234197 -0.6940628 -0.5603112 0.44051984 0.1934964 0.085280105 0.4352162 -0.07084144 0.08114944 -0.13134995 0.06529425 0.38734487 -0.2643434 0.1249359 -0.12931609 0.24325645 -0.14123817 -0.4431295 0.05324587 -0.65901995 -0.2691699 -0.011626732 -0.14146882 0.56040967 0.52967805 0.28591183 0.055938393 0.07569196 0.2201506 -0.07012268 -0.36331478 -0.30923563 0.6198115 0.44435257 0.2906298 -0.34325537 -0.2539991 0.120042704 0.65082943 -0.18231797 -0.0069410377 -0.20831984 -0.098426744 0.025951223 -0.1048804 0.047267355 0.60257685 0.30843604 -0.05643228 0.37754783 -0.011932562 -0.27819747 -0.3831339 -0.42712927 0.18211925 -0.2705322 -0.1280428 -0.479692 -0.07248991 0.047648173 -0.16894414 0.3381582 0.16873296 0.31157926 0.12782845 -0.24603449 0.38540566 0.29296017 -0.33546758 -0.19010907 0.021028617 0.4680064 0.26474014 0.17377399 0.19579084 -0.17771679 -0.40324056 -0.15008794 0.039266627 -0.23248315 -0.1497556 -0.030184973
