831 16
671 -0.035434972 -0.16740154 0.20030352 -0.0023524412 -0.25238883 -0.23804471 0.30293465 0.22230421 0.015837243 -0.15252757 -0.018686146 0.07574272 -0.11616033 -0.15251423 -0.1302503 -0.0885139
672 -0.020127663 -0.10326305 0.12055166 -0.13954677 -0.17111287 -0.12739061 0.1975524 0.1799542 0.07789987 -0.12729475 -0.10884486 0.1436295 -0.1422786 -0.1406073 -0.11277439 -0.05639142
560 0.21502502 0.1358981 -0.031266607 0.41851124 0.37133694 -0.047305033 0.4504189 0.008626509 -0.17003016 0.033972956 0.02248015 -0.22064318 0.22613706 -0.1720808 -0.1442267 0.040919222
389 0.2292279 0.20558524 -0.05281691 0.43595544 0.17816626 0.11903672 0.34747946 -0.07026869 -0.017300382 -0.112898156 -0.058339022 -0.018670974 0.18817472 -0.09360007 -0.059280653 -0.04773524
674 -0.05967789 0.093916796 0.099526234 0.25760388 0.12567951 -0.023292422 0.31648192 0.16208746 -0.026586704 -0.15860777 0.11485369 -0.12666577 0.24132805 -0.09358695 -0.17360924 -0.15883806
337 -0.26541317 0.12894706 0.032958232 0.61212367 0.4208897 0.4143339 0.17691413 -0.12912266 -0.17493166 0.31120446 0.1700853 0.11085865 0.07152013 -0.31064984 0.35910815 0.17490175
561 0.17337409 0.048212383 -0.11532864 0.35622054 0.2903526 -0.018386193 0.5133282 0.09946309 -0.09544204 -0.09578352 0.100594975 -0.19197401 0.10033489 -0.183327 -0.15208782 -0.08576587
155 -0.1444324 0.1221744 0.09329004 0.4392727 0.3765796 0.11050723 0.3458912 -0.0015308089 -0.05373954 0.06661026 0.519889 -0.3753882 0.45692647 -0.07488846 -0.08079846 -0.02701442
68 -0.13998273 0.016222095 0.12322093 0.30087367 0.19358999 0.049030688 0.26367483 0.035418883 -0.08087985 0.19389254 0.37370953 -0.16862771 0.2914294 -0.12639154 -0.05391574 -0.013513165
358 -0.12432013 -0.013433449 0.1124278 0.10788244 0.26136863 0.18779172 0.34692582 -0.13957642 -0.11925365 -0.004937482 0.11361818 -0.14437887 0.09194129 -0.010174386 -0.14241482 0.06781872
39 -0.19026448 0.08033154 0.089314155 0.34902424 0.29990134 0.13274884 0.35330546 -0.041283395 0.058526732 0.10013049 0.3835691 -0.26937115 0.39907506 0.0022442744 -0.081284314 -0.11525938
771 -0.1268772 -0.068489596 0.15252507 0.0811757 0.19801903 0.15523942 0.31538868 -0.12563096 -0.0855107 -0.08691588 0.19280651 -0.25356346 0.141036 -0.042025533 -0.1653123 0.0010835889
72 -0.0020449185 -0.16446453 -0.029495379 0.29310375 0.27491605 0.21483292 0.022288851 0.0682132 -0.018914307 0.06833284 0.09395437 0.046975438 0.11016264 0.042625576 0.16484937 0.13964494
351 0.14878723 0.18586764 -0.093699135 0.25868988 0.3908798 -0.09078391 0.51845974 -0.07324451 -0.06213471 -0.0032024877 0.010101879 -0.27971715 0.11591506 -0.18238802 -0.18765073 -0.14858173
742 0.017447058 0.065886326 0.12964715 0.37985212 0.06873928 0.11155114 0.25490704 -0.14068191 -0.15266445 0.10326265 -0.00031352835 -0.1619054 0.20062703 -0.11384368 -0.009898914 -0.07333901
340 -0.3539635 0.1906755 0.05713722 0.4797146 0.36759073 0.3534225 0.01944916 -0.09585513 -0.009650255 0.16903532 0.10695911 0.13857964 0.09594278 -0.28607097 0.21782774 0.08297694
45 -0.09833332 -0.1443345 -0.026020288 0.14504212 0.19978398 0.22553103 0.15356673 0.016106319 -0.116224326 0.21148756 0.19786948 0.033652216 -0.06056768 0.025112126 0.09411665 0.07673575
338 -0.24102663 0.12743609 0.016787026 0.63963705 0.42414802 0.37444735 0.077263705 -0.019612515 -0.10555371 0.1829944 0.099843994 0.16269882 0.09459009 -0.29460293 0.27856222 0.108854584
632 -0.11908195 -0.015049327 -0.01476561 0.39784026 0.16402838 -0.054862097 0.35652113 0.13513513 -0.2576941 0.4154825 0.29516158 -0.34404293 0.13416202 -0.11813373 0.081227824 -0.07559458
359 -0.06505903 -0.07559281 0.124944456 0.16487275 0.31621516 0.11479705 0.35050753 -0.069650926 -0.06615635 -0.10735858 0.21145381 -0.23912548 0.16083844 -0.04928703 -0.23487025 0.055126164
97 -0.13285455 0.01013367 0.12558822 0.3984757 0.1539917 0.2886489 0.13082446 0.053981364 0.032007933 0.1485907 0.13225114 0.08843492 0.11144309 -0.09624093 0.22903883 0.23129727
820 -0.20456198 -0.225343 -0.013406552 0.31661123 0.1059728 0.2332121 0.1122559 -0.09472241 -0.07261481 0.36208823 0.11305736 -0.15156567 0.00740623 -0.105569385 0.21058737 0.04045202
157 -0.17336014 -0.02478786 0.04531133 0.36548623 0.30009028 0.19402468 0.3100394 0.03265935 -0.016248014 0.0569231 0.3703503 -0.13577786 0.37089166 -0.1725921 0.037123825 0.11351396
537 -0.25875032 -0.23259602 0.11576155 0.2484898 0.136818 0.3221882 0.11462386 -0.13715832 -0.036031082 0.24293214 0.07894143 -0.078305386 -0.022411602 -0.07944923 0.15673742 0.034977656
75 0.022757357 0.04385037 0.062286224 0.5020702 0.19974564 0.056407005 0.2297654 -0.0012527677 -0.22924137 0.15708469 0.18932742 -0.22522227 0.21878882 -0.1685573 -0.07210944 -0.034222804
388 -0.010464113 0.014094299 -0.052901387 0.2853805 0.13465519 0.18274605 0.18434702 0.0030489066 -0.17287886 0.12678066 0.05961679 -0.10391848 0.007138581 -0.04712462 -0.10278359 -0.070679285
794 -0.0356972 0.05417741 0.043925177 0.2248608 0.11731945 -0.08753161 0.30037364 0.18616581 -0.2975632 0.2640139 0.10342735 -0.11310394 0.06349271 -0.1840271 0.14113209 0.016457958
482 -0.12677808 -0.22306456 0.1637579 -0.01223951 -0.12022461 0.081507504 0.1477794 0.061765593 -0.3907183 0.37258822 -0.121465154 -0.20108144 0.055467494 -0.20840201 0.089356065 -0.068632655
215 0.026529381 0.24040386 0.12550616 0.21176718 0.4073246 -0.35661808 0.35859925 -0.17135406 -0.26974154 -0.049672235 -0.08994953 -0.32713297 0.49118087 -0.36128846 0.077019036 0.04855177
700 0.12491964 0.10695326 -0.034299035 0.31908262 0.10327585 -0.04341957 0.2514226 0.24675207 -0.107232235 -0.07098659 0.21242481 0.020402646 0.20380133 0.025368933 0.14555064 0.02931924
70 -0.17418432 -0.019271627 -0.034449823 -0.029437676 -0.41604167 -0.16490977 0.04432673 0.0038262522 -0.17131227 0.13459724 -0.24979328 -0.19121233 0.17768013 -0.21824364 0.091358475 -0.15592532
50 -0.024858018 0.18344554 0.07396012 0.37087473 0.13971065 0.042853594 0.2787365 -0.11906141 -0.21411419 0.11040129 0.18050249 -0.23827805 0.24383621 -0.17635776 -0.11809839 -0.115257196
687 -0.17641932 -0.049761835 -0.051029135 0.30601767 0.19922139 -0.11592837 0.39943123 0.0046208687 -0.42741856 0.35934743 0.4227131 -0.40678632 0.23181228 -0.2847006 0.06332378 -0.18894395
631 -0.06605129 -0.040129088 -0.03346444 0.33156487 0.15262653 -0.014378627 0.3066329 0.2226908 -0.3168101 0.44676656 0.3263953 -0.31277686 0.1657612 -0.19959924 0.034668215 -0.044920065
284 0.21785064 0.05853514 0.036986843 0.09771071 -0.06797908 0.055039 0.08529532 -0.06271017 0.13598126 -0.019023335 -0.32770023 0.066373855 0.07029714 -0.06778512 -0.16161722 -0.023704134
667 -0.07998236 -0.16379263 0.19720934 0.062970445 0.2618285 0.21647707 0.31470692 -0.0776641 -0.1770495 -0.088558085 0.18622717 -0.18402591 0.0754631 0.022850143 -0.20187739 0.03675781
793 0.047784243 0.045809828 -0.10054456 0.2298334 0.107250065 -0.052000944 0.22477065 0.16329221 -0.14418794 -0.09263948 0.0573576 0.080922134 0.12410611 0.07057243 0.18232188 0.19987665
283 -0.2812867 -0.14756347 0.27900413 0.39306828 0.1738457 -0.043188002 0.34467497 0.012502984 -0.056389958 0.03524589 0.19815816 -0.23754984 0.16395909 -0.028238531 -0.11197762 -0.17265862
42 -0.11967383 -0.18835056 0.034612227 0.13672365 0.107253395 0.2728149 0.0569839 -0.112181455 0.03252281 0.16294165 0.04270649 -0.16379943 -0.10637627 -0.0808174 0.12249824 -0.00400791
12 -0.049867522 -0.1613828 0.03152943 0.13007532 0.28110573 0.13192497 0.37178874 -0.004167286 -0.13612838 0.023024429 0.07718966 -0.24449977 -0.1341681 -0.07460101 -0.18101187 -0.1818344
118 0.06471137 -0.5419724 0.08370358 -0.3896067 0.28395754 0.38195202 -0.03586708 -0.3567687 -0.17195626 -0.10918998 -0.052376263 -0.28015867 -0.54289234 0.1573214 -0.3538958 -0.21026586
113 -0.020613022 -0.6343469 -0.05368818 -0.5072937 0.1923651 0.27696395 -0.0091889575 -0.2799408 -0.18431726 0.0025825026 -0.2071771 -0.24113762 -0.6560102 0.15908502 -0.29494628 -0.090011485
321 0.14873454 0.03465513 0.00655798 -0.24876289 0.15654182 -0.090004206 0.24122955 0.0226088 0.12637274 -0.237871 -0.058934312 -0.13273153 -0.23425348 -0.23549868 0.0037963975 -0.06326884
367 -0.12702133 0.022531386 0.05160473 0.28260967 0.042992175 0.1650492 0.12636061 -0.11110059 -0.043075517 0.11367591 0.012339972 -0.120169014 0.1447751 -0.11777337 0.04173967 -0.00449431
599 0.0067016734 -0.093187205 -0.0077746436 0.1195446 0.17684768 0.11754371 0.13301152 0.005771854 -0.05551534 0.011011531 0.06443686 0.025009641 0.0020806768 -0.055979837 -0.0069124405 -0.022903664
481 -0.12956253 -0.057883456 0.150989 -0.03323729 -0.122030325 0.040108804 0.14816102 0.084889576 -0.43410435 0.466703 -0.12223483 -0.2494523 0.071732916 -0.24368232 0.05182048 -0.08295686
666 -0.2218919 -0.0069882935 0.009118459 0.41374397 0.16546197 -0.0023794444 0.27537224 0.09583754 -0.243095 0.3732167 0.16584969 -0.3095569 0.30825716 -0.15022822 0.021639027 -0.05784902
658 0.15368223 0.07723755 -0.121688865 0.36313757 0.10309141 -0.020825239 0.1901928 0.24089147 -0.026291125 -0.10156056 0.10334176 0.0982997 0.21592478 0.033680554 0.09816997 0.20886031
354 -0.033069253 -0.08768439 0.09683276 0.15670723 0.16373657 0.03153184 0.23380439 0.09638859 -0.005329239 -0.08682928 0.103082314 -0.14253232 -0.015578586 -0.0615842 -0.15024088 -0.024909755
28 0.02281168 -0.027916562 0.13205357 0.012381301 -0.021639423 -0.115595266 0.12126878 0.0896584 0.00086976343 -0.09224011 -0.09209604 0.078255475 -0.011156423 -0.11173888 -0.016551979 -0.055763572
121 -0.14622633 -0.08238254 0.08811942 0.15848044 0.09304762 0.04009466 0.26833963 -0.010064348 -0.15101227 0.07372515 0.08307236 -0.22700323 0.05608265 -0.064235665 -0.022817997 -0.06931167
706 -0.17142399 0.031966418 -0.074191794 0.15873963 0.16900626 0.12695126 0.4147899 -0.22845988 -0.15399416 0.21667792 0.062025152 -0.44930664 0.17872873 -0.25758654 0.027365165 -0.1813261
357 0.2623033 0.10706237 0.029042948 0.13221414 -0.07704678 0.10227215 0.11621474 -0.014902363 0.060951825 -0.06642307 -0.19054449 0.07652011 0.033277173 0.009597264 -0.10535961 0.038201254
352 -0.010280748 0.016955197 -0.086556435 0.24575545 0.06319985 -0.079246454 0.20690873 0.18613598 -0.14886871 0.07972456 0.16527697 -0.10494144 0.15109956 -0.052471578 0.20805459 0.08979244
73 -0.36590546 -0.0022038226 -0.052475225 0.19599225 -0.3671303 -0.03937542 -0.04411401 0.024528543 -0.23411833 0.50598633 -0.17490473 -0.34737128 0.19643483 -0.27130473 0.00884205 -0.076519
46 0.010313349 -0.15991618 0.020833902 0.17136808 0.12719892 0.1611598 0.049110014 0.08854336 -0.039895073 -0.03980172 0.030939678 0.12400009 0.052059587 0.11161926 0.19786501 0.18524629
600 0.07223932 0.14739552 -0.050389223 0.3408464 0.15361409 -0.09130812 0.2610211 0.25869247 -0.15887083 -0.10158991 0.18870887 0.031752244 0.21489643 -0.07181709 0.15187268 0.0855615
59 -0.13948676 0.34587145 0.102635264 0.28108823 0.46275118 -0.3035843 0.40368274 -0.3229157 -0.21556291 0.17536421 -0.12108431 -0.40661252 0.5621296 -0.34571564 -0.011654507 0.03000499
6 -0.045085676 -0.093683526 0.058056455 0.21630427 0.15657562 0.22845039 0.0497611 0.10412485 -0.01364271 0.12115927 0.10696142 0.10111134 0.07046495 -0.049563125 0.07817109 0.05232624
737 0.5749948 0.45744273 -0.36182612 0.3240829 0.39549562 -0.10648403 0.37583387 0.5567789 0.07576844 -0.3520423 -0.016988402 -0.03619975 0.04279927 -0.29151317 0.05894428 0.29675364
755 -0.06732326 0.26873264 0.14577411 0.12498935 0.28715518 -0.34398377 0.3050236 -0.26755738 -0.23419616 0.042717062 -0.048948355 -0.3349105 0.39600763 -0.3831205 0.008559141 -0.060382474
628 0.16222483 0.03252756 0.0774862 0.28248927 0.21339254 0.035639353 0.22726804 0.09809971 -0.062185276 -0.01323763 -0.07829471 -0.052328527 0.19058843 -0.016433448 -0.124904536 0.09560707
319 0.1560949 -0.10904534 0.03845106 -0.4061209 0.047346372 -0.015055223 0.19493926 -0.06899969 0.13169475 -0.19575791 -0.0343133 -0.20119032 -0.44144413 -0.13788094 -0.12211855 -0.038868953
151 0.21797596 0.05147221 0.05020754 -0.09146763 0.1567321 -0.11498475 0.120433345 0.08015083 0.1308763 -0.25669318 0.07165943 -0.029623408 0.06709626 -0.15317857 0.021561107 -0.08100587
611 -0.011303891 0.02797346 0.014814302 0.07694212 0.16108567 0.23077169 -0.010364061 0.042406593 0.05150016 0.115910366 0.06927223 0.1579376 -0.087175466 -0.0053496757 0.008026465 0.108091146
5 0.0084176855 -0.022929609 -0.015306806 0.36024916 0.059100013 -0.040755846 0.063210376 0.014211072 -0.101783566 0.0836714 0.04649907 -0.14245647 0.011358761 0.029940424 -0.015327624 -0.005611562
360 0.12626138 -0.018231237 0.13232237 0.1399946 -0.20127985 0.1062931 0.06892382 0.054668963 -0.003471078 0.023939375 -0.27709264 0.04644725 0.04098558 0.033943385 -0.06924166 0.07077238
8 -0.09151437 0.024790047 0.04564839 0.27094483 0.14041731 -0.06898547 0.24197845 0.07970035 -0.22509992 0.3079051 0.16768539 -0.19832593 0.060880885 -0.12321147 -0.0063336655 -0.048075527
1 0.17634705 0.07459909 0.046932224 0.1822263 0.026958581 0.04697859 0.20631498 -0.07119924 0.02453709 -0.08510794 -0.017768236 -0.16022016 0.173531 -0.03637013 -0.06501097 -0.056846023
736 -0.10445277 -0.03444345 0.04896311 0.38293532 0.13842082 0.048450753 0.24089752 0.08618743 -0.08926536 0.11183551 0.32817778 -0.16816323 0.22829704 -0.12122416 -0.005564528 -0.031357564
368 0.015280976 -0.22108577 0.08831038 -0.08347327 -0.11974126 -0.07654753 0.15994364 0.183687 -0.045780923 -0.08579898 0.0013406321 -0.08159193 -0.11628711 -0.04066909 -0.15987112 -0.08783732
479 0.22694626 0.13874194 -0.012694712 -0.062956244 0.042864643 -0.14197694 0.13527565 0.06590097 0.08611845 -0.1765178 0.057332356 -0.04450931 0.15610664 -0.12750582 -0.009397667 -0.100227095
44 0.0540989 0.009068011 -0.050988298 0.18384051 0.12236584 0.15464889 0.10627893 0.072831914 -0.010678568 -0.0754888 0.23389047 0.0020074625 0.10699645 0.17712906 0.08894279 0.12376078
809 -0.11623742 -0.050673872 0.068680175 0.22525692 0.19869176 0.11142539 0.271095 0.021480398 -0.13556126 0.031042553 0.09724212 -0.19367105 0.027826311 0.015870467 -0.14625913 -0.052191775
158 0.15337025 0.045528244 -0.1828258 0.58595294 0.57410413 0.13814496 0.572777 0.18965128 -0.29660007 0.114447095 0.4938817 -0.39598933 0.355349 -0.27367648 -0.09093417 -0.024947103
562 0.08669489 0.08629638 -0.054864705 0.5509617 0.62043965 0.041542713 0.5989219 0.22268136 -0.117417656 -0.0066491175 0.5679863 -0.4336359 0.510811 -0.3634574 -0.093624316 -0.12193713
77 -0.01615745 0.015308499 -0.018611586 0.19782417 -0.032255087 0.031356346 0.112440914 0.24088337 -0.11043353 0.13186574 0.036136616 0.07845678 0.11917921 0.09701707 0.08980254 0.10640581
41 -0.10978048 0.07583512 -0.034287326 0.2584868 0.045587786 -0.05503742 0.30073598 0.04158204 -0.17335303 0.2229728 0.16892093 -0.18189816 0.1675755 -0.24125178 0.13088255 -0.08653084
287 0.13609868 -0.08558868 -0.043779444 -0.12641752 0.25248307 -0.19558726 0.40654066 0.0021789668 -0.089897715 -0.1573038 0.22034329 -0.12035991 -0.30873278 -0.2774316 0.001116751 -0.024746757
163 0.14933966 0.1034428 0.11379782 -0.10096449 -0.060305737 -0.121130064 0.10354074 0.048200794 0.15734743 -0.1884655 -0.058943957 -0.007358069 0.12863699 -0.24221008 -0.04548998 -0.055665173
795 0.029955152 0.070777975 -0.010678267 0.45131508 0.20385692 -0.15147974 0.4888229 0.14068787 -0.24407126 -0.04346545 0.4330183 -0.16440941 0.43107432 -0.24651267 0.039131198 0.018513767
637 -0.031677328 0.061520442 0.033420615 0.38093594 0.0928289 0.028105393 0.22684479 0.04438151 -0.29857588 0.24046119 0.1289381 -0.29257348 0.17184724 -0.19168541 0.04139346 0.04002448
758 -0.17387295 -0.0037338128 0.13016285 0.3950376 0.18890324 0.092814095 0.23201434 -0.036909524 -0.05277953 0.17231247 0.34025288 -0.14459214 0.3442709 0.04389971 -0.06496772 -0.0933443
60 0.042006858 0.4221305 0.08909179 0.10279413 0.36580643 -0.35687417 0.2622282 -0.20928432 -0.07983567 -0.07920625 -0.16329095 -0.19567436 0.40028828 -0.2756998 0.088962615 0.028039282
4 -0.003365675 0.18071066 0.057640232 0.18464972 0.30908585 -0.26330155 0.26198566 -0.071735844 -0.20622179 0.024036625 -0.045363225 -0.17973088 0.3993013 -0.23900278 0.0164639 0.085952446
343 -0.10964708 0.10708712 0.18861838 0.20776574 0.3203054 0.0867879 0.36167154 -0.06333408 0.07655774 -0.0995525 0.1174544 -0.18646835 0.09932818 -0.09786085 -0.046407137 0.023284148
49 -0.16874689 0.07837607 0.13192783 0.29821846 0.18702114 0.06359855 0.23737364 0.051999092 -0.036980115 0.16646147 0.34984893 -0.1026672 0.2704098 -0.093606785 0.07934862 0.06616406
220 -0.25432757 -0.11135937 -0.096672274 0.087397814 0.21102723 0.122623526 0.12839004 0.12863548 -0.15302455 0.36768645 0.1113031 -0.2894414 0.11663983 -0.1324058 0.058476616 -0.016110457
613 0.050845996 -0.22968759 0.18486726 0.22784501 0.032641917 -0.1479167 0.36800903 0.1205035 -0.19544761 0.04750395 0.45107445 -0.33494207 0.4188707 -0.08665514 -0.07465276 -0.10710807
496 -0.11389846 0.27737802 0.16476634 0.06872238 0.27054343 -0.3074676 0.14466146 -0.1882596 -0.15376066 0.013362277 -0.20619883 -0.26090237 0.4386744 -0.19163293 0.046428137 0.055774577
588 0.025893308 0.12490681 0.06851118 0.36237565 0.24487466 0.042675253 0.2765505 -0.05228928 -0.17333844 0.16796158 0.14492245 -0.19442804 0.2503836 -0.20404394 -0.09267089 -0.13671483
180 0.16091022 0.1015915 0.040081024 -0.06663034 -0.07463483 -0.10915118 0.004799555 0.06464448 0.085049435 0.0038370774 -0.07923934 0.014865365 0.08993867 -0.13346495 0.01875018 -0.06512143
277 -0.111360624 0.1951113 0.12288329 0.09596658 0.31760395 -0.10337467 0.2098155 -0.1542615 -0.13981554 0.09852527 0.004723287 -0.24672166 0.38244355 -0.21010838 0.098231636 0.043410297
199 -0.14952408 0.10899635 0.22166547 0.10376516 0.3216037 -0.1461211 0.28844288 -0.25447088 -0.2250766 0.22885193 -0.123198174 -0.25032827 0.32366437 -0.2508658 0.028528832 0.005638773
686 -0.22211413 -0.03213328 -0.051590588 0.3557596 0.08347289 0.013718694 0.23488584 -0.027491115 -0.39209974 0.50538737 0.18774788 -0.4106865 0.2078862 -0.15337244 0.08883533 -0.06278247
690 0.056388777 0.18375616 -0.015998779 0.11668031 0.06914119 -0.06291338 0.15554328 0.18957709 0.03325305 -0.20561807 -0.018539585 -0.073734425 0.12505381 -0.0010616134 -0.11512095 0.0274447
498 0.1839118 0.029067121 -0.13429287 0.49427155 0.4692573 0.032490917 0.33496505 0.26392406 0.041289404 -0.034461588 0.34089646 -0.19371252 0.39524323 -0.27200356 -0.06411282 0.026610987
739 0.64094216 0.5272946 -0.25754827 0.121516995 0.3118358 -0.18131672 0.2890369 0.46189123 0.26580346 -0.523125 -0.20409921 0.10815885 0.048406582 -0.22258598 -0.034781862 0.3243048
772 -0.19990423 0.076292746 0.0015321763 0.2808228 0.18156998 0.096063174 0.25579232 -0.061097417 -0.21150522 0.28728366 0.06622528 -0.31674886 0.09269685 -0.15951027 -0.023383358 0.020301677
454 -0.0043337373 -0.035118036 -0.098262295 0.022381771 0.13072874 0.20790717 0.04195155 0.1260521 -0.070595115 -0.12087029 0.06522096 0.13579158 0.0017987157 0.14228936 0.09129716 0.1185199
616 0.06663838 -0.018360993 0.0074017164 0.3498296 0.19165342 0.08075142 0.09210961 0.11346263 -0.03446148 0.07754159 0.109651886 -0.18415876 0.029390674 0.082221724 -0.14759451 0.06613376
423 -0.22579549 -0.05651534 0.0018807424 -0.09365925 0.09510996 -0.021359647 -0.03596803 -0.094474174 -0.102303706 0.17942318 -0.115970746 -0.28876498 0.0921078 -0.00978407 0.11673864 -0.0644852
99 -0.022361774 -0.13188183 0.0003663063 0.45327818 0.29735127 0.066402785 0.23987307 0.026579946 -0.21763358 0.11208324 0.31242314 -0.16718897 0.32567957 -0.023005022 -0.040903844 -0.045119222
532 -0.04868745 -0.03645012 0.023999117 0.17095931 0.21125597 0.10735168 0.25804603 0.023102654 -0.13813092 -0.01850304 0.10990823 -0.18725355 0.11635272 -0.032497175 -0.05180611 -0.015236623
639 0.06355982 0.117221996 -0.13102578 0.6078884 0.52899325 0.0438359 0.59416395 0.096038714 -0.18722048 0.065802224 0.4406802 -0.47116286 0.5126983 -0.26172048 -0.05215146 -0.12574561
638 -0.046690054 -0.037134457 0.00024419813 0.45835218 0.2559933 0.027810505 0.2848676 0.037845533 -0.20194708 0.07979442 0.45722663 -0.1859364 0.5336383 -0.0136945285 -0.023787664 0.055166576
675 -0.08217334 -0.15692176 -0.03856684 0.09419394 0.118774965 0.2060977 0.087912254 -0.091965124 0.04623953 0.026242945 0.04310067 -0.02355943 -0.113254376 -0.11179247 0.033884414 -0.040614355
754 0.0040452396 -0.05595493 0.03643491 0.22036165 0.12317217 -0.06322442 0.36926103 0.034230713 -0.27394992 0.25512183 0.16700168 -0.31509653 0.14076988 -0.2077482 0.050346155 -0.08389187
172 -0.17890903 -0.1269434 -0.07698221 0.20095472 -0.25458416 -0.020810653 0.11771731 0.36745456 -0.36357594 0.5047698 0.05508761 -0.037542567 0.30351588 -0.20662427 0.3046129 0.25857532
415 0.072959855 0.12738933 -0.04555025 0.6012505 0.4532738 -0.20146877 0.68114406 0.22088613 -0.26704744 -0.025862457 0.6896364 -0.33304647 0.6318929 -0.28834978 0.013401693 -0.019669056
138 0.035809353 0.05862689 -0.14967693 0.086064965 0.33639336 -0.04064581 0.29460573 -0.0203661 0.06099326 -0.16532494 0.17556791 -0.225446 0.11465415 -0.13015115 0.024420125 -0.019939728
142 -0.17372945 -0.049645048 0.10000056 0.23672704 0.05605373 0.2734689 0.09519078 -0.07314605 -0.07252636 0.32781473 0.13485824 -0.08582693 0.09577511 -0.07887285 0.13839112 0.049503144
770 0.011711188 0.0016719794 0.058027167 0.33602938 0.14452069 0.07055743 0.22557005 -0.08693972 -0.094138026 0.06050524 0.044909477 -0.1973708 0.1545249 -0.13349594 -0.027477918 0.015386562
2 -0.16232426 -0.10796846 0.006847202 0.16408512 0.13182318 0.2500698 0.13079153 -0.058485016 -0.02143056 0.17906846 0.13229991 -0.027128365 0.08162374 -0.08385807 0.017624902 -0.027399255
107 0.1506955 0.05861675 -0.08537356 0.28772917 0.26038235 -0.08605718 0.22801997 -0.044392236 -0.030071054 -0.07964363 0.05914004 -0.18714586 0.1311726 -0.0013435167 -0.013629715 -0.07454259
540 -0.045809146 -0.1547026 0.078372315 0.12517782 -0.015737591 0.1124286 -0.049934402 -0.041662514 -0.09063743 0.1824355 0.008861481 -0.21218391 -0.090763636 0.015179898 -0.014457054 0.096627146
140 -0.12542656 -0.032598834 0.05396614 0.15015766 0.19847505 0.12878335 0.2895408 0.14647736 -0.18156733 0.15429395 0.21989924 -0.07523846 0.07293138 -0.05074143 0.04504002 -0.088502266
461 0.2168395 0.109756626 0.0913153 -0.002251016 0.046153508 -0.03152461 -0.006093328 0.05091277 0.087402254 -0.18043593 0.015265334 0.11808095 0.19975267 -0.072508 0.03080959 0.023773316
467 -0.08577466 -0.5194717 0.05064856 -0.20026253 -0.063148096 0.34903535 -0.11806819 0.024100458 -0.1939668 0.10299901 -0.079692446 -0.098402366 -0.3387034 0.16172633 -0.05637984 0.029607814
439 -0.18756182 0.21639363 0.18416925 0.1398244 0.27757797 -0.1405278 0.22676429 -0.11215988 -0.081177525 0.100064136 0.081564575 -0.22235823 0.38829103 -0.22449277 -0.031055838 -0.075426675
145 -0.14276344 0.053861666 -0.08127299 0.10336071 0.08088133 0.02766391 0.15914637 -0.03801837 -0.07115234 0.21603434 0.08165599 -0.19214632 0.16233441 -0.14548798 -0.09148853 0.012962402
51 -0.14727145 0.10219021 0.13694231 0.1309873 0.3446197 -0.03171617 0.30829057 -0.07419122 -0.14647117 0.07676644 0.10087032 -0.28877506 0.38382944 -0.19162488 -0.04286571 -0.07870247
143 -0.19766396 -0.089464 0.13655092 0.3243568 0.18901376 0.028723856 0.33395484 0.021231651 -0.14286838 0.004439196 0.17383115 -0.23402894 0.15916666 -0.01125368 -0.13587163 -0.12061624
275 0.07125179 -0.086891696 -0.07718627 -0.057366114 0.15593705 -0.091162376 0.18458538 0.0020719576 0.025807437 -0.093301445 0.07439863 -0.16459613 -0.14414659 -0.114310294 -0.08552828 -0.07461141
416 0.021792393 -0.077666715 -0.0011491531 -0.05057634 -0.10325571 0.05931364 -0.13017969 -0.018639388 -0.16746068 0.23118658 -0.1504867 -0.20142864 -0.19104113 0.0992056 -0.065350756 0.048278224
226 -0.26760465 -0.0025476213 -0.00038694902 0.21841927 0.18195401 0.13116175 0.15378138 0.013127419 -0.085666165 0.26453453 0.11458701 -0.18935886 0.20704964 -0.08655219 -0.0036480436 -0.07347298
714 0.06351301 -0.25056997 -0.05992958 -0.07494526 -0.024371108 0.21131837 -0.13638237 -0.021559965 -0.20784727 0.12044643 -0.04086495 -0.19903922 -0.371576 0.060092103 -0.20512763 -0.11351037
63 -0.036207967 0.064677216 -0.06879231 0.12983306 0.09891711 0.077251345 0.077688 -0.013464928 -0.029860267 0.09525786 -0.07998843 -0.11512383 0.07158321 -0.17503558 -0.0072077923 -0.01977798
361 -0.065255865 0.21250631 0.0686875 0.15798444 0.16463566 0.05964262 0.04563871 0.034646086 0.0013898459 0.14137152 -0.0766974 -0.006129646 0.15579182 -0.08041501 0.19358417 0.049664635
756 -0.0813492 0.010478789 0.0091317715 0.09722018 -0.013816873 -0.035943236 0.08092909 0.11657607 -0.041700806 -0.001604524 0.083140396 0.1508406 0.103089236 0.08475662 0.04717943 0.100860834
53 -0.05865738 -0.3226707 -0.0002168275 -0.14764223 -0.103192426 0.3101433 -0.11338517 -0.015566833 -0.14656739 0.10188021 -0.14059113 -0.008548542 -0.3087569 0.18462962 -0.0023294387 -0.021823458
88 0.03298788 -0.11165754 -0.1856011 0.2918595 0.044920385 0.016976506 0.36467633 0.46167523 -0.31031266 0.2885889 0.1875047 0.011568069 0.29699537 -0.09769753 0.21472125 0.23551942
177 -0.0149795 -0.12826476 -0.04050311 -0.06392781 0.1380652 -0.01181476 -0.0019877595 -0.06518797 -0.07685661 -0.016576486 0.010482679 -0.1948541 0.04466812 0.12123015 -0.050471924 -0.06489828
655 -0.06700668 0.2226485 0.15053087 0.029103823 0.19292124 -0.32523867 0.21819991 -0.20252949 -0.20924279 0.0898291 -0.1605169 -0.2877366 0.32076213 -0.2463771 0.075245395 -0.0013955003
76 -0.091432504 0.18612425 0.112012416 0.07360925 0.17166862 -0.25948572 0.24762714 -0.098128654 -0.20542929 0.055163965 -0.07135133 -0.28370768 0.37078157 -0.23318604 -0.025913026 -0.055068877
536 0.01445273 0.013159189 0.005460346 0.009744586 -0.012745543 -0.055461165 0.17167273 0.09208369 -0.020659123 -0.078651614 0.022585953 0.0153562855 -0.018845119 -0.09434151 -0.06230966 -0.104539305
629 -0.0031478526 0.011262726 0.028807534 0.48768756 0.2430227 0.014737148 0.41269508 0.0863843 -0.21864371 0.09179502 0.42059445 -0.26661015 0.27459294 -0.04003262 0.014560788 -0.098469965
26 0.020639384 -0.039321337 -0.014486548 0.3266756 0.18153384 -0.05363343 0.4146071 0.16551779 -0.24505876 0.056104 0.49172547 -0.21813536 0.45578206 -0.24012506 -0.02667364 -0.012818032
601 -0.3609876 -0.16598804 0.052574106 0.17088887 0.14635204 0.3166631 0.07204307 -0.14271235 -0.17646722 0.41399416 0.12764171 -0.15964325 0.031975888 -0.05814899 0.092049085 0.0948154
685 0.03672254 -0.1918672 -0.059202377 -0.03777868 -0.021074157 0.16729042 -0.16960986 -0.053282693 -0.2819855 0.23082772 -0.08404993 -0.13919881 -0.19404991 0.035412923 -0.19232292 0.0379683
164 0.015627474 -0.07752619 -0.07034395 0.20946538 0.07901125 0.081140004 0.12552398 0.12905699 -0.09609373 -0.026244776 0.20482183 -0.007895758 0.07468038 0.09553875 0.11669537 0.14901483
161 -0.11180689 -0.026754621 0.016762381 0.14891654 -0.07549309 -0.07810393 0.15376548 0.10195776 -0.06347657 0.13292773 0.06612707 -0.105487786 0.16937515 -0.012485735 0.015548613 0.05960998
322 -0.23809198 -0.06740514 -0.052836444 0.2223771 0.053530548 0.10948979 0.125853 0.09869258 -0.20508586 0.2918612 0.1693111 -0.20119016 0.12388393 -0.022898372 0.10503921 -0.0083803525
7 0.028496275 -0.060911253 0.09459614 0.25935718 0.08920328 -0.0086582545 0.3002204 0.009539048 -0.18442747 0.06415654 0.36731836 -0.16957861 0.31292498 -0.10356491 0.0008918532 -0.082861185
30 -0.07188649 -0.07424334 -0.03966849 0.07902065 0.08544551 0.122365914 -0.0027925014 0.034894757 0.008583389 0.029260915 0.115757845 0.115702674 0.023176212 -0.06577709 0.09839067 0.03135087
564 0.20152226 0.08369329 -0.0030212821 0.15445046 0.09110765 0.08263161 0.04324392 0.050192576 0.012489696 -0.026461769 0.18411699 -0.13972221 -0.015052425 0.036747757 -0.12893845 -0.061326504
610 0.22492166 0.12876196 -0.15420566 0.27414346 0.26829213 -0.07103418 0.1969671 -0.05217988 0.04225485 -0.17365523 -0.01905216 -0.067628235 0.11618802 -0.07750957 0.025823694 0.04138092
810 -0.024794618 -0.012940173 -0.030761108 0.37883714 0.23838021 0.16696209 0.2701445 -0.007887063 -0.18893744 0.1331357 0.2644316 -0.1685921 0.19990624 0.011826342 -0.03385066 -0.10314687
102 0.07097679 -0.0024113124 -0.0376857 0.16774198 0.06619066 -0.0034262533 0.15155067 0.010610361 -0.0949249 0.15307157 0.11842307 -0.14451875 -0.012851526 -0.059359595 -0.014864607 0.07880147
716 -0.013615639 -0.06529724 -0.048185516 0.3581657 0.1850173 0.11958414 0.30385205 -0.011759563 -0.2049956 0.024605967 0.30050564 -0.18343423 0.26307645 -0.009168119 -0.059201397 -0.0014155812
27 -0.041244585 -0.07506155 -0.0030974457 0.0689808 0.032523535 0.047596797 0.1322192 0.09190858 -0.08169353 -0.05904727 0.1421254 0.009751534 0.043117825 0.12313404 0.0060957926 0.070512146
450 -0.081279576 -0.33729643 -0.05880416 -0.12831694 -0.09438129 0.26822188 -0.16478916 -0.006424361 -0.24215527 0.1136877 -0.032976814 -0.14986041 -0.27971226 0.06491892 0.035107635 0.05102556
683 0.09201781 0.03733477 0.06844084 0.061903644 0.08827476 -0.032451484 0.13127898 0.05760407 -0.0074864784 -0.037967555 0.0019423633 -0.01444604 0.08167567 -0.04402269 0.017211998 0.021051887
184 -0.089429416 -0.12877725 0.04916564 0.057433452 -0.08014905 0.08801378 -0.022231393 -0.032993924 -0.13909036 0.36374772 -0.024068411 -0.19099942 -0.02863124 -0.009141863 -0.08454693 -0.038571637
36 0.15144305 0.03895062 -0.1245287 0.031131728 0.1353073 0.10445408 0.079193 0.01659883 0.029065264 -0.16564956 0.10430078 0.08732646 0.05493582 0.12974347 0.030866163 0.07154605
734 0.061964493 -0.21630296 -0.037007302 -0.016190678 0.03571772 0.18877304 -0.100082286 -0.074144855 -0.16498348 0.25584304 -0.060633305 -0.24223535 -0.223579 0.051796146 -0.11161079 -0.09359282
419 0.02328566 -0.2029504 0.031411115 -0.0012467941 0.09509715 0.1541272 -0.020423666 -0.10416439 -0.22608119 0.25112987 -0.05564891 -0.19034074 -0.089876205 0.024960008 -0.121344194 0.043482766
195 -0.015404551 -0.011662177 -0.108622 0.2718819 0.27685583 0.16525422 0.088161156 -0.017346656 -0.102990575 0.10165999 0.13216804 -0.090074345 0.070067205 -0.052783966 0.01573376 0.040360164
169 -0.046814907 -0.0017019815 0.07747152 0.16163595 0.043770965 -0.048719216 0.22358336 0.07191338 -0.054936044 0.024755288 0.073886596 -0.22466649 0.051321283 -0.07233332 -0.0516292 -0.09421835
332 -0.097077616 -0.08037048 0.018338861 0.018071825 0.04454928 -0.019801285 0.116361454 -0.07586563 -0.13286698 0.07207506 0.08022532 -0.22447859 -0.03578008 -0.09894447 -0.1664519 -0.10903101
175 0.04132104 0.06440081 0.021683134 0.23127444 0.22254668 0.13962391 0.14894423 -0.0030378103 -0.053345602 0.005710249 0.046356708 0.03699458 0.02151814 -0.07904366 0.10269051 0.078974605
294 -0.12516241 -0.052567877 0.008841325 0.29392672 0.195043 0.12785022 0.18304609 0.0879275 -0.21657006 0.1734948 0.27209222 -0.11360478 0.13787802 0.0021048896 -0.05559262 -0.030892596
751 -0.026111295 -0.02936971 0.015851704 0.28200293 0.112161815 0.11702009 0.1941715 0.06649269 -0.19448002 0.13850279 0.21798947 -0.14926918 0.27157295 -0.029230902 0.0465348 -0.031729873
680 -0.16281573 -0.2729447 0.012072986 -0.081660986 -0.12379118 0.2170735 -0.21046151 -0.036748488 -0.09437934 0.11273439 -0.13715407 -0.083061166 -0.22245906 0.08553026 0.029835956 -0.0401263
271 -0.13769141 -0.37378842 -0.013330816 -0.15337364 -0.09944435 0.2758718 -0.11690154 -0.024175636 -0.12378764 0.17253542 -0.13557939 -0.002804337 -0.35792595 0.121223584 -0.028222226 -0.011863458
261 0.20211549 -0.00081317424 -0.06286224 -0.19901457 0.11083343 -0.093172476 0.13902555 -0.09124474 0.18492717 -0.21448267 -0.06891517 -0.028774986 -0.19557902 -0.07300521 -0.084316954 0.010295194
224 -0.35863662 -0.0034776502 -0.02178127 0.13936909 0.22679582 0.11561149 0.18004023 -0.07845674 -0.2258662 0.3304313 0.212328 -0.29017353 0.1641317 -0.08192132 0.024225954 -0.11049129
32 -0.06529976 -0.08379919 -0.03937043 -0.052702982 0.077478014 -0.048520535 0.12966251 0.10828293 -0.024523731 0.0869182 -0.01027136 -0.053316627 0.07286368 -0.18619916 -0.074748345 0.013050209
103 -0.09007506 -0.028081344 0.085387334 0.15328938 0.060916167 0.10019009 -0.018813495 -0.023884252 -0.004112476 0.15821329 0.11276978 0.015561731 0.091750704 0.029549275 0.08315652 0.09559766
535 -0.0784602 -0.026988033 0.038766004 0.0999777 0.0071636457 0.03706223 0.14184166 -0.08616124 -0.19780016 0.26029876 -0.030015957 -0.26246884 0.1626601 -0.15225004 -0.013791602 -0.012666366
219 -0.06393522 -0.050652348 0.02426748 0.024157716 -0.111247145 0.012642052 -0.070919335 -0.016636677 -0.14961182 0.14538765 0.029451407 -0.1973231 -0.18318093 0.009897942 -0.17128758 -0.11626344
499 -0.11562336 0.099350095 0.051093534 0.03996984 0.03805954 -0.099486634 -0.014651305 -0.072954886 -0.13312893 0.11185326 -0.0398208 -0.17444566 0.2116132 -0.00065228995 0.056983713 -0.08605698
141 -0.07546116 -0.2960947 0.028703047 -0.08221322 -0.09491887 0.13703947 -0.11248808 0.061746176 -0.19962513 0.1312935 -0.08185298 -0.08672478 -0.20064546 0.013230185 -0.062138934 0.0010085524
104 -0.16283217 -0.421559 0.052919887 -0.10205836 0.027856851 0.2734416 -0.17538685 -0.15049255 -0.2245027 0.117886834 -0.10026306 -0.14762096 -0.33409774 0.10111335 0.030706247 0.006683326
128 -0.042925343 -0.39323246 -0.0318985 -0.12360037 0.027873034 0.22577861 -0.1122271 -0.05626677 -0.1747343 0.06929137 -0.06821293 -0.042635776 -0.23921038 0.123427324 -0.05393525 -0.017960364
356 0.2229777 0.07275109 -0.02375301 0.040650126 -0.15730675 0.05032743 0.029975751 -0.020805871 0.11546856 -0.052520044 -0.2368366 0.08843678 0.055054635 0.07954127 -0.13082606 0.045025762
82 0.105188355 -0.13732935 0.012396331 -0.22068694 0.15207772 -0.01985843 0.15591383 -0.04583028 0.04719778 -0.123204805 -0.033050362 -0.13980731 -0.25165093 -0.049376186 -0.01610564 -0.026559008
325 0.049810603 -0.06268859 0.020267589 -0.003340382 0.026717227 0.007281698 -0.026504574 -0.107837364 -0.043083906 0.11286386 0.0056512253 -0.13466236 0.08626519 -0.08855912 -0.01863788 -0.06648414
137 0.20661712 0.29151633 -0.19647834 0.17988315 0.13975479 -0.13105172 0.14206722 0.116535515 0.058839917 -0.19760571 -0.046700314 0.077515 0.18955477 -0.20040306 0.023082227 0.13485438
106 -0.20860977 -0.12693147 -0.069268696 0.019028699 0.19923817 0.14768192 0.10092579 -0.050560262 -0.050306097 0.17397293 0.047324922 -0.15484929 0.0223664 -0.052855607 -0.052536022 0.015563293
497 0.0736255 -0.19101411 -0.060150765 -0.19591913 -0.159878 -0.20403327 0.117772885 -0.05627035 0.065419115 -0.12152661 -0.105310984 -0.017857738 -0.24464664 -0.15028568 -0.10085454 -0.1103572
134 0.048869826 -0.17853943 0.013318295 -0.15770991 -0.08807189 -0.23253281 0.121253185 -0.041591793 0.15604468 -0.14030476 -0.10985155 -0.062975384 -0.259698 -0.10484044 -0.10095228 -0.087821595
773 -0.040385514 0.05233257 0.031939857 0.2063621 0.09870429 -0.072601706 0.11578881 0.036866352 -0.15047212 0.12723544 0.12461695 -0.061928455 0.26162422 0.012547833 0.08017514 0.13447154
61 -0.041664816 0.11122401 0.0073671667 0.18847027 0.16605273 -0.08006986 0.28823498 -0.09706463 -0.061893765 -0.038169906 0.13654605 -0.13391756 0.16843033 -0.14669447 0.0065906304 -0.036735512
48 0.0018806375 0.011171495 -0.13582778 0.12836413 0.034951285 -0.09970269 0.070206344 0.088687286 -0.0597248 -0.00683118 -0.03217013 -0.09849569 0.14133899 0.00331305 0.14919738 0.011889939
255 -0.032095984 -0.0605006 0.100684285 0.39722785 0.16015203 -0.0889949 0.27884972 0.056302443 -0.22408073 0.094579645 0.38663504 -0.16629903 0.36200476 -0.14039429 -0.05562805 -0.07280285
478 -0.038178977 -0.026857452 -0.047580928 0.26502034 -0.022049965 -0.050958894 0.21362412 0.2447565 -0.26445678 0.27966627 0.17598009 -0.08464705 0.30007994 -0.1439313 0.1031751 0.1367316
54 0.11310828 0.16804267 0.035692647 0.07309881 0.09596062 -0.12159638 0.015724445 0.045919538 0.059824098 -0.04750698 0.027430704 0.058046654 0.12827115 -0.080067016 0.0746347 0.016325219
424 0.1252059 0.09167605 0.011535868 -0.025308393 0.08786391 -0.10509407 0.054580435 -0.04967881 0.03505894 -0.105213776 0.08165978 -0.06665799 0.15777974 -0.15742065 -0.026281467 -0.018690327
183 -0.2201877 0.050533127 0.020017613 0.03246518 -0.027995262 -0.09459169 -0.02496795 -0.10672607 -0.034550942 0.1310205 -0.07058004 -0.24629563 0.21708405 -0.017874004 0.09422156 0.05228039
355 -0.06557602 0.14099072 0.07630896 0.122309126 0.15235643 -0.2330323 0.21940269 -0.09991841 -0.083524145 0.009386834 -0.03560474 -0.13975844 0.3043444 -0.09137869 0.0043165386 0.02408049
146 -0.009147527 -0.09909671 -0.043836676 0.22691686 0.17384392 -0.074704096 0.2756762 0.041388925 -0.12915953 0.017195966 0.12376726 -0.059586957 0.09456297 -0.19777088 -0.022696333 -0.04826453
312 -0.14263463 -0.16877821 0.091748655 0.11233437 0.11163028 0.27503094 0.06807294 -0.18323758 -0.12424014 0.15689561 0.088374734 -0.13695963 -0.09426235 -0.063172296 0.04238026 -0.023696193
390 0.06352453 -0.115120664 0.08803259 -0.19597477 -0.1709568 -0.056943294 0.00090670376 0.07855932 -0.034837652 -0.037090596 -0.25900006 0.059737876 -0.20204125 -0.06772901 0.010473049 -0.017966017
417 -0.004198007 -0.14645211 -0.05353491 -0.19254112 -0.01034148 -0.13066994 0.1626904 -0.07890458 0.113637276 -0.016074082 -0.04170683 -0.12104098 -0.11024487 -0.11624844 -0.02587992 -0.07012432
218 0.1503676 0.12427424 -0.0023480186 0.10018034 0.23215114 -0.0514891 -0.03248059 0.07480124 0.117940985 -0.12796576 -0.060469806 0.15670444 0.15121512 -0.017179323 0.06720355 0.18046917
225 0.2313121 0.10314216 -0.05093301 0.1478176 0.2537216 -0.12689193 0.06864593 0.0139887715 0.19718556 -0.23746668 -0.094686605 0.14145057 0.13340674 -0.042164095 0.13624297 0.19419777
673 0.038840834 -0.09672514 -0.07939762 0.14251569 -0.02290317 0.07945525 0.12752064 0.10364739 -0.08145359 0.06377307 0.05690258 -0.038577177 0.12199255 -0.034434725 0.055342093 0.036770448
309 0.22848596 0.29853427 -0.12096189 0.029544456 0.08800212 -0.041418973 0.08229258 0.094961405 0.18204512 -0.32588086 -0.05926812 0.20464219 0.12800708 -0.10151612 0.06270402 0.049348496
192 0.23547949 0.3497648 -0.17172652 0.006599373 0.16849467 -0.0334739 0.061862595 0.15926474 0.17575003 -0.41139457 -0.12729381 0.15990947 0.07441083 -0.06444258 0.11376364 0.107192874
144 0.2429574 0.091134496 -0.15098819 0.099516 0.12790072 -0.116057225 0.1267879 0.15636176 0.09896059 -0.21537034 0.066177204 0.03581658 0.068180345 -0.15360273 0.0046691336 0.0976885
713 -0.013226724 -0.017326422 0.061744813 0.07621547 0.026217915 -0.0349933 0.12100823 0.029301321 0.012154957 0.035055917 0.0855197 0.012251341 0.16812132 -0.043867048 0.05735191 -0.041918878
546 -0.05644371 -0.002091755 0.025270302 -0.015243024 -0.11693013 -0.077499434 -0.0070881234 -0.040916584 -0.06140925 0.14252047 -0.13760218 -0.15296222 0.104481965 -0.14477357 0.079303116 0.0021506585
252 -0.15951315 0.058275495 -0.0063163578 0.040765986 0.0016452244 0.13721353 0.022929488 -0.04492036 -0.11872848 0.33381876 -0.12063913 -0.0036960705 -0.008070259 -0.039934855 0.15901609 0.108766645
608 -0.1074298 -0.16719969 0.047317076 0.03566806 -0.006607455 0.2061923 0.02092494 -0.11984761 -0.0005218417 0.077849545 -0.032394756 -0.123352714 -0.18811242 -0.015842129 -0.020233765 -0.05278842
320 0.12400008 -0.009270828 -0.031624388 0.09407693 0.12675355 -0.026046028 0.095052876 0.056725875 0.012960731 0.0008881424 0.012613848 -0.037754204 0.15390566 -0.117608465 0.031585127 0.003199935
81 -0.121497884 0.0577532 0.118065156 0.19976343 0.24132901 -0.00092510774 0.15648307 -0.08265967 -0.124375336 0.077283554 0.20018518 -0.18970066 0.21593107 -0.1644267 -0.048069008 -0.038349498
492 -0.022789918 0.08486764 -0.033594955 0.28945893 0.19195613 -0.14160247 0.37251216 0.16560715 -0.22908524 0.0076139444 0.33273864 -0.15856695 0.3329128 -0.20494635 0.043386627 -0.059482437
533 0.025452876 0.21565719 -0.03439674 0.19746585 0.19411178 -0.17721602 0.1795653 0.11282034 -0.077717274 -0.058332503 0.17344455 -0.15032981 0.20774032 -0.10347684 0.028368907 0.029685542
495 0.040421985 0.053039607 -0.05176121 0.21746048 0.09369769 -0.06927645 0.13445105 0.108537056 -0.093335204 -0.069099225 0.111171134 -0.11774165 0.13365138 -0.08812457 0.03536998 -0.028412888
109 -0.16535115 -0.056380913 0.0023065784 -0.007520255 -0.012913107 -0.01624599 -0.03548192 -0.12411573 0.0077566546 0.096121624 -0.06918168 -0.1478246 0.004657384 -0.021560479 0.116782025 -0.06990421
633 0.025066504 -0.018196637 0.058655072 0.094142176 0.16680592 -0.07970488 0.16685466 -0.059766293 0.058052484 -0.03995318 0.052245095 -0.10188662 0.09914798 -0.017496808 -0.061993737 -0.098617695
64 0.07372952 -0.18049872 -0.08449311 0.0672256 0.0060653873 0.047625232 0.085853145 0.09243031 -0.08760827 -0.009427049 -0.0072096805 0.0063379575 -0.08519521 -0.005984238 -0.034368496 0.11938179
507 -0.03111659 0.061737802 0.06987358 0.0971085 0.2644225 -0.10734038 0.31525582 -0.10858247 -0.21020672 0.111068964 0.09134042 -0.24223576 0.32215318 -0.19271323 -0.05779108 -0.032008287
476 -0.08421044 -0.0334498 0.057912923 0.20874316 0.23852144 0.07280547 0.089745775 -0.0067817387 -0.065633036 0.052398305 0.25615406 -0.09803477 0.20662993 -0.030395823 0.043340664 0.02210727
659 0.058383502 0.06922858 0.019058954 0.060930215 0.022762887 0.009552062 0.083802335 0.07313754 -0.072044685 0.016840551 -0.0032626078 -0.051831704 0.12100577 0.010698668 0.15994914 0.046355017
738 0.20225267 0.105869584 0.034344245 0.071993336 0.0043803635 -0.07444959 0.22517243 -0.007360081 -0.07876922 -0.0056111645 -0.06993985 -0.034328964 0.06317524 -0.0771173 0.012968018 -0.06572291
590 -0.1309725 -0.032327086 0.023946006 0.112419575 -0.18229684 -0.048012033 -0.06089862 0.015206496 -0.19225284 0.3036599 -0.09802126 -0.16528103 0.14277774 -0.10480698 0.049191106 -0.020830492
33 0.07361662 0.064446025 -0.064389445 0.112786144 0.23182496 -0.07069697 0.22614183 0.09281587 -0.11938513 -0.041342996 0.1616722 -0.10477263 0.13478157 -0.19169433 0.02092451 -0.03658232
89 -0.1921783 -0.08136038 -0.060972933 0.20564817 -0.014200152 -0.08599817 0.2569602 0.23572558 -0.31399712 0.37688437 0.16192001 -0.19308122 0.225472 -0.16095868 0.15237276 0.12060763
265 0.06383169 0.06657333 0.00010894879 0.05209532 0.008498567 0.04265917 0.011855677 0.15186608 0.025812335 -0.06680932 0.02722714 0.16697426 0.059151385 0.030406997 0.18470596 0.06911817
69 -0.054455705 -0.0526283 -0.04401503 0.05608812 -0.07182413 -0.005193651 0.052798703 0.01506301 -0.019762808 0.06413681 0.03855179 -0.045369506 0.11312529 -0.0009370992 0.05945567 0.06279519
324 -0.12834756 -0.1010878 0.089654125 0.07320333 -0.08552938 0.032322906 -0.0011099647 0.025666501 -0.10002311 0.11603313 -0.0015208223 -0.04888754 0.011502106 0.075346835 0.03786992 0.020940488
23 -0.051060654 0.024666721 0.0049453033 0.25732392 0.25872213 -0.02472496 0.2691 0.1363992 -0.063293085 -0.085278995 0.20040573 -0.079791956 0.21169169 -0.14490317 -0.11667136 0.053846084
660 -0.08462549 -0.12211364 0.05803929 0.04893237 0.22453363 0.1449092 0.15672128 -0.059416026 -0.034001168 -0.011463286 0.06353285 -0.157619 0.02539556 0.06384827 -0.13115057 -0.116806924
47 -0.02106155 0.02632794 -0.043228623 0.040957082 0.028029053 0.0655176 0.13415687 -0.081268206 -0.0895901 0.19423197 0.019885821 -0.26797235 0.017503442 -0.082496844 -0.074628696 -0.01784571
133 -0.0072798864 0.114913076 -0.028489329 0.3026267 0.16204481 -0.10743789 0.054794014 0.030660309 -0.07456796 0.040303357 0.08239998 -0.14837731 0.15230182 -0.0930136 0.027221339 0.03176511
3 0.063251525 0.015653905 -0.0016813255 0.15968621 0.09229193 0.03740877 -0.027164454 0.054642957 -0.0130793415 0.041793842 0.07418385 -0.005331725 0.15766804 -0.09094298 0.0983582 0.053606175
328 -0.035059564 0.013212658 0.004093494 0.026184617 -0.010846807 0.03148494 0.030089024 -0.15936555 -0.0016756271 0.06353756 0.03875712 -0.14258409 -0.053742416 -0.08073872 -0.050721362 -0.051328212
403 0.001857082 0.025796888 0.016427262 0.2602265 0.18705843 -0.026876315 0.25405666 0.0017654252 -0.069621354 0.07610783 0.31630647 -0.16404743 0.23631212 -0.05386067 -0.02508283 -0.036214653
29 -0.15535127 -0.08045647 0.04408176 0.08591775 0.11586596 -0.026447387 0.103754565 -0.041983057 -0.03488626 0.18041392 -0.020067623 -0.16206793 0.124499716 -0.07106909 0.038233582 -0.0326506
291 0.13024259 0.08698152 -0.08562369 0.031505536 0.18417567 -0.08914494 0.2191805 0.015869118 0.0042220387 -0.09706957 0.16126373 -0.057914052 0.027187735 -0.15493721 -0.016365707 -0.029092716
206 -0.15824689 0.016912352 0.05061213 0.12440852 0.15421858 0.08614571 0.066884845 -0.09698253 -0.07348762 0.082924455 0.073751755 -0.15350328 0.14153408 -0.029041484 -0.03733562 -0.06316257
582 0.0010134546 0.06638726 -0.034447633 0.1836539 0.16164823 -0.07812843 -0.03020236 0.030317118 -0.02898468 -0.08696172 -0.018991627 -0.038780782 0.085048355 0.014581035 0.013793335 0.08097972
787 0.14963655 0.005002023 0.054708023 0.05224156 0.09256796 0.05016332 0.094380125 -0.022497907 -0.011704434 -0.024110168 -0.07537045 -0.07799701 0.0138702635 0.022204502 -0.060473755 -0.04256462
668 0.017718669 -0.19531466 0.03834829 -0.04552945 -0.07304008 0.14895475 -0.12707727 -0.021292448 -0.092452615 0.0054287175 -0.13644546 0.06450687 -0.1085998 0.021847194 0.039074954 0.06703616
230 -0.20253447 0.06433322 -0.06677568 0.21269296 0.13107717 0.004296335 0.07140024 -0.014203634 -0.10231963 0.17840955 0.12842207 -0.13724042 0.061007448 -0.1970919 0.039114214 0.020763535
573 0.1820474 0.0574929 0.08777822 -0.09717365 -0.08793977 0.00778097 -0.1003598 -0.038230315 0.077552475 -0.17590617 -0.2944467 0.16122897 -0.057690855 0.08474106 -0.077997096 -0.03204344
362 0.06834082 -0.053212207 0.04509946 -0.09855546 -0.1315778 -0.06268332 0.006699501 0.011077321 0.0058633056 -0.059000745 -0.059300788 0.102670744 -0.026873523 -0.079135194 -0.040717456 -0.012267479
575 0.09704686 0.05524367 0.057920225 0.03944204 0.07318431 0.021799246 0.07518422 0.042431723 0.038094394 -0.010297282 0.025777668 0.002565968 0.06447136 0.009243735 0.020289129 -0.02192883
752 0.069925144 0.037516255 0.051134948 0.02836561 -0.03368931 0.020588445 0.08766756 -0.1052711 0.033700746 -0.023851825 -0.020550063 -0.017937101 0.06575517 -0.050989058 -0.06380545 -0.020267058
597 -0.037197687 -0.0006750216 -0.036521435 0.054363284 -0.029174596 0.028927837 0.13057454 -0.06508601 -0.11476667 0.04081427 0.025914706 -0.102887 -0.012953961 0.009688487 0.0030665502 -0.10847932
130 0.016514754 0.09895887 -0.10911612 0.18649755 0.2544128 0.009864807 0.26842165 0.053581435 -0.078398384 -0.044519316 0.24149704 -0.17453994 0.13121124 -0.15744598 0.037598815 -0.056608662
222 -0.0027063838 0.032187685 -0.05781042 0.02039519 0.05635383 0.012434837 0.060003873 0.007182883 -0.028474484 -0.03671722 0.033495557 -0.06343679 0.035023116 -0.05573664 -0.037800338 -0.08599533
173 -0.11334278 0.07169046 -0.014301003 0.34043837 0.19235285 0.011307894 0.3421223 -0.016979454 -0.1568293 0.14585394 0.3350083 -0.26711556 0.3915855 -0.16052471 0.025555128 0.028298521
515 0.07179638 0.07569522 0.03951018 0.41222012 0.21710397 -0.052356433 0.34561664 0.06376614 -0.19164819 -0.0131027335 0.36928466 -0.25016943 0.37981176 -0.11727804 5.0190865e-05 -0.0016376121
165 -0.057303827 0.03542882 -0.04697049 0.10496539 -0.017098825 -0.018404817 0.13951051 0.039343324 -0.15619266 0.12772204 0.08595757 -0.16876492 0.064868174 -0.075774625 -0.018022416 0.017630607
34 -0.06119427 0.21730506 0.15882179 0.073767446 0.20284528 -0.13191241 0.14579225 -0.14684744 -0.048663333 0.07087467 -0.0063316813 -0.092208125 0.27866337 -0.16529022 0.013300696 -0.036647677
489 -0.098338425 0.12700637 0.012451943 0.092832975 0.13906413 0.039082337 0.0633579 0.032768253 -0.025857287 0.08932185 0.011931675 -0.10980013 0.095468916 -0.12111764 0.041672252 0.011595549
721 -0.021727234 0.16654544 0.009016144 0.30584687 0.14805931 -0.0007999197 0.19516203 -0.015452723 -0.15966251 0.092686504 0.13318431 -0.17713723 0.18627712 -0.0650562 -0.018857492 -0.060776245
11 -0.06980694 0.029804628 -0.037025772 0.06851644 0.13526426 -0.082713366 0.08987588 -0.07559566 0.037251685 -0.017178185 0.02601836 -0.08608744 0.108113274 -0.09562218 0.014930241 -0.06386462
606 -0.24809428 -0.0007261971 0.09403081 0.38696966 0.20843202 0.16723645 0.123432346 -0.11396783 -0.051485308 0.25544506 0.1510684 -0.054095216 0.08900964 -0.11642561 0.16885068 0.029398775
443 -0.20234571 -0.09767803 0.090090685 0.1184069 0.022698462 0.104915075 0.08228676 0.007372058 -0.08687538 0.13804857 0.018864684 -0.1629458 0.024305621 -0.057470802 -0.042041373 -0.037512142
149 0.011754204 -0.07324741 0.029429061 -0.068549134 -0.03726651 0.04191101 0.072032936 0.026488736 -0.03707154 0.03604525 -0.07151599 -0.10167153 -0.16642432 -0.015216654 -0.111404955 -0.080022775
699 -0.04185124 0.04886437 -0.07394904 0.17880541 0.07645349 0.019378984 0.10346436 0.11061034 -0.0697956 0.12999135 0.12975433 -0.1615259 0.116096176 -0.025609788 0.075583994 0.012543155
781 0.009311818 0.028305449 -0.06655486 0.04358332 -0.076678485 -0.061437324 -0.0044104373 0.15119481 -0.010128457 -0.12750451 -0.033758376 0.14581457 0.033567544 0.01619562 0.07141161 0.13356587
80 0.009884279 0.09093732 -0.10231536 0.10823463 0.15673064 0.029482847 0.17919967 -0.04743373 0.013647375 -0.03497112 0.14612141 -0.1188093 0.15268199 -0.15102115 0.019458136 -0.029803894
827 -0.033073153 0.07223254 0.010713662 0.23896539 0.17087294 0.096132524 0.09793883 -0.068475604 -0.18443431 0.18626553 0.08331659 -0.21606833 0.19304597 -0.13099241 0.08161041 0.007526854
404 0.02981718 0.05838191 -0.0012949752 0.17253155 -0.007083336 -0.032491174 0.085193686 0.023334136 -0.060089715 0.03625872 -0.03302184 -0.122513056 0.086837664 -0.05744014 -0.0072383583 -0.07906613
401 -0.12008985 -0.059838206 0.020492958 0.3802466 0.19269083 -0.0034565986 0.37849066 0.16354565 -0.26057076 0.16964385 0.34172776 -0.29720497 0.4571278 -0.21830267 -0.0051881685 0.04676739
657 0.13681969 0.10593497 -0.011997386 0.2984566 0.19433619 -0.1917896 0.259752 0.07192843 -0.16712013 -0.016016787 0.34988958 -0.08508588 0.3097412 -0.095943764 0.042552326 -0.0123223625
792 -0.026045302 0.008434701 -0.020760706 0.07795969 0.11404085 0.020140138 0.080967546 -0.006734036 -0.13440256 0.13017008 0.06275093 -0.09307273 0.035808623 -0.03499902 0.059954002 -0.04142709
179 0.05489313 0.11838293 -0.13604224 0.17296448 0.08237699 -0.1606796 0.13373801 -0.005539306 0.021993553 -0.07086085 -0.04373608 -0.1277136 0.23326159 -0.11046326 0.12797867 0.023821939
110 0.0030299055 0.08261949 0.0657043 0.24346797 0.0151187265 -0.07572492 0.053728227 -0.005708515 0.0057954816 0.10870568 0.05094132 -0.048912115 0.08081807 -0.09515285 0.0831395 -0.07211063
15 0.009776249 -0.006649676 0.06010706 0.13926712 0.16078751 -0.05085939 0.22531153 0.07455749 0.03855392 -0.07284185 0.18495454 -0.008431129 0.12494073 -0.13976924 0.015460186 0.026312632
159 -0.024663104 0.007539745 0.028785773 0.052166905 0.12808923 -0.036839582 0.10707198 0.041905463 -0.0669852 0.089410335 0.08188652 -0.06177503 0.117544726 -0.066760145 -0.07555568 0.041368257
197 -0.04963304 -0.028628422 0.012937146 0.124036975 0.10717555 -0.0533182 0.1893236 0.014639436 -0.07651474 0.16547437 0.03128213 -0.09705592 -0.015091958 -0.16910955 -0.0137457885 0.017806202
93 -0.003776967 0.11439182 0.09835568 0.050257098 0.19450974 -0.08950095 0.15003392 -0.11324388 -0.10962695 0.047905877 -0.010751095 -0.098675855 0.15683 -0.11047397 -0.016509678 -0.08619759
512 -0.018904647 -0.10353959 -0.02828172 0.0532127 0.17754748 0.06622403 0.20687018 -0.08868403 -0.10710032 -0.08788795 0.09793739 -0.19315961 0.021782128 -0.06457786 -0.17917445 -0.090498835
105 -0.14410888 -0.13144402 0.08063876 0.3072945 0.13935563 0.006406719 0.18956953 -0.012705281 -0.10627736 0.16860476 0.09026525 -0.08989853 0.121006675 0.013827332 0.036301184 -0.109446965
127 -0.021370469 0.012377649 -0.03306763 -0.00890848 0.13309102 -0.006957647 0.05406595 -0.00020033008 0.07091201 -0.13939631 -0.01170651 0.05611191 0.07201599 -0.046096627 0.007167803 -0.005657146
400 -0.0662183 -0.0351364 -0.026428947 0.03913549 0.14048754 0.1114214 -0.010573687 -0.025701623 0.0070606973 -0.038759913 0.027678536 0.007971946 -0.008784199 -0.054628715 0.05611622 0.031019563
150 0.04821112 0.1524056 0.04064581 0.15713051 0.36496204 -0.21819283 0.45345822 -0.005144823 -0.11354324 -0.11850904 0.34582457 -0.22193706 0.10340317 -0.2155573 -0.041977897 -0.064584434
514 0.031217135 -0.25920695 0.07869316 -0.14855433 -0.03186002 0.17550276 -0.09841034 -0.05953329 -0.024395198 -0.013896606 -0.1392211 -0.004637424 -0.22931626 0.12928544 0.05364955 -0.0024559244
152 0.002429628 0.030413613 0.044852242 0.108060405 0.09683851 0.15046498 0.0531517 0.012462655 -0.08705294 0.14579232 0.11852392 0.028054854 -0.060096487 -0.018742694 0.0056126113 0.036950752
13 -0.07333596 0.0640971 0.08819141 0.23166217 0.14623637 -0.00339539 0.21007003 0.036621604 0.026290804 -0.14779253 0.14311208 0.014166106 0.21035616 -0.16850352 -0.06988526 0.051794365
589 0.19857442 0.119938456 -0.053401925 -0.004389584 -0.00717847 -0.07008448 -0.022203814 0.05602604 0.2035443 -0.20048977 -0.14349331 0.076466285 0.020466724 -0.14158498 -0.051294103 0.086785674
649 -0.118591234 -0.12269524 0.0069513507 0.04131276 -0.08822522 0.069442116 -0.008861162 -0.10554165 -0.08541912 0.15060633 -0.060811 -0.15393987 -0.053686824 0.02433009 -0.033787165 -0.08766781
433 -0.079306126 0.025486495 0.010008108 0.15883473 0.059539486 0.018783744 0.09622887 -0.037678864 -0.100267544 0.029625867 0.20560357 -0.12935767 0.19330156 -0.030366635 0.058575902 -0.016033953
761 -0.18082294 -0.018953921 -0.03564719 0.19156936 0.08615185 0.0046294937 0.16846514 0.055811882 -0.13786443 0.25994876 0.1829853 -0.18450734 0.024477597 -0.11242458 0.0071390825 -0.050245784
293 0.039235126 -0.110437006 0.023596127 0.058564156 -0.007855838 -0.05906341 0.035748374 -0.06137405 -0.08495139 0.047396146 -0.004558071 -0.040602013 0.060522947 0.01586256 0.054320145 -0.027400054
38 0.12392959 0.21336429 -0.0524751 0.15404065 0.19030544 0.025833048 0.116523586 -0.014448684 0.085325815 -0.10089498 -0.05871155 0.051864464 0.15658842 -0.04572313 -0.039351095 0.09025455
634 -0.027324142 0.009517704 0.07674494 0.025953785 0.078209795 0.1432139 0.026815195 0.0155315595 -0.019195948 0.14991681 0.07959962 0.017917527 -0.019297302 -0.05047944 0.033277947 0.1003899
10 -0.09459863 -0.16225113 0.03243182 -0.12798612 0.03781292 0.03721625 0.03832543 0.03339845 -0.044541415 0.08258035 -0.115975216 -0.026443303 -0.15066299 0.03498341 -0.021707 -0.058606196
231 -0.22143844 0.07073667 0.01972113 0.15874676 0.080315016 0.013214411 0.10649396 -0.058752056 -0.1417094 0.10786231 0.12869044 -0.14986356 0.1204313 -0.011999713 -0.0085463645 -0.099902734
711 -0.0065933857 0.038967542 0.008312709 0.23096265 0.11094441 -0.017381838 0.19376124 -0.007023985 -0.14259054 0.16307805 0.14101331 -0.14840215 0.16039015 -0.11834085 0.04348693 -0.04946394
568 -0.025778383 -0.0982207 0.058160767 0.020304142 0.0149023505 0.054074038 0.009570911 -0.03477823 0.0022198583 0.000110517896 0.011032218 -0.06164702 -0.047094546 -0.001745489 -0.014924 -0.06173869
347 -0.07806078 -0.020799518 -0.0687555 0.06680458 0.02772163 -0.0026637504 0.074419305 -0.04127012 -0.15455537 0.14204024 0.04230352 -0.07462728 0.14960892 0.025749719 -0.009803282 0.007922224
646 0.06688241 0.15529035 -0.0895535 0.107091 0.09927574 -0.034989785 0.1138806 0.080361724 0.029454064 -0.16996756 0.05747968 0.054273628 0.044077948 0.02022889 0.07484574 0.080965936
131 -0.005258465 -0.061811045 -0.052309167 -0.014338867 0.0046584206 -0.13973597 0.21313156 -0.017868819 -0.08896666 -0.059664603 0.0961751 -0.092264764 0.039193224 -0.13693593 0.0010456957 -0.09500749
625 -0.03250258 0.1876494 -0.078743584 0.10712337 0.09165764 -0.023947649 0.08650888 0.039248552 0.0814494 -0.10009584 0.0316803 -0.04943309 0.19190194 -0.0072483956 0.102950655 0.0018577405
764 0.0062150536 0.01110924 -0.07886026 -0.037648983 -0.07315248 -0.04011313 -0.051246308 0.05005465 0.058962796 -0.04092966 -0.116092466 -0.069117315 0.024338255 -0.059898138 0.061005577 -0.018820386
598 -0.020950444 0.020704936 -0.021974258 0.15932326 0.088278316 -0.042493746 0.18604624 -0.00419648 -0.1464542 0.11898174 0.11521577 -0.18106303 0.124062866 -0.0843219 0.03057895 0.012466957
86 0.08270154 0.023072455 -0.00040958752 0.083040565 0.014725088 0.1048855 0.046428878 0.0966608 -0.056252375 0.024950236 0.09671547 -0.036036633 -0.004023052 0.030467717 0.04047709 -0.019253962
198 0.014819826 0.07573507 -0.008909039 0.32077003 0.17200951 -0.037983168 0.29995686 0.03797214 -0.16618031 0.024183756 0.35052386 -0.27130446 0.39262193 -0.2483912 0.060533714 -0.0017903217
407 0.098639704 0.084283955 0.016767077 0.21272863 0.23872249 -0.15236422 0.29594332 0.06156268 -0.12984996 -0.09490698 0.24020514 -0.052954003 0.30469942 -0.122766025 -0.027007472 0.031920753
241 0.058263928 0.028199749 -0.080322035 0.06642992 0.117651574 -0.06737156 0.22881524 0.033816453 -0.103972755 -0.056846663 0.027518995 -0.17789027 0.0006736801 -0.06240242 -0.06216683 -0.046949096
807 -0.08218973 0.0862815 0.062496323 0.105222866 0.17243223 0.035101492 0.14917102 -0.050956182 -0.07422995 0.052124154 0.109901264 -0.22266294 0.19679706 -0.026247257 -0.0859163 -0.14251423
484 0.03781805 -0.021883722 -0.07927709 0.14161858 0.08194122 -0.0059981775 0.117895894 -0.079903334 0.038924422 -0.06440209 0.00815904 -0.037742067 0.0054971226 -0.033017226 -0.08252192 -0.05124775
187 -0.006245925 -0.16200149 0.05829572 0.01234238 -0.007942505 0.109910384 -0.12308287 0.042435158 -0.07356682 0.025625775 -0.01122551 0.06144597 -0.15167172 0.08797965 0.059388936 0.0117051955
334 0.018555924 0.27697593 0.08704776 0.2004435 0.31487805 -0.26081452 0.22119758 -0.13439296 -0.1715925 0.0021927143 0.09156397 -0.2461935 0.4244317 -0.13761894 0.07629144 0.027405236
288 0.0038358294 -0.010837155 -0.060422093 -0.064307615 0.12803175 -0.10367916 0.15046385 -0.04438157 -0.05092278 -0.043387882 0.032533363 -0.037323423 -0.040809274 -0.13810132 0.020463072 -0.01193067
136 -0.04828505 0.0597834 -0.017866205 0.15060177 0.13503923 0.02026866 0.12987953 -0.021903334 -0.18327685 0.26529327 0.064543694 -0.23114242 0.15921405 -0.1254304 0.10064446 0.013445421
653 0.0056429016 0.06194885 -0.04998451 -0.06520815 -0.15318951 -0.10623243 0.096688025 0.05631511 -0.050824974 -0.032975733 -0.106997445 -0.026140729 0.019577552 0.028898904 0.042773645 0.05257601
363 0.10508134 0.07328797 0.053435095 0.060630437 0.051942695 -0.00038461556 0.039358586 0.06083297 0.05388451 -0.09293269 -0.013449545 0.062659934 0.03627044 -0.069285266 -0.102994114 -0.04978394
635 0.11527283 0.10105389 -0.09510932 0.44053426 0.32387653 -0.030764401 0.43770143 -0.003690376 -0.11985126 -0.0004022874 0.36962608 -0.3290693 0.3160236 -0.1472995 -0.0924694 -0.012637342
410 -0.089563206 0.14041878 -0.033517234 0.046202436 0.10823777 -0.0037984313 0.09607529 -0.027935494 -0.048289467 -0.027872639 0.012241425 0.0064000254 0.13556243 -0.08943908 -0.014335198 0.062025208
703 -0.039622728 0.05874103 -0.023893856 0.24630256 0.1327909 -0.047258586 0.15823796 0.14098561 -0.14481589 0.099399194 0.19139302 -0.24489436 0.108541526 -0.10355636 -0.075702816 -0.014817789
483 0.0055029616 -0.05740504 -0.06724151 0.06493052 -0.061766095 0.014174791 -0.006778837 -0.044455715 -0.10642428 0.086486265 -0.07858008 -0.0729589 -0.059841536 -0.022986416 0.010093342 -0.025640374
493 0.14280984 0.057760146 0.0008989662 -0.08953615 -0.004960632 -0.026567979 0.09444044 -0.057852607 0.034478717 -0.067116834 -0.039117355 -0.081977285 0.019520676 -0.15315416 -0.012411706 -0.02879967
614 -0.060751397 -0.07363003 0.093499854 0.027237952 0.1335285 0.054838907 0.12311654 -0.0022883364 -0.026936986 0.0358761 0.0635543 -0.14907783 -0.004858366 -0.04132501 -0.07908273 -0.00042584824
595 0.017369764 -0.02483756 0.030731916 -0.0074358373 -0.049762685 0.033576354 0.07462951 -0.121432826 -0.0054824078 0.020962376 0.023561142 -0.090905726 -0.035201833 -0.006936077 0.024401272 -0.14687397
204 -0.13649172 -0.029981183 0.023587488 0.011608025 -0.048834454 -0.042041734 -0.11149026 -0.09248168 0.028405478 0.007486145 -0.18190625 -0.05968915 0.010944642 -0.084856674 0.11341745 0.05001267
694 -0.15097359 0.052481364 0.08489409 0.043591242 -0.016075533 0.03554765 -0.051967688 -0.10974838 -0.002238111 0.02405713 -0.093093954 -0.107035585 0.13076164 -0.06862877 0.016282754 -0.010427495
286 -0.116297364 -0.050213628 0.04161886 0.17334951 0.15475152 0.039985668 0.23051366 0.093915254 -0.08565032 0.09050976 0.1663799 -0.1732708 0.16981865 -0.021449428 0.05880561 -0.096119866
486 -0.09363058 0.09838556 0.030476686 0.41819325 0.24854627 0.10440459 0.18399605 0.006171555 -0.10434153 0.13607726 0.1538385 -0.11498551 0.24461257 -0.20852466 0.13668142 -0.0022662964
18 -0.07185958 0.07275499 0.08459592 0.21359344 0.16877435 -0.07773205 0.1587569 -0.08808289 -0.12647003 0.010984748 0.11100912 -0.056734014 0.03400453 -0.102977 0.020988017 -0.042138472
326 -0.06091185 -0.0006394058 0.027594363 0.0023065233 0.038176503 0.048075855 0.030612491 -0.02206912 0.030052075 0.084873736 0.004674593 -0.12786345 -0.073409215 -0.066094525 -0.0050453683 -0.07718746
520 -0.009153719 0.1291316 0.05862332 0.15945135 0.20232278 0.047686964 0.124118246 -0.03355549 -0.008866919 0.03131359 0.22545838 -0.11528548 0.23853175 -0.015468348 0.0042235903 -0.051941585
607 -0.037010603 -0.014911558 -0.04827239 0.064633116 -0.040584967 -0.012845554 0.051400084 0.006749163 -0.07080917 0.138929 0.027173556 -0.08302424 -0.031693473 -0.0034014054 -0.07275141 -0.05977232
132 -0.06397616 -0.06220915 0.028344948 0.07439678 0.0454772 -0.042800482 0.044631165 -0.03620353 -0.05860047 0.194938 -0.0009810947 -0.17889939 0.11577923 -0.121948384 0.041289706 0.015570643
651 -0.23732723 -0.052128218 0.08800429 0.13032626 0.10008646 0.14076643 0.08101944 -0.056068797 -0.088311926 0.16580173 0.124878794 -0.16714297 -0.017051525 0.0016620662 0.056348063 0.022415034
621 -0.06321829 0.07075628 0.000927529 0.11701858 0.23288137 0.029287359 0.26740208 -0.06900013 -0.0401287 0.024684869 0.09146824 -0.13129091 0.03726784 0.0071154134 -0.06284676 -0.022137461
233 0.11223298 -0.056147065 -0.030401984 -0.25163376 -0.043389603 -0.018304523 -0.02149824 -0.07461031 0.043139037 -0.07881184 -0.03952329 0.06510775 -0.24658662 0.0016726298 -0.09939249 0.025549952
203 0.003123702 0.17486711 -0.057459284 0.12891807 0.22493048 -0.044075016 0.13521394 -0.08760204 0.0053056856 -0.107734516 0.135127 -0.11228981 0.18176174 -0.14810169 -0.084198736 -0.06020473
114 0.007142524 -0.24543867 -0.05115595 -0.06237407 -0.1318325 0.16917047 -0.021852836 -0.013662649 -0.160803 0.12084106 -0.121634595 -0.104369454 -0.15798445 0.024806 -0.1115003 -0.07646608
281 0.026435636 0.12561867 -0.0020066488 0.050878055 0.18351868 -0.026132109 0.17231788 -0.045465946 -0.008875254 -0.018006548 0.027126335 -0.046043064 0.16936089 -0.08874033 -0.020868761 -0.048837755
603 0.07319904 0.043679573 -0.018105477 0.14677426 0.16029681 -0.04468758 0.17718697 -0.04251772 -0.11054005 -0.04544355 0.14021417 -0.023671512 0.110413566 -0.035909954 -0.05525537 -0.037441786
353 -0.16228935 -0.0760656 0.07656116 0.076459534 -0.038125094 -0.030222919 0.1476111 -0.009721764 -0.14600015 0.15034474 0.06003669 -0.13758534 0.08475457 -0.12425193 0.0005548793 -0.009454225
783 -0.1728525 0.09475614 0.038924113 0.2870604 0.20650342 0.041760925 0.16443996 -0.080799714 -0.06043559 0.075428694 0.15322803 -0.1897898 0.30364162 -0.15046084 -0.051280566 -0.047817063
566 -0.049562 0.091214076 -0.0044901376 0.061317965 -0.014252614 -0.066985324 0.041857243 -0.04193807 -0.173161 0.14083654 0.022994831 -0.1430951 0.10024719 -0.06903769 0.109205745 -0.037241206
619 0.015449426 -0.11825563 -0.018275602 -0.076189406 -0.04062625 0.028755296 0.043562036 0.07881121 -0.021440126 -0.022329438 0.012045044 0.0018367488 -0.07374246 -0.03608982 -0.033096608 -0.044192027
248 0.00915016 0.06255355 0.029038087 0.10369625 -0.018828943 0.059651203 -0.06787036 0.14516924 0.006364418 -0.06684521 -0.0688068 0.10175057 0.055813022 0.069584765 0.065948054 0.10839564
327 0.117917016 0.067363545 0.017421516 0.09661791 0.14018327 0.009851234 -0.053835552 0.07284955 0.13969702 -0.104462706 0.007698312 0.06874224 0.097388975 0.023931762 0.05047307 0.042969745
605 0.04907887 0.061707802 -0.075172596 0.06390349 -0.0004154602 -0.0116429385 -0.023298955 0.04768388 0.054782424 -0.018693194 -0.04981894 0.122479536 0.029611358 -0.025575278 0.113746285 0.09845158
744 -0.005146155 0.006845815 -0.027879799 0.0042800438 0.053249482 0.05586648 -0.022121344 -0.043238968 -0.058805134 0.026149778 0.06321325 -0.03304682 0.042340994 0.056117587 0.05500815 -0.011155815
823 -0.0054266267 0.012104492 0.03452519 0.077242665 0.123847306 0.08790879 0.04963088 0.03445552 -0.074866004 0.14348187 0.0389219 -0.03448415 0.040023033 -0.10998701 0.05249802 0.060986143
256 -0.014533055 0.07340214 -0.069042325 0.23914737 0.06142063 0.033792067 0.20662203 -0.008034867 -0.19760798 0.08099372 0.1354224 -0.16086079 0.047419548 -0.06831563 0.044722244 0.039408546
333 0.18624012 0.11243974 -0.11511553 0.1098761 0.17408817 -0.10343368 0.056300163 -0.008567027 0.059000734 -0.16276349 -0.06595695 0.017664408 0.08705829 -0.024190247 0.0082101235 0.044312853
576 -0.09706056 0.011930022 0.10946482 0.19245188 0.17334689 0.0050483807 0.1504843 0.008159948 -0.04245518 0.072187565 0.33437556 -0.18746428 0.21818255 -0.03966073 -0.050526805 -0.0066619464
411 -0.02242623 0.11202133 -0.053684264 0.2318599 0.2030224 -0.04337397 0.32422072 -0.017351124 -0.12418125 0.09069653 0.3269764 -0.31398532 0.22843128 -0.0923357 -0.050584923 -0.042873606
147 0.0032724948 0.038839135 -0.033354238 0.1281855 0.14388977 -0.016698392 0.12338526 0.02215162 0.04894177 -0.059942465 0.09191915 -0.03593017 0.10160501 -0.11359911 0.027753562 0.043106977
55 0.06275761 -0.043716017 0.04642075 0.009866887 0.08960767 -0.1718069 0.13626154 0.017173199 -0.07463025 -0.07124424 0.05540351 -0.04552215 -0.04164987 -0.16802552 -0.08648651 -0.046520527
181 -0.0047220085 -0.03553233 0.06862364 -0.024658076 0.1763762 0.09504101 0.12667719 -0.059435643 -0.0427619 0.018899877 -0.009078865 -0.025000883 -0.02275554 0.010021374 -0.033591352 -0.009470454
447 -0.015632097 -0.2788459 0.011653536 -0.118139714 -0.11453674 0.105655275 -0.12412932 -0.07204568 -0.03202865 0.036345743 -0.08779537 -0.039854903 -0.2552635 0.13113368 0.007158192 0.02250667
819 0.06852403 0.01990536 0.08616298 0.03566638 0.031301565 0.049533598 0.063604005 -0.08678943 -0.017463444 0.015763206 -0.027711837 -0.019937942 0.07987813 0.0041599646 -0.037207738 -0.08118715
501 -0.1450005 0.09990165 0.045100223 0.19154178 0.21587327 0.11007865 0.19804245 -0.017558828 -0.14438096 0.08578336 0.26788968 -0.20197542 0.28823686 -0.13429616 -0.030413814 -0.04026089
670 0.029081015 -0.019317063 0.037071425 0.24498059 0.25393197 0.023650384 0.22693643 0.12936673 -0.11186612 0.088497646 0.33765453 -0.12605587 0.29903403 0.010663452 0.0056827124 -0.052109487
521 -0.0794845 0.06587566 -0.0045872554 0.25736037 0.28188625 -0.046875313 0.26812863 0.033682108 -0.08633651 0.04556511 0.36624035 -0.24071968 0.3211494 0.026237871 -0.074751765 -0.08296049
797 -0.1722826 -0.19513567 0.060305256 0.016722279 0.06507991 0.17299092 -0.039769813 -0.10177952 -0.08961165 0.042470142 0.020100944 -0.114754274 -0.14508028 -0.0025776955 0.03235428 -0.047360443
98 0.068201415 0.057747055 -0.046852868 0.084015995 0.10774914 -0.07858342 0.13860817 0.06978599 -0.017947702 -0.021939838 0.04548303 -0.06874521 0.12562662 -0.111786425 0.08621101 0.031422183
85 -0.0077830004 0.015591236 0.007527938 0.039577372 0.09447763 -0.01928264 0.021399444 -0.006109114 -0.038622685 0.047730852 -0.038552266 -0.050138928 -0.026431337 -0.031370766 0.019052561 -0.0690853
830 -0.055168144 0.027730932 0.039843086 0.15518959 0.06528448 0.044134468 0.015693417 -0.010512332 -0.13350566 0.098942496 0.02732319 -0.14671068 0.098750025 -0.05838726 -0.06575668 -0.068370685
62 -0.08067626 -0.06484612 0.008525847 0.08637379 0.08496476 -0.051672164 0.13991182 -0.067282245 -0.05158305 0.123915814 0.042905323 -0.097886845 0.057221454 -0.12209773 -0.010483268 -0.06403149
373 0.012402048 -0.06625233 0.033295386 -0.0342998 0.04607584 0.04590188 -0.05435563 -0.017279252 -0.08486136 -0.018258678 0.025041683 0.02045994 -0.055977173 0.067324154 -0.056740135 0.07080399
20 -0.035770793 0.10697016 0.087833665 0.15060434 -0.008289854 -0.021838248 -0.019332245 -0.03141543 -0.011408184 -0.06048338 -0.031056892 -0.008045939 0.0048162327 -0.11525339 0.04386339 -0.011057636
451 0.052825507 -0.042911142 -0.030029573 0.065988615 0.014176628 0.04757245 0.13199 0.032179043 0.013616561 -0.10885065 0.03863827 -0.0019305623 -0.02588717 -0.10432365 0.0062908973 -0.07787356
260 -0.11611632 0.035048217 0.015387443 0.11540199 0.11136965 0.00019172713 0.15246323 0.019607179 -0.069053866 0.013167713 0.0475174 -0.083918214 0.13127904 -0.13366047 0.03795831 0.016285047
129 0.034806658 -0.03561843 -0.036757797 0.06257736 0.025306592 -0.0073178476 0.17897186 -0.066172056 0.021675345 -0.029905336 0.099534914 -0.1566512 0.07928561 -0.09753565 -0.029609805 -0.004437429
652 -0.07161492 -0.13996178 -0.041272607 0.05316165 0.051432073 0.16860905 -0.037172914 -0.10684159 -0.03604294 0.078650534 0.05984271 -0.024871975 -0.0938 0.031892452 -0.03205983 -0.05280948
259 -0.04663284 0.05609804 -0.058622234 0.081446394 0.044406723 0.08456366 0.060012136 0.10501197 0.05200178 -0.07269675 0.06537988 0.1352588 0.12544674 -0.049748074 0.092056796 0.09255479
58 0.038176246 -0.032930683 -0.004884002 0.053974003 0.12334072 -0.028243838 0.04769403 0.015163697 0.037146915 -0.028775565 0.007695947 -0.09702444 0.04725024 -0.0024944255 -0.040753122 -0.059599295
153 -0.061626066 0.0058017424 0.0206745 0.077445686 0.076714166 -0.06572724 0.10510546 0.004365801 -0.0012958198 0.016264487 -0.018446108 -0.031845134 0.12895045 0.0030587828 0.024438754 0.004636762
816 -0.10190617 0.08741177 0.055558585 0.1600703 0.1422026 -0.06925924 0.19874705 -0.11950806 -0.09713566 0.14886682 0.012592252 -0.16010353 0.21254195 -0.18478367 0.07136244 -0.069841094
409 -0.038444996 -0.03686845 -0.05408777 -0.007405671 0.033038616 -0.05542736 0.014080603 -0.06792573 -0.052621774 0.00912927 -0.022670692 -0.13251823 0.12280319 -0.015673226 0.04389895 -0.015926275
191 -0.033773713 0.08985721 0.08382246 0.17986475 0.16225603 -0.008977246 0.095324874 0.014767679 -0.021599108 0.025819281 0.23598722 -0.16733228 0.19739138 -0.105911694 -0.073677994 -0.01158393
299 0.07746081 0.10934595 -0.070085 0.20366846 0.130679 -0.014939568 0.09081346 0.05032906 0.045534357 -0.08611374 -0.012578266 -0.008291508 0.097439624 -0.10837743 -0.0049815536 0.021490218
168 0.1070424 0.08363492 -0.038749605 0.16112465 0.10050849 -0.029533884 0.13085516 -0.03350865 -0.007479827 -0.093143836 0.09043107 -0.05373675 0.14341521 0.0021472303 0.03596665 -0.0016130605
307 0.017966714 0.09595867 0.120545805 0.15063703 0.15811346 -0.039169673 0.20309028 -0.03860105 -0.09590059 0.06464309 0.11363893 -0.14587033 0.17328894 -0.096204266 0.020707363 -0.020840783
682 0.049152683 0.076400466 0.01283856 0.1602901 0.09853218 -0.09012119 0.19143385 -0.00097317743 -0.13489908 0.02245494 0.2148339 -0.16485831 0.09148572 -0.16843447 -0.011586303 -0.065014444
824 0.09378855 0.0692971 -0.107287966 0.35238668 0.31616935 -0.023816286 0.3299257 0.0040023485 -0.18742289 -0.05058084 0.24037741 -0.29450902 0.22080415 -0.16829748 -0.14268707 -0.060994204
115 0.008055527 -0.18080087 -0.014207031 -0.16823709 0.07105154 0.04770708 -0.018772341 -0.055122614 -0.042724792 0.016168926 -0.12024019 -0.079970516 -0.2976435 0.121906 -0.16128676 -0.07044327
510 -0.045650825 0.046499 0.094000876 0.15845282 0.13835306 0.04389984 0.13825892 0.055343814 -0.067496695 0.050137535 0.2459352 -0.16469145 0.17923947 -0.12316948 0.03799793 0.02631828
393 0.002069694 -0.07479832 0.06694428 -0.056997493 0.029516058 -0.01823471 0.07445778 -0.0678187 -0.027517783 -0.037415348 -0.026353873 -0.09288369 -0.112971656 0.08366221 -0.13517869 0.01413623
188 -0.15547231 0.111134484 -0.005956215 0.2725018 0.23856777 0.031110728 0.12615722 -0.08508422 -0.028986864 0.19196433 0.11434658 -0.083759464 0.15033294 -0.13773651 0.057519432 -0.046221174
774 -0.0002499231 -0.023302484 0.037906375 0.2465299 0.16526291 -0.022697404 0.12811159 0.041867867 -0.06632002 0.08339251 0.24932335 -0.17295301 0.22521777 0.030298278 0.0104124015 -0.006339595
345 -0.08125164 -0.1528007 0.053606454 -0.05081785 0.009835156 0.14163943 -0.071863204 0.038817983 -0.103891455 0.09116683 0.005777814 0.023940265 -0.12509945 0.09943554 0.06865193 0.019630926
539 -0.0037373863 -0.035576556 0.017859522 -0.0031627975 -0.022846753 0.02146294 0.04283234 -0.036351856 -0.023965705 -0.046322126 0.0052500423 0.0014558318 -0.049506694 0.03835338 -0.0765357 0.0043991436
212 -0.080516554 -0.16897748 0.07532406 -0.022990251 -0.09589854 0.06705452 -0.033686597 0.004233767 -0.008486588 0.019347541 -0.06818338 -0.021562431 -0.14589608 0.06368153 -0.06342949 0.017522406
427 -0.006182595 0.062176865 0.012713484 0.12207498 0.10917736 0.049138527 0.073360346 -0.067263745 -0.028522698 -0.058243304 0.14142248 -0.04430687 0.021145858 0.022039292 -0.04212222 -0.08377795
314 0.085040085 -0.017941976 -0.07063276 0.057968 0.036374412 0.090751424 -0.020144615 0.10309879 0.09107388 -0.12286451 0.030875197 0.10024713 -0.06840251 0.10461868 0.0051264125 0.11644512
83 -0.024843207 -0.0399912 -0.035502788 -0.07727431 -0.0396778 0.093766876 -0.1219084 -0.060915943 -0.10426073 0.08255847 -0.03589791 -0.060265794 -0.14805944 0.12109441 -0.14647709 -0.010626607
236 -0.09404929 -0.036010865 -0.0009626461 0.038923185 -0.033528376 -0.04194921 0.0146624 -0.010965154 -0.004843644 0.14740986 0.062711366 -0.068965755 0.120867506 0.017931797 -0.014782415 -0.025115715
25 -0.009896588 0.0797047 0.012651451 0.17859907 0.17467058 0.014903572 0.19516544 0.040231112 0.0048906277 0.078764856 0.059605572 -0.103635624 0.0585481 -0.11134998 -0.06928025 -0.029861223
19 0.04016556 0.046391267 0.050309848 0.16018899 0.08329273 0.018940348 -0.03293141 -0.045003325 0.08914775 -0.08116827 -0.07747591 0.045428783 0.04837517 -0.05257167 0.061807826 0.07299278
35 0.022458773 0.055966016 0.080541536 0.08289001 0.11164619 -0.033132326 0.059866857 0.03303126 -0.08575662 0.055469185 0.020361882 0.027442923 0.1073459 -0.061088137 -0.00449363 -0.011410079
117 0.056009524 0.06973789 -0.02215503 0.113589525 0.11332495 -0.067395635 0.009474395 0.04718288 0.07576762 -0.14143325 0.03968053 0.051238824 0.037368562 0.008102993 0.07776541 0.05422106
622 0.0771452 -0.05653498 -0.08465432 0.038512852 0.12918246 0.057319596 0.064032674 -0.04650344 0.018514432 -0.016273888 0.0058598006 -0.02654756 0.014748318 -0.065446004 0.04410982 0.06009404
724 0.023015793 -0.013896695 -0.09940821 0.05564819 0.060879827 0.0196365 0.017307024 0.03855652 -0.061090738 -0.04089219 0.037822206 -0.0328894 0.05843042 0.022703718 0.07240201 0.056420274
522 -0.1389262 0.00036035408 0.0471173 0.106851846 0.08038817 -0.03628781 0.08663337 0.010377443 -0.037489265 0.14152145 0.0037583373 -0.14578572 0.1952896 0.01609751 0.061016705 -0.04264366
438 -0.044862054 -0.05457621 0.07555581 0.03365399 -0.04039342 0.06466753 0.0044015385 -0.08273624 -0.18267849 0.24206465 -0.085760154 -0.07968536 0.0531352 -0.09746406 -0.0069284244 -0.08469299
126 0.06925838 0.07647343 -0.0196143 0.0877504 0.19274335 -0.024730587 0.1529012 -0.020127337 -0.013657551 -0.09760498 0.22178125 -0.10114178 0.13665843 -0.18153995 -0.074297994 -0.036671642
428 -0.01773174 -0.0297239 -0.00849957 0.004126799 0.07801455 0.071664065 -0.06346915 -0.039361365 0.018217599 0.00018533916 -0.021771656 -0.0016559564 0.0036033727 -0.022619007 0.07944607 -0.010826738
223 -0.0949806 -0.07022733 -0.035571206 0.08811425 0.13787957 0.02957922 0.1477016 0.02406905 -0.016749334 0.026819276 0.053376254 -0.04704229 0.07939539 0.022380501 -0.08322701 -0.08338858
221 -0.02224372 -0.037710615 -0.0056398367 -0.08670591 -0.08293972 -0.061195936 0.026513558 -0.02805049 0.04517281 -0.040191304 -0.060730617 -0.012071573 -0.08719722 -0.034822445 0.055159982 -0.065503575
52 -0.008634856 -0.06539982 0.0034261828 -0.052425325 -0.020479314 -0.05003507 0.066415705 -0.05995272 -0.060740605 0.012469626 0.014504176 -0.104816146 0.010753841 -0.023832642 -0.04059288 -0.0881998
14 0.00826714 0.06383495 -0.008938765 -0.022839498 0.03333738 -0.069960155 -0.019470109 -0.003332329 0.053411186 -0.050525244 -0.056985773 -0.004609514 0.0027599542 0.019680785 -0.017565621 0.03823574
654 -0.12403053 0.13116668 0.11145404 0.056749955 0.099116236 -0.20687765 0.17570934 -0.118950814 -0.10947924 0.15592843 -0.0694783 -0.21494837 0.23892981 -0.14369132 0.059646342 -0.06233416
101 -0.05699314 0.05740665 -0.040518627 0.046235826 0.099708974 -0.013140968 0.072152704 -0.02798019 -0.11083146 0.048266593 0.051511627 -0.036194123 0.103901885 -0.07195871 -0.0197006 0.037541877
306 -0.021811925 -0.037809994 -0.06680424 0.2167591 0.16184844 0.017234268 0.118545 0.010097231 -0.21251047 0.16612256 0.092222854 -0.12520152 0.13983546 -0.08085303 -0.03063972 0.04536423
235 -0.019368878 -0.0082744425 -0.01911645 0.31192863 0.16379374 -0.09806995 0.22018367 0.09328208 -0.14918068 -0.018832445 0.27281478 -0.19873025 0.30966794 -0.08314085 0.07171784 -0.0013041323
189 0.022147737 0.06763441 -0.011683252 0.16163948 0.11224683 -0.013620835 0.047619272 0.016797949 0.008713258 0.0059067234 0.08990647 -0.086544335 0.08733838 0.016358763 -0.06204272 0.018372007
525 -0.1489773 0.04656747 0.027356368 0.17574856 0.113193445 -0.10935958 0.1023188 -0.12110257 -0.18193677 0.16932006 0.1215663 -0.22636113 0.23148917 -0.10191359 0.05501664 -0.06985993
678 -0.13917229 -0.15466595 0.0695966 -0.062177576 0.043410297 0.11381926 -0.1158809 -0.08918276 -0.08026143 0.11077249 0.007360544 -0.013709202 -0.08851651 0.030119367 -0.038899764 -0.049139168
57 -0.052495304 -0.03729587 -0.059363525 -0.016218897 0.08735888 0.007849212 0.01838521 -0.071798354 -0.10386573 0.015139613 0.036564264 -0.16557357 -0.060408067 0.020788264 -0.07417123 -0.11185992
344 0.03723707 0.03997938 0.025639607 -0.07433002 -0.036255796 -0.019242268 -0.014375868 -0.024736673 0.09752949 -0.11705389 -0.023663726 -0.040646773 -0.017600985 0.021128412 -0.017542297 0.033268172
9 -0.04384405 -0.08574342 -0.020771693 0.08814909 0.10755608 0.03727158 0.16627166 0.054208614 -0.13174418 0.054952797 0.07706788 -0.13312033 0.101982936 -0.10647846 0.0010357067 -0.08356783
741 -0.006828411 0.04637192 0.003175139 0.21051505 0.12833464 -0.09940552 0.18341193 0.058789752 -0.16301446 -0.0066527287 0.24262647 -0.09818428 0.24398224 0.0050243554 -0.07949021 0.023802705
626 -0.1113 -0.040242724 -0.04194401 0.12089029 0.057261948 0.12691177 0.024358602 0.0018229537 -0.032997433 0.07267057 0.037438072 -0.068305925 -0.009540126 -0.02448642 0.07663906 0.02394021
618 0.05103492 -0.031654004 -0.009795254 0.003036143 -0.056588143 0.045791548 -0.025166713 0.022571899 0.01433417 -0.04887427 -0.1372121 -0.0055898856 0.009826025 -0.033485446 -0.07571818 -0.045048
766 -0.04505703 0.01543845 0.046738666 0.17658146 0.007780703 -0.020233814 0.12148055 0.03665158 -0.13397965 0.27550787 0.102655984 -0.15493137 0.112594284 -0.044426687 0.11846077 0.06144822
166 -0.04472607 -0.046052277 0.012435758 0.08817379 0.0737264 0.08096064 0.11738613 -0.025640871 -0.08506071 -0.015903402 0.07308058 -0.04428462 -0.008550769 -0.008977704 0.024144297 0.06474388
542 0.0060460893 0.06639477 0.023593701 0.21325323 0.14242534 -0.003559619 0.085862845 0.017106293 -0.11259019 0.06500632 0.14478526 -0.14062475 0.167296 -0.053876124 -0.08872196 -0.005282578
612 -0.033657216 -0.0044594826 0.004036041 0.21597546 0.18238005 -0.06777916 0.12404282 0.019034678 -0.016760532 -0.038214132 0.13870305 -0.1427584 0.068153165 -0.06190598 0.018093284 -0.0046902047
66 -0.072671324 -0.010362733 -0.05760782 0.14843988 0.115303166 -0.030252483 0.16173351 0.082790576 -0.15608636 -0.013360023 0.1530368 -0.017654954 0.002053434 -0.14001642 -0.0062686466 -0.07313246
264 -0.053134665 0.085419886 -0.027969401 0.11654345 0.1360296 0.019909088 0.07355387 -0.041496325 -0.15393196 0.08982666 0.05688303 -0.12908985 0.10892613 -0.0151332775 0.045918085 -0.020849375
786 -0.06462683 -0.004360827 -0.046459004 0.13376014 0.07411841 0.022935592 0.06939869 -0.019501861 -0.09566772 0.07134139 0.069788344 -0.02906947 0.027428336 0.008950239 -0.019000039 0.08742645
434 -0.07139045 0.043697897 -0.011341977 0.24531506 0.16015819 -0.011638946 0.19996147 -0.059759963 -0.06790732 0.032336384 0.18711235 -0.075347304 0.21935177 -0.058636114 -0.0038956157 0.029254561
817 -0.022877274 0.027228566 -0.05223118 0.22934744 0.2626302 0.055266656 0.21801326 0.008400169 -0.10336054 0.10911371 0.31375217 -0.16796735 0.26422504 -0.08698738 -0.064778686 -0.02217224
185 -0.013898963 0.07606538 0.054635417 0.13362771 0.105271004 -0.019926902 0.20499617 -0.009815944 -0.120957606 0.026040094 0.11422736 -0.063833624 0.24142128 -0.105391584 0.006291052 -0.013107801
202 -0.035969622 0.08258444 -0.045420725 0.15097253 0.08028006 -0.025108844 0.23650147 0.020792073 -0.07354882 -0.01964577 0.27904508 -0.16017738 0.24635966 -0.10775096 0.056944218 0.037961267
776 0.028492108 -0.18641573 0.012196408 -0.09814394 0.09602412 0.04743076 -0.0019844612 0.031020058 -0.09117153 0.07581323 -0.07126032 0.0026475403 -0.18707138 0.0055549624 -0.049529754 -0.07921037
31 0.05366252 -0.03375606 -0.060171798 0.019782372 0.050633695 0.06493562 0.007771422 -0.010089795 -0.073486656 0.010820614 0.004219301 0.006787301 -0.006722821 0.025254114 -0.01612668 -0.033754688
777 -0.014340832 0.12359709 -0.06617586 0.11324342 0.085091405 -0.053659722 0.16873994 -0.07715626 -0.089034654 0.113280915 0.17257495 -0.13593695 0.15890843 -0.1354983 -0.0057633403 -0.08680905
642 -0.1884195 -0.005397602 0.03594106 0.12452163 0.05249766 0.09267594 0.017571326 0.010549216 -0.14815642 0.20180325 0.018028513 -0.16611555 0.071080595 -0.10973266 0.0988898 0.018934188
330 -0.09121066 0.12386129 0.10455334 0.087222025 0.18121381 -0.05224423 0.14147022 -0.101598434 -0.15548937 0.13842006 0.021890886 -0.20141344 0.21322626 -0.15479349 0.07875359 -0.047190458
201 0.007263171 -0.03711165 -0.022665663 -0.075769305 0.14116703 0.03658468 -0.0070276028 -0.048949238 -0.071215674 -0.072004244 0.040095244 -0.032448288 -0.0807641 -0.010071184 -0.015699267 -0.078314476
826 -0.15190339 -0.010464942 -0.016073441 0.16933522 0.17957726 0.09587387 0.10633 -0.06955261 -0.07613387 0.0647859 0.17451534 -0.107748695 0.17333727 -0.033904757 0.03909221 -0.0030566538
463 -0.015522349 0.089953065 0.06729817 0.024177648 0.1683904 -0.10059036 0.18598072 0.03253458 -0.059430573 -0.107173674 0.03217301 -0.15457702 0.036257807 -0.0068578874 -0.041193273 -0.08594829
387 0.035440877 0.04436546 0.049372494 0.07610931 -0.058393896 0.040609695 -0.013860144 0.05131167 0.054605305 -0.078491084 0.049753297 0.13627477 -0.036076568 0.11632663 0.066431604 0.023353444
640 0.03466241 0.025802016 -0.056119572 0.20735078 0.18028268 0.035679225 0.12588942 0.0034737336 0.048572026 -0.009295464 0.22951835 -0.04801307 0.2516959 -0.13655926 0.027893757 -0.058326926
556 -0.04414567 -0.04847052 0.045854293 0.06909647 0.17727897 -0.016658574 0.15268774 -0.07868222 -0.124607585 -0.009511027 0.12575912 -0.149043 0.062392063 -0.043817516 -0.10454041 0.005039635
139 -0.1088023 -0.08270181 -0.00010388782 0.04207717 0.029730242 0.04980869 -0.038804006 -0.063069366 -0.060210347 0.14111745 -0.022671666 -0.056830563 -0.019912928 0.026879318 -0.058236297 0.015042582
557 -0.07106954 0.11590365 -0.03977464 0.2513528 0.15300938 -0.058467552 0.20523961 -0.051969472 -0.09478555 0.04432943 0.27776784 -0.21646611 0.21539702 -0.15074173 0.062332764 -0.00028998303
160 -0.052111655 0.029170176 -0.016602797 0.15363146 0.048475187 0.049477708 0.09209681 -0.023548715 -0.054182015 0.082558125 0.080505595 -0.113738686 0.070466384 -0.022460284 -0.03129319 0.010592176
569 -0.02241484 -0.049686603 -0.039399758 0.04388559 0.08877681 0.10102195 0.060315814 0.057462797 -1.1572265e-05 -0.045665152 0.087197274 0.07897064 0.05053005 0.08276791 0.028462192 0.04517827
425 -0.010213409 0.07708641 0.048024394 -0.037798867 0.070032485 0.037996136 0.07330879 0.044203848 0.062053002 -0.073339455 0.068035856 0.037093274 -0.003290348 -0.029224481 0.040567297 0.03965488
543 -0.068025485 -0.0881569 -0.016823806 0.02498157 0.045661777 0.02051727 0.009821312 0.027083697 -0.0064023975 0.06547226 0.047352053 0.028493028 0.0034318466 0.045726772 -0.03334684 0.011926673
295 -0.0953417 0.042397827 -0.014928491 0.28296825 0.025019925 -0.009790129 0.20321473 0.0338712 -0.13443781 0.14252268 0.23415095 -0.11513421 0.15665649 0.0043922337 -0.023287091 0.038686592
276 0.05254676 -0.008173424 -0.047159273 0.051225852 0.08122232 -0.0026005148 0.04170736 0.017026182 0.015116861 -0.03901673 0.11574157 0.001566547 0.08287496 -0.07367798 0.06683983 -0.014965974
234 0.024003182 0.021691693 0.015974266 0.11389327 0.02573966 -0.006739174 0.033698738 0.06656265 -0.059476193 0.032391943 0.10265085 -0.004563855 0.061676543 -0.019004205 0.058527373 -0.02091463
763 0.007954714 0.054789916 0.0530891 0.1166937 0.082813606 0.07532787 0.12829468 -0.034934912 -0.07833095 -0.008632799 0.15718897 -0.09455357 0.08639284 -0.043021888 0.03361062 0.017011715
554 -0.13465601 0.040591847 0.09672933 0.076026075 0.102289 0.114393726 -0.037114825 -0.12599067 -0.042966623 0.20453474 0.061047375 -0.1108929 0.0832946 -0.07873469 0.06175342 0.100925334
636 0.05842484 0.081974894 -0.013650066 0.16239645 0.07681679 -0.03345477 0.2194006 0.041065805 -0.060845584 0.0074299574 0.17542265 -0.16984606 0.16765131 -0.07004314 0.003325855 -0.032179967
469 0.14626825 0.12532976 -0.008029898 0.1613833 0.10171297 -0.022387765 0.06365371 0.025180161 -0.015956419 -0.095114425 0.0011244547 0.09235604 0.08523177 -0.070034824 0.02306348 0.0258011
825 -0.05412113 0.13967408 0.07541995 0.19574481 0.13478307 -0.012278466 0.25326303 0.02362785 -0.09067724 0.093368605 0.27635956 -0.24254988 0.28182894 -0.063553095 -0.057800114 -0.021887468
656 0.06907195 -0.00034880522 0.045465432 0.04499163 0.0104866 0.022514127 0.0063344133 0.06494063 0.04868614 0.04617835 0.07294206 -0.04842121 0.11638958 -0.081810005 0.043080963 0.08764392
162 -0.10577843 0.0080866 -0.034329996 0.024589583 0.10846661 0.054107238 0.11000427 0.031161452 -0.036030892 0.10236137 -0.011225484 -0.02166974 0.039002374 -0.010598258 -0.029384237 -0.0045734122
365 0.04548178 0.017044479 -0.038256608 0.012046139 -0.019738626 0.11314589 -0.018051581 0.0153539395 -0.06628805 -0.009414395 -0.024082035 0.048849083 0.035901472 0.014543159 0.093051255 0.06485843
412 0.071671695 0.017769989 0.015722835 0.0026709042 -0.01954614 0.060466733 0.008106811 -0.05486605 0.040712364 -0.06638526 0.03901418 0.05601524 -0.035666734 0.0023067396 0.053741984 -0.010216043
746 -0.09926102 0.019660836 0.011458365 -0.010241047 0.04462488 0.10668468 -0.00018451887 -0.002337196 0.05412933 -0.026574817 0.00010424404 0.08102388 -0.050467078 0.0135341445 0.0004359243 -0.0023949945
290 -0.027776856 -0.034923747 0.04108966 0.041203212 0.11230345 -0.015199782 0.067737244 -0.05749219 -0.04037992 0.09442646 0.057525694 -0.20021285 0.011014642 -0.07820944 -0.08213097 -0.018027648
304 -0.048435867 -0.11952771 0.017081134 0.03944208 0.101081535 0.0329611 0.00797685 -0.068235025 -0.05514331 0.03257901 0.0535246 -0.062127613 -0.017400984 0.016558321 -0.034695685 0.011588528
43 0.048801173 -0.047632564 -0.020168887 0.10663342 0.04759976 0.058395144 0.055345513 -0.07255841 -0.013571536 0.00518477 0.06577249 -0.13501903 0.005441896 0.036207255 -0.0066156127 -0.08398029
720 -0.015459673 0.004497382 0.04216347 -0.05299355 -0.07544833 -0.01513883 -0.058414113 0.0029664622 -0.03273302 -0.026920635 -0.021329693 0.011735222 -0.11109409 0.017754354 -0.0929413 -0.045854203
519 0.022436399 0.008862036 -0.017711561 -0.061190773 0.0009720712 0.04082311 0.06898046 -0.03532258 0.032763917 0.012859348 -0.0102857575 0.019314945 -0.0739443 0.00920333 -0.012254501 0.021850921
531 -0.07933883 0.0002803661 0.0665851 0.10487609 0.11183766 0.024775244 0.10423036 -0.03254975 -0.037163053 -0.019085644 0.15767038 -0.13241062 0.12245749 -0.03124535 0.007228825 0.015623346
487 -0.015624859 -0.114199415 0.11030649 -0.114613816 -0.10324429 0.02063463 -0.022947574 0.018954145 0.009578575 0.0210661 -0.042112816 0.06073276 -0.083536014 -0.022516986 0.001239052 -0.08338333
270 0.019139761 0.11994062 0.079894215 0.120168924 0.12308746 -0.054962136 0.09657209 0.015206658 -0.016730867 0.03706665 0.03819426 -0.16384196 0.21270682 -0.06271577 -0.041414753 -0.090648614
273 -0.055209313 0.092919394 -0.025133131 0.17631662 0.16594201 -0.091462694 0.1693651 -0.04635413 -0.061923075 -0.001401374 0.13970605 -0.15971906 0.1663094 -0.09994534 -0.017130004 -0.020461459
426 0.037611503 0.08634274 -0.047120888 -0.026704133 0.08752213 -0.010011268 0.11008657 -0.049242 -0.055630237 0.0067553255 -0.05813064 -0.05438149 0.046911806 -0.022787988 -0.02515136 0.04446276
246 -0.02701771 0.022575451 -0.043234408 0.034114044 0.08001597 -0.02433785 -0.0117724445 0.046239458 -0.106121555 0.0799405 0.08452104 -0.0957997 0.028729884 0.0027610855 0.04212003 0.028103918
643 -0.1127683 -0.03469961 0.05358606 0.019082857 0.022530632 -0.01149986 -0.015611679 -0.018814703 -0.05266167 0.06548849 0.044593513 -0.09447916 0.109756 -0.01855274 -0.020430868 0.03060349
578 0.05958691 0.0054947743 -0.01712662 0.10137674 -0.051093973 -0.020679787 0.015448319 0.074268 -0.08893547 -0.043640476 0.0025396638 0.041411325 0.043151233 0.08617129 0.051395852 0.06702772
374 -0.030783825 0.102912284 0.0074380953 0.070795186 0.09782477 -0.06358715 0.06249895 -0.073057234 -0.075683646 0.03928386 -0.0458493 -0.09993113 0.14691393 -0.102202386 -0.033996988 0.033788458
466 -0.038838148 -0.0003103383 -0.00060506916 0.08714858 0.09546225 -0.066556945 0.05570919 -0.038858637 0.032099176 0.047378536 -0.01250404 -0.079100214 0.03996706 0.04595319 0.09289245 0.004578685
254 0.063695215 -0.006267197 -0.0026043872 0.045316912 0.04049603 -0.06229696 0.11768994 -0.0148320235 -0.06925247 -0.0018711524 0.08423838 -0.09652372 0.10423688 -0.071297586 -0.071345046 -0.012849586
296 0.009537718 0.09752922 -0.028692001 0.03219112 0.06234089 -0.033271074 -0.094419464 -0.028547248 0.114838995 -0.08886765 -0.05960355 0.08516476 -0.06961929 0.017495751 -0.013283485 0.09730769
244 -0.09668329 0.11201306 0.0052056536 0.13881107 0.08813876 0.010448297 0.14905627 -0.031658944 -0.067239024 0.10535435 0.05241744 -0.1664654 0.083220065 -0.03619475 -0.027214078 -0.077256225
513 -0.020271467 -0.07248304 0.06420623 0.2161662 0.07866751 -0.04724816 0.15148826 0.07295187 -0.04388036 0.0657191 0.16378143 -0.13962452 0.15864164 -0.050239597 0.00886084 -0.04722649
765 -0.028356608 -0.008129511 -0.0055389283 0.063090675 0.15350722 0.053878758 0.07458408 0.033697937 -0.022432886 -0.013322191 0.05524881 -0.11082966 0.06518895 -0.01563367 0.03633838 0.01190333
462 0.007225385 -0.09145808 0.052383237 -0.061931413 -0.024544392 -0.01417319 0.011614144 -0.049821965 0.0012321712 -0.07087434 0.044550598 -0.066523135 -0.08661453 0.013316064 -0.090372324 0.018579854
684 -0.03462484 0.012023172 0.049583375 0.12896638 0.09461011 0.044585522 0.12123629 0.014073935 -0.035137814 -0.015928023 0.15388714 -0.18022354 0.084120326 0.024837138 -0.047616534 -0.08125364
148 -0.078564875 0.09809183 0.08684353 0.082392365 0.1581327 0.011250332 0.07025519 -0.059567247 -0.13020854 0.0862211 0.051662806 -0.086466454 0.16931047 -0.14197642 0.011625516 -0.0738883
282 0.046243746 0.023990713 -0.013786438 -0.0565914 0.09736432 -0.060167424 0.0065032365 -0.059967835 0.06705225 -0.037101444 -0.034066584 -0.07945431 -0.0051216036 -0.044469718 -0.037574116 0.019198794
421 -0.009475195 0.060232174 0.0422863 -0.034942262 -0.016196292 -0.021865595 -0.04124585 0.024248745 0.031155609 0.024712704 -0.06949029 -0.02440733 0.00029219594 -0.002524624 0.065698095 -0.017108161
541 -0.090295814 0.007136662 -0.016416907 0.13121963 0.018875377 0.041246485 0.03938177 0.06298346 -0.1072484 0.061334286 0.08314572 -0.08143745 0.06937048 -0.02140214 0.0018933121 -0.05668125
154 -0.12577395 0.14037912 0.033025954 0.08349873 0.21789898 -0.03336568 0.18043385 -0.07471068 -0.091326855 0.11784446 0.036568604 -0.19827268 0.19250588 -0.09729007 -0.039953794 -0.012581034
523 -0.034088857 0.08398891 0.026365886 0.1737295 0.16441959 -0.12573215 0.17684591 -0.01404457 -0.06230846 0.061048005 0.12832308 -0.1904804 0.1813713 -0.06208443 -0.037650183 -0.044819787
579 -0.06147895 -0.064117454 0.023129966 -0.00037810276 0.025921637 0.07687198 0.05646551 -0.0696151 -0.057704307 -0.028798679 0.011414462 -0.06926962 0.041287817 0.027645234 -0.06473678 0.025579546
661 -0.0037220144 0.054917555 0.0026449407 0.21376997 0.19312547 -0.037163008 0.20889153 0.025557509 -0.021529054 -0.08543314 0.11066864 -0.14048356 0.19919401 -0.049045213 -0.03102451 -0.006343654
445 -0.08708938 0.021645192 0.007105941 0.16412772 0.09562212 0.13418706 0.036969922 -0.009240518 -0.036389485 0.060142916 0.14676209 -0.035716865 0.093989596 -0.043096893 0.08073896 0.028095525
313 -0.004531312 -0.008763897 0.047302898 0.040453568 0.019423142 0.020985778 0.0075360965 -0.030737326 -0.061407123 -0.03905126 -0.01495631 -0.0030195192 -0.027892092 0.01242732 0.0037597122 -0.06446137
602 -0.0008629515 0.028706921 0.059074435 0.038312025 0.011578056 -0.002103487 0.012438878 -0.037673898 -0.0502205 0.060384933 0.0417637 -0.10216442 0.07301532 -0.053854674 0.024000052 -0.044189226
733 0.0039192936 0.045171488 -0.042321734 0.20165366 0.18079224 0.049965642 0.15994361 0.06409396 -0.10918207 0.070493445 0.23042588 -0.15198281 0.14827093 -0.077907674 -0.079161875 -0.04896108
37 0.05674206 -0.086326 -0.011238456 0.049364418 0.12058789 -0.02132089 0.10894515 -0.029874355 -0.021074422 0.051775385 0.09214646 -0.06945606 -0.018584441 -0.090858266 0.0011170298 0.02449705
780 -0.06058407 -0.03539109 -0.027096659 0.005350304 0.054179624 0.06956931 -0.018572783 -0.07552491 -0.044849046 0.007989594 -0.079692096 0.07065369 -0.053451627 0.007455085 0.044739753 -0.036936354
812 -0.002533221 0.034905076 0.02466858 0.107381985 0.0022959583 -0.04509402 0.015668403 0.09259678 -0.0008874814 0.068800166 0.08085334 -0.062391203 0.15004973 -0.067815125 0.06265592 0.037914034
240 -0.0744122 -0.06523043 0.06499251 0.032221463 0.0014716715 0.042458825 0.013390886 0.024019277 -0.22779422 0.26828054 -0.025156816 -0.2190647 0.045828838 -0.03750792 0.007057053 -0.043236386
17 -0.094226375 0.080032654 -0.04962282 0.24784184 0.2137594 0.0606921 0.2888006 0.060048543 -0.122695416 0.04125033 0.28793252 -0.10835523 0.2095038 -0.10764233 0.06970747 -0.035903532
16 0.008782083 -0.0021807244 -0.11993856 0.15094067 0.21937317 0.02209208 0.2625707 0.09492517 -0.062395163 -0.007252847 0.2278215 -0.16945778 0.14473154 -0.030104406 0.0033416816 0.045684118
806 -0.07412257 -0.06269441 0.07042538 -0.08913852 0.01104006 -0.029223964 -0.007785322 0.050860155 0.057991955 -0.018453602 0.015303412 -0.06430749 -0.09913148 0.029837037 -0.062444147 0.0028357506
122 -0.11072135 -0.004021738 0.013727486 0.24080776 0.034483057 0.06142107 0.026199501 -0.106246 -0.08009784 0.19162421 0.028275838 -0.06943446 0.039881192 -0.074775696 0.07822244 0.040909074
730 -0.020220013 0.07523799 0.02554132 0.17372796 0.10451279 0.036222033 0.15969227 -0.007969146 -0.04536574 0.0026016035 0.14318144 -0.11635937 0.08471686 0.03593324 -0.041024245 0.019826984
775 -0.0713373 -0.014621238 -0.0017577718 0.09810923 0.18547376 0.11602342 0.021835703 -0.061177723 -0.068020605 0.10661707 0.12050229 -0.03149602 0.01637412 -0.037483692 0.06607939 -0.0048245313
662 0.04745433 0.07790197 0.014055691 0.019933531 -0.009737973 -0.009979289 0.120067835 0.0058401693 0.007383089 -0.041675925 0.025553014 -0.036209706 0.03515129 0.042605888 -0.09492402 0.026527932
769 -0.042398382 -0.17829046 0.037043214 -0.09386265 0.111165665 -0.0069381273 0.09598552 -0.119784 -0.056427635 -0.037376694 -0.056589305 -0.055513438 -0.19109961 -0.003522193 -0.05322417 -0.07264472
500 0.00028028287 0.0150678875 -0.009002675 0.19648723 0.13605635 -0.035510264 0.07201966 -0.0038749652 -0.11520352 0.19101807 0.05912274 -0.13226655 0.19995613 -0.15119046 0.046226162 0.013530647
645 0.0017459803 0.024989713 0.022859849 0.025149986 0.027071878 -0.01627282 0.13203165 0.027962085 -0.040077034 -0.04035519 0.06056086 -0.039778948 0.031185126 -0.086542375 -0.047616746 0.012071715
814 -0.05342582 -0.0278632 0.039508503 0.09036645 0.059277844 0.021718157 0.038332585 -0.0011305645 -0.03366043 0.07762601 0.024485894 -0.027943248 0.028988212 -0.04574118 0.10137202 0.043202322
528 -0.020960348 0.0083055785 0.029088544 0.07672938 0.056611564 0.036495123 -0.001289207 0.06641866 -0.14880148 0.14919782 -0.017711487 -0.14506558 0.008867344 -0.001164156 0.04261526 -0.01898322
669 -0.062357187 0.06249162 0.043225136 0.23736615 0.1346447 -0.074547485 0.20269443 0.022886079 -0.08091473 0.10392504 0.257815 -0.12977026 0.1761752 -0.060487445 0.019802308 -0.02406883
441 0.05394456 0.09791578 0.011091935 0.019684924 0.07083865 -0.045471612 0.0062126536 0.05999253 -0.026071716 0.018515427 -0.07535011 -0.037960306 -0.03148479 0.003089845 0.03838352 0.06647024
112 -0.10182537 -0.038350802 0.054469742 0.055883013 0.13046698 0.012014121 0.101606615 -0.052366324 -0.07637089 0.0742821 0.11504416 -0.16908434 0.047393564 0.00061203004 -0.0075362986 -0.077901796
740 -0.07447632 -0.047645587 0.0123859625 0.04812054 0.0028752408 0.04608709 0.094259776 -0.044475533 -0.06270959 -0.04127026 0.004866705 -0.07890533 0.048617423 0.047604278 -0.029336637 -0.05120351
615 0.111987635 0.0043416554 -0.07458275 0.022247504 -0.019561833 -0.04962951 0.03574699 -0.018967947 0.01934365 -0.06555491 0.00650863 0.028955817 0.031064894 0.07518746 0.039960243 0.012050438
310 -0.033744123 -0.12821048 -0.004108914 -0.052342713 -0.04399167 0.06062204 -0.023597589 -0.05839339 -0.042958826 -0.0064614704 0.043210912 -0.002213533 -0.00245885 0.095569864 -0.011491291 0.0017505466
729 -0.013077251 -0.025858106 0.10452861 -0.01136269 0.005024559 -0.008691151 0.10468178 -0.020294987 0.040072512 0.030138098 -0.02597115 0.016895376 -0.0017534138 0.030856535 -0.08207429 -0.06521441
831 0.0332049 -0.011099165 -0.051665876 0.09710067 0.048910018 0.05638129 0.15738082 -0.02090678 -0.03375825 0.004378171 0.13393082 -0.09421427 0.021007221 -0.0063242223 -0.07937726 0.01146466
444 -0.030973976 0.04851179 -0.008418796 0.07323715 0.051901344 0.06541998 0.03606502 0.04305998 -0.005057492 -0.015121099 0.01757086 0.018497117 0.0861177 0.048170134 0.02481968 0.04512969
549 -0.003729492 -0.03226344 -0.025163962 -0.042895216 -0.027126363 0.06640614 -0.04093233 0.03535186 -0.0544034 0.01022348 -0.04119105 0.03695845 0.0020461008 0.018516744 -0.0136265 -0.032441247
547 -0.006551867 0.05266659 -0.055520147 -0.002221689 0.007238405 0.09396697 -0.035220236 0.030588426 0.081101 -0.03742327 -0.1103121 0.057174377 -0.03851088 0.055847768 0.06059719 0.028797604
182 -0.14712228 0.008028328 0.047349706 0.12169854 0.13473228 0.07106075 0.08214647 -0.100989394 -0.05318563 0.103331864 0.098554134 -0.1259867 0.10843892 0.011375745 0.045197822 -0.03743985
382 -0.066404074 0.077701606 -0.029706791 0.066713 0.13463429 -0.061957184 0.028199991 -0.0520514 -0.10899144 0.097374834 -0.012548734 -0.07525231 0.2264523 -0.14706849 0.015014132 0.0949853
269 -0.012947465 -0.046064556 0.084517196 -0.029726118 0.013624577 -0.0061436947 -0.034976266 0.016393457 -0.06065714 0.005542521 0.013548319 0.02259848 0.09556587 -0.017252784 0.034261823 -0.055004917
116 0.014205493 0.056047026 -0.0030561166 0.22393799 0.17862958 -0.041356236 0.11959517 0.08536879 -0.00045912666 -0.039965473 0.18179724 -0.007988149 0.16256115 -0.05281698 -0.028682522 -0.053531088
534 0.010536178 0.0077655814 -0.07000944 0.20892097 0.104226835 -0.026234377 0.19514826 0.024443982 -0.14982888 -0.04430137 0.21133812 -0.036350723 0.15240154 -0.03701506 -0.028204717 0.042678133
555 -0.002556756 -0.010821321 0.018919034 0.17477475 0.18517494 -0.054161157 0.16172276 0.035883944 -0.026254158 0.022324778 0.14251618 -0.16989012 0.17377636 -0.08235774 0.016786575 0.03555896
108 0.08565568 0.08366614 -0.05391578 0.07280662 -0.025748458 0.0725511 -0.03851006 0.04967664 0.036222834 -0.072866924 0.053888474 0.08758776 -0.031534713 0.069603756 0.057364974 0.010926179
67 0.027540887 -0.07230894 0.033396024 -0.014989626 0.054615304 0.087499455 -0.038286526 -0.054691292 -0.0255545 0.013145836 -0.055756878 -0.046552584 -0.031113043 0.014125277 -0.014402141 -0.011120932
641 0.054052368 0.08027784 -0.073244445 0.06961437 0.045348376 -0.017915433 0.07275222 0.030135687 -0.108357154 0.0027707038 0.08886645 -0.010313976 0.014961785 -0.06598516 -0.0018004051 0.039635427
813 -0.092848815 0.0030974643 0.07685936 -0.03444409 -0.030753706 0.03745894 0.076616734 -0.00068198855 -0.1168668 0.070381045 -0.048148885 -0.06275316 0.08198385 -0.068262026 0.09183243 -0.058723975
386 0.03768048 -0.042854197 -0.032338712 0.068202704 -0.032313675 0.09499483 -0.04627681 0.005817446 -0.07278776 0.08627321 0.05394658 -0.09927109 -0.06206783 0.0025023853 -0.093297414 -0.008032154
726 0.030806476 -0.028800549 0.057408433 0.14635481 0.04928083 0.010673176 0.11807871 0.04675502 -0.03722515 0.088005416 0.08109867 -0.13737768 0.05276017 0.002420204 -0.03863066 -0.053971868
504 -0.03728772 0.050259344 0.058243167 0.11592547 0.17182389 -0.014020331 0.22789611 0.0012356464 -0.11948261 -0.047561683 0.1817877 -0.15994488 0.1691161 0.014947943 -0.048807163 -0.019783504
71 0.08535473 0.06726371 0.023103334 0.024684004 0.009856531 -0.07926585 -0.056925144 -0.006537601 0.027572127 -0.015268352 -0.094508395 -0.0022669411 0.069169395 0.016974108 0.089159064 3.0484402e-05
311 -0.016197737 -0.040092032 -0.024937842 -0.032831244 -0.019349081 -0.021155758 -0.01943403 0.021479383 -0.064400464 0.099300526 0.002268917 0.018777322 -0.055728503 0.014765638 0.013187442 0.029154878
745 -0.03726113 -0.16398531 0.017335491 -0.15779191 0.03126166 0.015005438 -0.056192093 -0.014054944 -0.04381935 -0.041590787 -0.08837617 -0.052498195 -0.09020846 -0.009604456 -0.05156323 -0.076339684
779 0.0054405145 -0.14512876 -0.021090318 -0.06268346 -0.002960286 0.14698178 -0.06282556 -0.104123145 -0.060587008 -0.0076336097 0.01589641 0.048697077 -0.109273 -0.0029612733 -0.0319563 0.01401608
211 -0.1801644 0.054079723 0.06838921 0.081785 -0.0011218423 0.09978012 0.056053434 -0.05876833 -0.07067085 0.13538185 -0.021459622 -0.07679447 0.09909576 -0.0375756 0.1113942 -0.04318938
464 -0.10048408 -0.029136278 0.067684986 0.18290849 0.12854818 0.03623597 0.07109275 0.02918817 -0.0147490855 0.06591384 0.15218627 -0.11175774 0.1900158 -0.05022827 -0.02915988 -0.0746796
178 -0.1672973 0.02442124 -0.0021642128 0.086985275 0.11019852 0.06869101 0.10583534 0.008812479 -0.061075717 0.16206753 0.056263026 -0.09409976 0.046701826 -0.049203508 -0.017160745 0.03132168
350 0.035193436 -0.102095865 0.033154346 -0.0784612 -0.102069154 0.016110562 0.0012708938 -0.045872983 -0.0048083165 0.011280957 -0.09204909 -0.02421477 -0.10138514 0.047882922 0.002274905 0.022926703
397 -0.0064073442 -0.048644014 0.014083186 0.15622461 0.12294137 0.045376897 0.097765 0.041563742 -0.08194503 0.010211348 0.09123739 -0.11573847 0.118202075 0.027992358 -0.023583235 -0.06310572
24 -0.100100644 -0.039175674 -0.036613967 0.102370314 0.0777487 -0.0052667605 -0.0145561425 -0.033551674 -0.050501976 0.08719958 0.1002942 -0.09249335 -0.011356574 -0.012125272 0.083034225 -0.04637161
186 0.076244086 -0.02848241 -0.014933526 -0.038371906 0.04625646 0.08907245 0.07299002 -0.0241722 -0.01979174 -0.041565105 -0.060525075 -0.038424876 -0.06953987 -0.04477958 0.001443456 -0.0447865
22 -0.009092311 -0.032045756 -0.04551289 0.2098353 0.2343843 0.034443 0.16380532 0.15158431 -0.08290497 0.047110666 0.26224706 -0.12265675 0.17187914 -0.12509729 0.048580896 0.068559885
308 -0.08500347 0.025722476 0.045647662 0.024956113 -0.011603517 -0.027076265 0.07541294 0.014362372 -0.0027223905 0.06377258 0.08653899 -0.12115097 0.045718096 -0.06299854 0.009415304 -0.0007341186
229 0.053915404 -0.016352708 0.015449028 -0.079298615 0.015484118 -0.023663947 -0.021236902 -0.006380275 -0.018511185 -0.018062562 0.020580126 0.03731785 -0.04402095 0.009380259 -0.04124285 -0.054721445
552 -0.10840945 0.0048435023 -0.050441068 0.1301696 0.07042957 -0.023439506 0.10680198 0.035240628 -0.105102405 0.19066189 0.098471105 -0.15182036 0.121313654 -0.075264126 0.08193895 -0.06553208
119 0.022085994 -0.039351545 -0.011842759 -0.016797379 0.032256607 0.0037770872 0.017326463 0.045815155 0.038945515 -0.035109945 -0.06501146 -0.058096625 -0.008804517 -0.03320919 0.032463834 -0.010347575
84 0.0281731 -0.032549858 -0.064163245 0.1058302 0.0471754 -0.040902764 0.04854069 0.018122995 0.01608524 -0.008929539 0.029019298 -0.06336925 0.106664 0.023551807 0.0010741507 -0.050666463
743 -0.07219466 0.060469463 -0.02465332 0.043116678 0.08222618 -0.0070153605 0.0031879786 -0.06913835 -0.076512516 0.11917892 -0.0018279115 -0.0036966512 0.116642125 -0.07626761 0.057567935 0.0019814225
732 0.038581297 0.0037019646 0.03577079 -0.06842549 0.014459646 0.043859366 0.04960416 -0.023873158 -0.037782002 -0.035767082 -0.033998147 -0.04158344 -0.05101452 0.021032812 -0.0057628923 -0.077153146
459 0.028334657 0.028157318 -0.048065692 0.061171606 0.0074352687 -0.029286627 0.073291294 -0.060764555 -0.04556924 0.050780606 0.070348874 -0.07424416 0.0935154 -0.06636996 0.007731029 -0.038293052
111 0.03075335 -0.027967352 0.030460339 -0.06405832 0.009476495 0.035309106 0.09795119 0.02236243 -0.07988567 0.010726021 0.034763318 -0.01689425 -0.055502657 -0.017023671 -0.085167505 -0.013662462
414 -0.06477052 0.024985127 0.06711946 0.10015321 0.09563441 -0.022966057 0.12683113 0.04387025 -0.011693558 0.028494576 0.109622546 -0.0795021 0.15907119 -0.04430217 -0.056453764 -0.016964467
210 -0.024445616 0.12466737 -0.01014796 0.14543258 0.07699333 -0.019590275 0.103367396 -0.09481183 -0.017224455 0.04655203 -0.005449181 -0.084829 0.20029011 -0.06001081 -0.046145294 0.017366588
406 -0.040193412 -0.046338234 0.074040815 0.1538349 0.027286287 -0.024866875 0.015755702 0.020902935 -0.040589266 0.04714842 0.057085317 -0.04471649 0.14784673 -0.07361258 0.065391496 0.0375611
176 -0.025763962 0.0083454065 0.051321317 -0.015726179 0.022738127 0.028568849 0.05153298 -0.05806019 -0.08480426 0.06603517 -0.018227141 -0.015650736 0.09324798 -0.056046356 -0.046113808 -0.013959168
385 -0.061024636 -0.007336837 0.055635188 0.10900064 0.11358976 -0.033719588 0.11032325 0.091301806 -0.11156101 -0.0066565117 0.14159866 -0.15711321 0.17461072 -0.11206989 -0.044725392 -0.01429234
94 0.017769566 0.0036656861 -0.02280441 -0.00514606 0.10670546 -0.039426878 -0.0060545187 -0.06290575 -0.0034752218 -0.021207314 0.0550781 -0.030112037 0.101650685 0.06431062 0.077130646 0.012312186
468 0.03374116 -0.026054917 -0.019081995 0.0391757 -0.07641834 0.020930108 -0.003759674 -0.05655527 -0.06525935 0.039595935 0.038535148 -0.05618913 -0.0061522275 0.028208852 -0.050778955 0.010005851
262 -0.02484245 0.0986905 0.007981791 -0.011314033 0.044891175 -0.0066596232 -0.021345994 -0.04116271 0.03290509 -0.039558243 -0.03109791 0.076141775 0.08461587 0.0059141153 0.026459863 0.017983958
681 -0.0279781 -0.18800491 0.024527868 -0.13575691 -0.16345 0.14031076 -0.13632059 0.034817692 -0.00032508932 0.07584451 -0.10443827 0.007873725 -0.18382044 0.053899854 -0.08037502 0.02534168
123 -0.041373648 0.041938275 -0.043967076 0.02533006 0.1357182 -0.02564733 0.12608117 0.07521743 -0.08059924 -0.03025892 0.10132236 0.017671738 0.06919857 -0.032116897 -0.004836888 0.002557742
329 -0.13639525 0.028066276 0.07212644 0.05418068 0.11649968 0.018080018 0.10621353 -0.14032276 -0.07256077 0.064710476 0.06241037 -0.11858628 0.14281805 -0.05235531 0.02344452 -0.065450184
715 -0.073027596 -0.030278962 0.008293931 0.13591674 0.0792282 0.097653836 0.049908698 -0.058364287 -0.04594969 0.08108775 0.11438666 -0.011390897 0.12393546 0.021678468 0.07767722 0.06274092
567 -0.015770981 0.013177173 0.0064738356 0.13027991 0.15805238 0.014384855 0.123211525 -0.035455056 -0.010713671 0.050212286 0.1726141 -0.16248508 0.10368902 0.0015291751 0.0067006657 -0.08994177
529 -0.029512905 -0.03068929 0.062486157 0.08139478 -0.062560715 -0.012447151 -0.039044306 -0.063338704 0.025117286 0.041737266 -0.05746187 -0.0488837 0.02406067 0.03246174 -0.025689539 -0.055380195
346 -0.031931404 0.007717077 0.059932716 0.13190684 -0.004694951 0.0150511395 0.022487288 0.026828231 -0.16258948 0.12161475 0.015549528 -0.08818342 0.08825091 -0.08897363 0.02189455 0.025214566
571 -0.11172176 -0.0039340705 0.015600174 -0.078841664 -0.018736204 0.008114458 0.011456836 -0.03918818 0.054788455 0.08069735 -0.038626008 -0.028737398 -0.019279825 0.006250636 -0.0677241 -0.027993485
768 -0.020023206 0.006251951 0.03147169 0.0027346553 -0.048417922 0.03384392 0.0195572 0.006429449 0.035738464 -0.02284725 -0.036290195 -0.031043995 -0.06012437 -0.00091700477 0.030690795 -0.0056032077
644 -0.03576958 0.008232273 -0.00817776 -0.051899165 -0.115153015 -0.04724033 -0.02275012 0.068416 0.0041612415 0.0440302 -0.049588416 -0.020492932 -0.0037026466 0.05522087 0.08693316 0.08278713
302 -0.049539004 0.046285927 0.02327317 0.06203742 0.08893035 -0.015437709 0.048055984 0.030624056 -0.012524348 0.015172493 0.10235355 -0.016001962 0.08381509 0.015496833 0.018784108 -0.04909446
574 -0.025780646 -0.043499507 0.07030151 -0.01789322 -0.0069539677 0.054859158 -0.0040037334 0.04231746 -0.043150168 -0.025216293 0.016364733 -0.037016448 0.10756457 -0.040699463 0.015879992 0.031899482
692 -0.042790603 0.040993873 -0.03496789 0.019275902 -0.053689525 -0.011761212 0.05278677 0.030411558 -0.010715829 0.03278297 -0.008831295 -0.028889796 0.074888475 0.03028779 -0.047755077 -0.07049054
298 0.016161608 0.0067564505 -0.020385217 0.10030551 0.055550586 -0.006900318 0.08058664 0.011123744 -0.025782354 0.009850236 0.019068617 0.054773964 0.036084067 0.010680876 0.028707106 0.07051543
712 0.029093217 0.07048978 0.017173281 0.20645632 0.20612761 -0.058088064 0.17073894 0.07267641 -0.04932674 -0.061011698 0.16875124 -0.12695107 0.17481665 -0.07848286 -0.05167844 0.034937438
442 -0.06917365 -0.040524494 0.027318306 0.15976335 0.07988819 -0.09162251 0.17904724 -0.016563354 -0.10327425 0.056452487 0.2094159 -0.18195978 0.1574119 -0.15523358 0.014437274 -0.072011724
349 -0.015743036 0.0315778 0.050751965 0.13474423 0.06726128 -0.017371476 0.03469712 -0.017481714 -0.05466539 0.04581844 0.06505175 -0.09357476 0.10956122 0.01962041 -0.038275026 -0.04718021
688 0.14521307 -0.0788025 -0.023169022 0.060572714 0.068401106 0.0053205625 0.022035029 0.03459746 -0.018907063 0.0039433213 0.026590066 -0.093092434 0.008123518 0.038804006 -0.0070763677 0.025090558
285 0.05527855 0.012830135 -0.07733275 0.15151544 0.07410462 -0.06594038 0.027543867 0.005275768 -0.049056858 0.038379595 0.06488299 -0.12315808 0.07144966 -0.02906722 0.04733151 0.027279988
696 -0.06269874 0.050563715 -0.00020613999 0.2263404 0.11244141 0.057906263 0.098252155 0.10000468 -0.04501365 0.030139985 0.19202892 -0.080588356 0.17129983 -0.038740452 -0.03671621 0.027295412
292 -0.031585075 0.1220334 0.0060714376 0.24193797 0.24214965 -0.05623987 0.23655266 0.040912732 -0.14618738 -0.02073588 0.22149031 -0.12665968 0.28186345 -0.10928799 0.022181548 -0.08324312
21 -0.064492 -0.02515865 -0.05013794 -0.046394534 0.07216259 -0.008824568 -0.009979567 -0.10223319 0.023970883 0.093438156 -0.0056119766 -0.059133098 -0.018969206 -0.07161301 0.045789175 -0.012881344
342 0.041481305 0.03195774 -0.07407678 -0.03750609 0.0434809 -0.062251154 0.12406477 0.04168466 0.045461655 -0.0705351 0.052784495 0.008936098 0.055339348 -0.07371072 -0.004977745 0.03211319
596 -0.0738925 0.019259496 -0.025894161 0.033955373 -0.010063236 0.04649263 -0.03523521 -0.036228143 -0.07940256 0.18352266 -0.024463532 -0.06673468 0.044082567 -0.080312915 0.07601153 -0.00955741
249 0.030734535 -0.059450176 0.026734438 0.09079376 0.12645605 0.0051429626 0.15195112 -0.014830678 -0.119035 0.05525544 0.09309923 -0.10031065 0.025409142 -0.027263949 -0.12146177 -0.097286545
623 -0.007212137 0.04904835 -0.015430034 0.10347474 0.006299947 0.029334951 -0.017263286 -0.053602617 -0.067270406 0.100542374 -0.024183966 -0.098107524 0.11222865 -0.066062644 0.03482728 -0.018245524
92 -0.056614578 0.043755844 -0.043535292 0.0043148343 0.015746068 -0.024639722 0.01850704 -0.04083438 -0.029372672 0.09222529 0.05029131 -0.017679181 0.07026869 -0.008925035 0.04937843 0.02635511
511 0.056633707 0.0039770952 0.051615223 -0.035863787 -0.079255864 0.018113306 -0.03518072 -0.06624836 0.0071459934 0.020738762 -0.041765295 0.062428303 0.020175094 -0.05375063 -0.00016033734 0.024660258
551 0.0035014984 0.007459334 0.030379238 -0.004250589 0.063872494 0.0047552534 0.038461894 0.044843093 -0.052277356 0.005593259 0.019162836 -0.036048453 0.110472195 -0.07348402 -0.023608496 -0.02870499
375 -0.08858369 0.001048376 -0.047050633 0.11900407 0.13478395 -0.0047767106 0.06930551 0.002870907 -0.106352426 0.11020228 0.17435281 -0.09243696 0.18864118 0.033975136 -0.04620605 -0.059962843
822 0.034866814 0.0073351962 -0.026212385 0.059716895 0.08783102 0.06034878 -0.022064943 -0.0034297777 -0.06529216 0.070689246 -0.010289494 0.0245957 0.008144462 -0.011322843 0.0055961357 0.053852294
695 -0.048834596 -0.046749637 0.040685415 -0.037403908 -0.05292708 0.02840188 -0.058201157 -0.06040219 0.012901817 -0.008370381 -0.10379791 0.051223256 -0.07573438 0.037053302 -0.019112613 -0.03438446
135 -0.006997451 0.043697707 0.060600266 0.011659156 0.09178097 0.030340852 0.059276704 0.024614094 -0.08605224 0.07260309 0.0047900695 -0.055680927 0.012481159 -0.046459977 -0.021489104 0.021743234
627 -0.001228191 -0.06406127 -0.007379759 -0.03469762 0.02920102 -0.0702168 0.055523485 -0.022757383 0.014273773 -0.014841869 0.011225939 -0.06888221 -0.0016213824 -0.004364947 -0.059694126 -0.016173445
723 0.12673801 0.101339504 -0.011843897 -0.013327932 0.021896586 -0.07261689 0.0774828 0.05211308 0.051940475 -0.12601165 -0.0914639 -0.02407397 0.052956875 -0.09367796 -0.05788573 0.07675757
750 -0.02874781 -0.14030245 -0.015830882 -0.12851681 0.004256177 0.07384871 -0.023376934 -0.002260337 0.005878392 -0.08892506 -0.06268749 -0.0067165354 -0.18996651 0.014415037 -0.03566046 -0.059304167
530 -0.07903101 -0.061936308 -0.006724778 0.06583629 -0.036263794 0.06462448 -0.010876393 -0.0352659 -0.10321455 0.16941638 0.042188227 -0.11837386 0.079649895 -0.008399017 0.04110913 0.01310451
232 0.008929112 -0.056626145 0.050562434 -0.005650663 -0.06672521 0.11828516 -0.092592694 0.0028049273 -0.059846494 0.041231845 -0.054175813 -0.04487956 -0.13162576 0.007353246 -0.0884358 -0.02511205
348 0.09041527 0.014247665 -0.010800258 0.105396785 0.0579481 -0.033943817 0.0545566 -0.024356779 -0.021998387 -0.024343252 0.07282159 0.013211314 0.059789952 -0.031368043 -0.00022636983 0.027002033
392 0.04714785 0.009029071 -0.01949109 0.0079527125 0.05256892 0.0024611747 -0.04629581 -0.017798387 -0.0003888614 -0.047130086 0.00025536655 0.009710038 0.06382973 0.03041213 -0.008759056 -0.01784818
74 -0.020796113 0.053833008 -0.03669867 0.06866641 0.073766455 0.016597915 0.0092137195 -0.06492331 -0.036578942 0.105157055 0.03874817 -0.10073849 0.041637007 -0.06802067 -0.04837714 -0.043116685
228 -0.016433047 -0.040891763 -0.03748556 -0.02584497 0.02137359 -0.013715154 0.009035576 -0.04457801 0.06145633 -0.073880926 -0.04093382 0.0035659857 0.008870862 -0.033296645 -0.0723503 -0.03620757
818 -0.013077066 -0.032796614 0.0588667 0.037688527 0.013111142 -0.05665398 0.035742413 -0.021765497 -0.06306499 0.015310722 0.0638003 -0.056676324 0.056350973 0.022484938 -0.02196252 -0.01039738
572 -0.031106235 -0.011286752 0.03912816 0.057217874 -0.032836143 0.030780438 0.02486555 0.038043007 0.077579856 -0.061643012 -0.050709285 0.095775485 0.029148359 0.09543569 0.03426403 -0.021896586
725 0.021272868 -0.013439012 -0.06784402 0.09463748 -0.008964404 -0.030084537 0.038142487 0.043901324 -0.0066486825 0.020487178 0.11076136 -0.002084091 0.098608635 -0.004360286 0.010560555 0.030753335
267 -0.014526434 -0.003654528 -0.01873667 0.06929013 0.041704625 -0.009793607 -0.0007050233 0.04885139 -0.07474608 -0.021892173 0.008398038 -0.08888902 0.08645706 -0.06370948 0.012753378 -0.05224021
624 -0.069774695 0.0103193065 0.025691954 0.08793775 0.047658935 -0.06790859 0.08735304 0.0045213513 -0.082584135 0.09520526 0.038877897 -0.06718809 0.03584581 -0.0046699177 -0.034853403 0.032767124
804 -0.08354144 -0.0025939764 -0.04455033 0.01854588 -0.029721428 -0.029767366 0.048683543 -0.06891866 -0.00043167605 0.055764496 -0.023099773 -0.025777673 0.00067560375 -0.0063765617 0.06154461 0.020555535
558 0.02063341 0.053739488 -0.04768926 0.09839319 0.06879537 -0.036349807 0.006054501 -0.004250826 -0.07844397 0.058904093 0.095394045 -0.10491231 0.115977325 -0.018408148 -0.025145318 -0.050705392
785 0.020586146 0.03550724 -0.026373543 0.06395828 0.08697663 0.06437919 0.060094573 -0.03522099 -0.013314401 0.061783046 0.016701696 -0.0076777544 -0.037648927 -0.019089451 0.023067132 0.0061046723
40 -0.046557486 -0.024822198 0.07348977 -0.07128397 0.024342075 -0.0016407357 0.028960718 -0.050447516 -0.07334175 0.02699459 0.01185206 -0.089456074 0.0256286 -0.057367757 -0.06875246 -0.05301335
517 0.031748675 0.039319113 0.01990236 0.1706153 0.040852644 0.0010283915 0.1718451 0.034581542 -0.0387086 0.020274369 0.17975268 -0.038618952 0.1286597 -0.09622474 0.03484396 -0.04283091
289 0.021021493 -0.0298301 -0.008362357 0.052206744 -0.012558761 -0.07873588 -0.014311269 -0.046137534 0.07473403 0.0037822851 0.04939922 0.05141408 -0.0341115 0.026917081 -0.032462664 0.028762298
760 0.0015682003 0.042973533 0.040381398 -0.013324345 -0.015110213 0.015769081 -0.013576046 -0.03258618 -0.065877125 0.1029675 -0.05315738 -0.102731414 0.010723511 -0.07813575 0.07154623 -0.061904058
458 0.027339736 -0.07839172 0.026428998 -0.050651226 -0.010681535 0.04208668 0.059134617 0.035635043 -0.058080822 -0.071741536 -0.052705534 0.07233213 -0.014595794 -0.004131453 -0.06729701 -0.0040540267
398 -0.082984924 0.07968917 0.08061093 0.15160604 0.09392036 0.003446117 0.10124872 -0.06798154 -0.13038416 0.11600995 0.08224509 -0.11102548 0.11264254 -0.04979045 -0.03029772 0.017016301
709 -0.01046186 0.05712866 0.02959861 0.20915191 0.17120776 -0.034555476 0.14439541 -0.053924676 -0.06647686 0.12855676 0.23141432 -0.21157202 0.19121754 -0.0778009 0.036089938 -0.081804566
383 0.016573304 0.08640717 0.038642567 0.05180753 0.09483632 -0.07930191 0.019116016 -0.04936034 -0.016607529 -0.048576258 0.05260589 -0.031960133 0.062774636 -0.056777086 0.08563319 0.052043065
78 0.03529169 0.105924666 0.040276892 0.08854639 0.12423923 -0.100537755 0.04966608 -0.0031114887 -0.03984362 -0.040425714 -0.014107482 -0.0006679094 0.06334157 -0.065330304 0.01855864 0.008382237
369 0.03328292 0.096528456 -0.03965361 0.10227971 0.102330334 -0.02924764 0.038658537 -0.059080377 0.009211651 -0.026956191 0.06221777 -0.021673657 0.09481661 -0.03395133 -0.033474516 -0.036186293
516 -0.017687332 0.025081879 0.008172145 -0.047346868 0.0067322208 0.09022504 0.037358116 -0.08576827 0.024152074 0.07367831 0.007542395 -0.08725962 0.051050957 0.04812337 -0.017301342 -0.071722314
647 -0.064063884 0.01808829 0.028529897 0.056686074 0.08966135 -0.051336117 0.12804049 0.03507209 -0.09218958 -0.036961082 0.07808307 -0.12711805 0.107442364 -0.0070306603 0.016140554 -0.010125347
698 0.026583316 -0.06330586 -0.022366734 0.0050075613 -0.023705851 0.03429279 0.041286323 0.008179657 -0.033433404 0.105825074 0.07721373 -0.01965408 0.0142666735 0.0051555717 0.057150148 0.021759996
449 0.02428821 -0.08587636 -0.043312047 -0.049168926 -0.09187584 0.041671656 -0.04063992 -0.029448312 0.050267823 0.007402896 0.020387346 0.004083803 -0.0058966503 -0.048027296 -0.046909623 0.009822231
470 -0.078671806 -0.015580184 -0.043567646 0.08249564 0.07032131 0.044386547 -0.0072072498 -0.06662036 0.04986983 0.037867986 0.014436925 0.03563308 0.0061695506 0.050098583 0.0015750834 0.053435612
663 -0.04048271 -0.053001475 -0.0384483 -0.0012439226 0.063418366 -0.01867503 0.055333134 0.03207831 -0.011676984 0.010310507 -0.026032157 -0.05226604 -0.11819828 -0.037356053 -0.06722514 -0.056822095
767 -0.03168604 -0.038352154 -0.019661319 0.012304213 -0.052732456 0.05053991 -0.012885065 -0.016765185 0.019819947 0.042455424 -0.050506655 0.009507124 0.017982643 -0.044824474 -0.0592719 0.0061854837
432 -0.052989725 -0.012627276 0.03446668 -0.015710311 0.010999588 -0.028358022 -0.030613594 -0.04387576 0.013737026 0.049608793 -0.049802028 -0.010804893 0.043101393 0.019364225 0.04943003 0.022653094
679 0.008251336 -0.07528448 0.07130292 -0.05842165 -0.07931388 0.052418835 -0.055329926 -0.02747226 0.009399736 -0.05590249 -0.037464134 0.052255303 -0.07208885 -0.017525056 0.002151889 -0.055838488
196 -0.035429124 -0.03439191 0.05602974 -0.073471025 -0.049605846 -0.016306411 0.07898217 -0.053853415 0.0045369375 0.014909424 -0.015364988 -0.06366048 -0.035400912 -0.043363225 -0.077181526 -0.0244087
782 -0.04315416 -0.01101599 -0.0052355984 0.006482378 0.043083265 -0.024610491 0.101633444 -0.020611564 -0.028599983 0.062489856 0.002520348 -0.04434752 0.018818965 -0.053703077 -0.0012631712 0.023857772
691 -0.020344464 -0.033411723 0.016915748 0.11028209 0.0027551502 -0.018763127 -0.02873622 -0.052385267 -0.029001053 0.08009979 -0.030770862 0.032975018 0.03030144 -0.06133803 0.012499029 0.029663524
584 0.05324332 0.048069254 0.05152604 0.032172643 0.020703334 -0.0042968397 0.0038998302 0.016981492 -0.08132652 0.061602898 -0.020730676 -0.034274947 0.051908586 -0.073245734 0.045929633 0.034398723
174 0.05697692 0.074981295 -0.021639785 0.022848755 -0.012733545 0.014871547 0.011666701 0.018163262 0.03366389 -0.043908637 -0.043143574 0.11197619 -0.029472964 0.0726279 0.06326784 -0.0057344222
217 -0.03043658 0.03749481 -0.04568002 0.12184337 0.087099686 -0.059547614 0.06842163 0.037736632 -0.039323457 -0.038202513 0.011760548 -0.058907814 0.007366148 -0.031116659 -0.008639183 0.029645177
718 -0.031704113 -0.04588889 -0.031130647 0.003849096 -0.0229177 0.096016556 0.04457999 -0.02311459 -0.039108306 0.040785696 0.055027444 -0.06581775 -0.08316754 0.058020517 -0.037691966 0.008188939
323 -0.09729889 0.023062138 0.004312652 0.090692945 0.004355588 0.034442477 0.07088562 0.049697537 -0.023363367 0.11789117 0.0381733 -0.08764235 0.066544525 -0.017165706 -0.031503752 -0.05223811
79 -0.011811175 0.052602734 -0.0402165 0.016097514 0.09784574 -0.04828805 0.106298596 0.043581743 -0.06436063 -0.06458452 -0.0063120546 -0.08592162 0.07539253 -0.0026447042 -0.07999452 -0.019425096
214 -0.06126158 -0.023143787 -0.01827577 0.023359975 0.056724608 -0.04475597 0.01608152 -0.01110833 0.048504453 -0.02724516 -0.012228279 0.057405427 0.08085301 0.026787188 0.043275762 0.023503385
604 -0.0826027 0.047795344 0.0042610522 0.06485596 0.065685675 0.111385725 0.011302338 -0.009448102 -0.078915484 0.03203825 0.0028326865 -0.07179845 0.09438102 -0.08213115 0.0003823931 -0.019703131
480 0.019834036 0.024813823 -0.04374707 0.07678827 0.029247852 0.061230768 0.002179893 0.026549095 0.013374278 -0.014770038 0.0069724442 0.024818411 -0.0067703393 0.049637817 -0.002559965 0.03620182
96 -0.006689238 -0.017254977 -0.017638426 0.10817885 0.10819191 -0.048981186 0.16476747 0.08346902 -0.010107885 0.06488055 0.10545034 -0.11610808 0.13031591 -0.036572035 -0.032310724 0.06748759
242 0.08044545 0.029035369 -0.024896378 0.092525765 -0.016999079 0.028129121 0.11420722 0.0055114296 -0.072450235 -0.016778644 0.055330172 -0.06667698 -0.009617272 -0.042726707 -0.019058974 -0.050932284
278 -0.0036281657 0.10958971 -0.05251295 0.091086015 0.06851876 0.014792146 -0.012237666 -0.0113350395 0.0040142993 0.008668126 0.06646025 -0.0036972696 0.17185892 -0.07871472 0.06376927 -0.032424435
475 -0.02321535 -0.0052268007 -0.05200644 0.081686586 0.033414785 0.051868416 0.07743947 -0.05353191 -0.033589642 0.040664345 -0.024688942 0.00107059 -0.027624678 -0.051106203 0.03784303 0.027081445
370 -0.060779206 0.0155829005 0.04893746 0.0112078665 -0.020621195 -0.006149037 0.074987516 -0.05677246 -0.023593908 0.06470069 0.08405642 -0.045763366 0.003086064 0.04286198 0.002067631 0.019634034
167 -0.03853032 -0.016561981 -0.030622179 0.09105041 -0.002567603 -0.0019666478 0.09541263 -0.04681076 -0.016555754 0.08659344 0.04112883 -0.07136711 0.06830343 0.023779038 -0.0065351347 0.046417143
125 -0.017263465 0.0010570842 -0.03607047 -0.004508267 0.046464626 0.008140396 0.04162612 -0.01295423 0.010039768 0.021715505 0.05180525 -0.052403655 -0.00711176 -0.031547546 0.0075583104 0.019481089
747 0.06476295 0.033000775 0.039906956 0.042522065 0.06462579 0.008834636 0.07220239 -0.042233195 -0.015569844 0.010194686 -0.038072802 -0.04909028 -0.023733098 -0.040186215 0.03842865 0.057111576
491 0.06738802 -0.017540574 -0.012491533 0.03557953 0.046882942 0.05260513 -0.012349806 0.017155884 -0.011041557 0.020878606 0.052509297 -0.03723885 0.02146256 -0.02017882 0.02342056 -0.01382788
811 0.02995519 -0.08605525 0.05264175 0.009842377 -0.03831079 -0.05091043 0.028234648 -0.066396944 0.004987144 0.06664681 -0.02510544 -0.026825987 0.0039872155 -0.04262084 -0.027154475 0.0024282301
396 0.052702747 0.022693034 -0.030859442 0.018816596 0.03201282 0.049294688 0.1115405 -0.043889783 -0.025749972 -0.05529736 0.089164704 -0.07894017 0.063949056 -0.078362666 0.014014823 -0.07105593
717 0.044453688 0.051772058 -0.032707937 0.01891164 0.0032703415 -0.0012025221 0.08771025 -0.048453487 -0.07801132 0.06510302 0.011143316 -0.094345786 0.005225499 -0.026983513 0.04373303 0.015183064
408 -0.027265768 -0.038578253 -0.06180685 0.055886164 -0.008527016 0.0043866434 -0.0039978544 -0.015619147 -0.067666374 -0.010378136 -0.026924623 -0.014951486 -0.00824984 0.004451956 0.032501068 -0.026252985
587 -0.017124457 -0.012778219 -0.03221406 0.087538436 0.03342289 -0.03358492 0.13318317 0.024421487 -0.13055062 0.105065875 0.16304003 -0.049037687 0.11240888 0.027331218 -0.0112361815 -0.05922035
194 -0.012059815 0.023485392 0.05208355 0.104691215 0.11330661 -0.063405104 0.022031076 0.046561077 -0.034412123 -0.08847479 0.0010206697 -0.057508845 0.06008202 -0.036707852 0.03598426 0.016963553
580 -0.017346539 0.026033783 0.008725822 -0.01281368 0.05458994 -0.044412136 0.0184881 0.02482544 0.005428436 0.04348284 0.019158434 -0.035675798 0.06469823 -0.03007424 -0.012867757 0.019729024
798 -0.031876206 0.020110894 0.027884608 0.022603557 0.004398835 0.004761595 0.048496984 -0.03816519 -0.022275476 0.02695833 -0.0022119936 -0.02341702 -0.07309596 -0.04071276 -0.03542877 -0.0381826
494 0.03521843 0.06551424 0.032256696 0.09374748 0.16210677 -0.06027735 0.13622713 0.037973005 -0.007988055 -0.0058890367 0.04068824 -0.075771496 0.08653231 -0.12938932 -0.025925593 -0.07400025
371 0.045962915 -0.13417625 0.018836146 -0.11341876 -0.012605334 0.04553791 -0.067763835 0.0042246548 -0.02601974 -0.047063384 -0.04403524 0.020107646 -0.14326662 -0.003415559 -0.06466716 -0.029039698
722 0.044354994 0.025929742 0.07120951 0.062188152 -0.03863879 0.0036017022 0.031349406 -0.018769054 -0.03030655 0.043747984 0.025095573 0.021259364 0.121300116 0.008729929 -0.052776437 0.061329238
303 -0.035774156 0.056124333 0.012487613 0.070022374 -0.07238269 -0.0038364162 0.0050420426 -0.012159508 -0.03369048 -0.0025069811 0.011820871 0.013545969 0.02781421 -0.07948134 0.06286089 0.024747506
243 0.0036922044 0.051673166 0.013324993 -0.04618068 -0.007238737 0.05771868 -0.09314052 -0.0051483833 0.06480083 0.01546203 0.014565557 0.059236057 0.012739017 -0.032860197 0.035041425 -0.010087043
405 0.00843966 -0.024339398 -0.049853414 0.11766226 0.10129493 0.06285649 0.014298224 0.05789946 -0.05366078 -0.0031103375 0.12617192 -0.05156081 0.13048196 -0.015882313 -0.022573244 -0.022611538
802 -0.09461773 -0.041793868 -0.00489653 0.0878546 -0.061268017 0.032063827 0.053755913 0.019212682 -0.08453124 0.05921484 -0.047742747 0.0023571264 0.06603578 0.018831676 -0.074541606 -0.023007533
381 -0.018113473 0.052292712 0.03792052 0.12831974 0.013968388 0.026780644 0.117644705 0.0140450215 -0.07216688 0.02508929 0.07339325 -0.032891635 0.047729444 -0.046195835 0.022609852 0.01182086
583 0.029543992 -0.0077307313 0.063083984 0.07887982 -0.05263565 -0.00876799 0.08018554 0.0076933675 -0.040766086 0.06599932 0.012092112 -0.014006719 0.01958304 -0.08423948 -0.008411984 -0.036843725
391 -0.042006448 -0.031611573 -0.060401138 -0.0022883057 -0.08251188 0.025689129 0.004113009 -0.099671036 0.004664416 0.09665653 -0.005255789 -0.019666635 -0.071786225 -0.051013663 0.025043098 -0.050693776
318 0.0049653347 0.06659803 -0.041482683 0.050114933 0.06445773 0.04069811 0.010323299 -0.026810292 -0.044493426 0.083189294 0.07409333 -0.028314518 0.047956485 -0.042276904 0.080753244 -0.032863658
301 -0.067698434 -0.0988091 0.032450907 0.005195128 -0.004725949 0.07427995 -0.056934856 -0.062020462 0.025475638 0.059997104 0.04784687 -0.044988528 -0.050049152 -0.0024218378 0.01473136 0.009834023
87 0.069442734 0.02315091 -0.0017792456 0.031669244 0.050520927 -0.056671094 0.026270116 0.06175862 -0.04742587 0.034209 0.029646028 0.030992353 -0.029543763 0.010727002 -0.0023637367 -0.07044403
791 -0.003417564 -0.01937257 -0.0144352 -0.05613574 -0.028040597 -0.05033702 0.032256916 -0.031869084 -0.07721819 -0.022388099 -0.06314265 -0.022082977 -0.045572054 -0.00596499 -0.028035961 -0.017567925
394 0.014167124 0.049864452 -0.04709416 0.08890491 0.08670884 0.0017870383 -0.0022575627 0.007180363 0.006695596 -0.004337895 0.039637398 -0.019933296 0.07276472 -0.020164592 0.0065741404 0.03867826
570 -0.0344961 -0.042963456 -0.0034132593 0.019267235 0.0004759055 0.025693169 0.063733466 -0.0064390246 -0.026230758 0.03029197 0.015055639 -0.011117332 -0.12078095 0.05288573 -0.024600636 -0.032043915
789 0.053220764 0.054007035 0.0347293 -0.013852723 0.012254393 -0.006041858 0.039534703 0.011929073 -0.05066271 -0.06764582 0.023413487 0.049766164 0.06583125 -0.01722847 -0.049911413 -0.009774959
465 -0.006350055 0.04237555 0.0127528915 0.071860045 0.06479581 -0.029250942 0.10682836 0.018503662 -0.031504095 0.053366974 -0.011399122 -0.057619687 0.04755745 -0.10783145 -0.0073379846 -0.06561999
553 -0.03905376 -0.061934985 0.047706775 0.057289902 0.06260581 0.046531048 0.05943165 -0.04282976 -0.041516297 0.05303117 -0.031505745 0.020101616 -0.037540033 0.01635983 0.008815199 -0.025831543
559 -0.03762864 -0.023680978 0.005181173 0.115455605 0.049580976 0.022830324 0.006563595 -0.012398753 -0.08028891 0.1453624 0.046964042 -0.09244716 0.09101485 -0.0031438284 0.031313278 -0.026454
505 0.032735135 0.10756515 -0.011284899 -0.037100676 0.0406491 0.040690396 0.01352221 -0.02185632 0.11836824 -0.10004827 -0.03516786 0.075358205 -0.0007374919 -0.023971712 -0.0035547176 -0.014038148
457 -0.01552758 -0.101210594 0.021283757 -0.022826986 -0.03698226 -0.072737016 0.0033609082 -0.042932946 0.03146641 -0.031237084 0.024739407 -0.030324701 -0.087279715 -0.02679552 0.014015247 0.015268255
377 0.012163399 -0.032128837 0.0060812323 -0.14239006 -0.12420082 -0.059737626 -0.06344618 0.023136413 0.050216515 0.00061554345 -0.053661745 0.04961632 -0.045852166 0.02832792 -0.056455288 0.026916238
473 0.01128424 0.00801588 0.01128852 0.19554853 0.11415218 0.042901717 0.11960268 0.035406627 -0.027855178 0.08210105 0.14783944 -0.1654727 0.13527349 -0.038225185 -0.029291043 -0.06296352
437 0.036365245 0.055261966 0.0015910915 -0.0022430466 0.04416957 -0.038480032 -0.04635951 -0.040937796 0.03025014 -0.029662209 -0.06613438 -0.019338813 0.053130973 -0.027795423 0.002526186 0.084217496
376 -0.019257896 -0.015420846 0.025352437 0.064393245 0.017676387 -0.070899494 0.07866983 0.04275138 -0.06745342 0.05335183 0.040997807 -0.11557505 0.087890714 -0.06164384 -0.032014377 -0.0037236393
429 0.021594346 -0.039689932 -0.035796665 0.0021239468 0.06865253 0.027998667 0.050836746 0.031502623 -0.0054837437 0.015010976 0.0014892181 -0.08128886 0.06034762 -0.048323534 -0.003624294 -0.06421229
650 0.029690348 0.03384325 -0.0062399413 0.09869937 0.114333 -0.002697579 0.05139581 0.05179689 -0.05884672 -0.06150341 0.055223733 -0.07696017 0.04832024 -0.08811963 -0.005963727 -0.0020459536
430 0.028127903 -0.113417 0.0038109715 0.012671607 -0.024964903 0.010382977 -0.006598194 0.0051295403 -0.026367709 -0.025312478 -0.0071319025 -0.06618 -0.08924132 0.013909892 0.011628655 0.024964472
380 -0.10164622 0.023662023 0.06978527 0.014653645 -0.01196669 0.036839608 0.037527226 0.00970172 -0.030326609 0.043748196 -0.04029106 -0.07325715 -0.07344089 -0.014629635 0.03251232 -0.055982634
524 0.018966945 0.08882984 -0.05095806 0.037574764 0.09798137 -0.040333703 0.13007513 0.021634331 -0.02096905 0.06061242 0.024234723 -0.030968565 0.08187575 -0.023356486 0.056735206 0.042924684
190 -0.0025547328 0.024085004 0.038435534 0.041056287 -0.041367464 -0.04558433 -0.04173514 -0.02927636 0.05116728 -0.030073797 0.032979317 -0.042912036 0.03380456 -0.050790183 -0.027380513 0.010029726
815 0.0643676 -0.08322883 0.03355214 -0.0560383 -0.094875835 -0.0024164473 -0.005578398 -0.02715134 -0.0758635 0.010031621 -0.07316184 -0.02117657 -0.093111984 -0.01903621 -0.008042921 0.008017674
664 -0.0074004177 -0.017558143 0.049446642 0.068280526 0.12652726 -0.05224191 0.07191148 -0.046329923 -0.02696017 0.05563749 0.048122402 -0.018699247 0.1416162 0.00867647 0.024530549 0.013217894
728 -0.089357235 0.0291352 0.038671844 -0.005586298 -0.028705206 0.055562712 -0.045741417 -0.015677745 0.037473418 -0.035437375 0.021239746 0.07489688 -0.053268723 0.05235895 -0.0046421643 0.0898793
821 0.0066082436 0.059735358 -0.017052129 0.111027785 0.11101857 0.05510185 0.09424291 -0.018831523 -0.03647553 -0.036784053 0.01923552 -0.045027867 -0.001973671 -0.00075648306 0.049330328 0.047356788
620 -0.09879434 0.05545906 0.022397963 0.08376214 0.16604233 0.018584477 0.062403288 0.011882531 -0.02507969 -0.016469805 0.08778257 -0.01940919 0.17928341 -0.13097647 -0.032644946 -0.09034459
648 0.016783465 -0.018005414 0.018253643 -0.008782407 -0.016817844 -0.034778714 0.05587701 0.017725475 -0.06517896 0.06622737 0.075503096 -0.035593886 0.0447958 -0.052617095 0.007381314 -0.017520856
435 0.0070837266 -0.024048345 -0.046198014 0.08920951 0.08162116 -0.019908067 -0.013069845 -0.001862092 -0.08138088 0.07878176 0.062213182 -0.030139001 -0.020925088 -0.023699751 0.040138856 0.015286821
545 0.007177684 0.09804518 -0.072844796 -0.017106723 0.07784395 0.001954312 0.026381547 -0.0067923563 -0.034101423 -0.07634814 0.05898241 0.03165758 0.08571496 0.011753812 -0.013594196 -0.040369067
591 -0.044287276 0.029327614 0.018703273 0.15656242 0.056754302 0.0139270825 0.11994164 -0.014065581 -0.06113627 -0.0043415693 0.08992547 -0.0051124385 0.11518373 -0.009183012 -0.019040296 -0.026425872
509 0.025655175 -0.035537913 -0.010496884 0.105887465 0.04189439 0.05150333 0.04310718 -0.060658623 -0.00095967547 0.04205077 0.08705402 0.012837863 0.06898902 -0.014430868 -0.020023003 -0.033961903
585 0.0060907654 -0.045344196 0.02315227 -0.011618307 -0.01902255 -0.00089949486 0.019672617 -0.06578997 -0.033762097 0.0034882794 -0.0068957554 -0.030162815 0.044630293 -0.046679094 -0.014057617 -0.077128224
565 0.039708663 -0.01050362 -0.064603545 0.05167392 0.06797167 -0.07029973 0.046010397 -0.042307463 0.010287635 -0.039381087 0.028913263 -0.031420924 0.0009867197 -0.04210629 -0.05283705 -0.011297466
205 0.016127348 -0.018608999 0.03617326 0.1265118 0.10618314 0.03598572 0.08286193 -0.016531529 -0.03796448 0.075978406 0.07707634 -0.01598129 0.06644794 0.01089279 0.047473732 -0.036168728
171 -0.021364918 -0.009325456 -0.045289647 0.045706503 -0.057040367 0.0127740875 0.025731713 0.041295663 0.013522475 -0.0042584483 -0.08816246 0.07480549 -0.03269931 0.015649976 0.0052431277 0.03719932
727 0.030130122 -0.11897067 0.045046173 0.011195627 0.03869888 -0.01166599 -0.038450226 0.012808193 -0.08060277 0.013556823 -0.016966091 0.03881702 -0.012330111 -0.006332329 -0.06619722 0.052297436
280 0.022844987 0.10953115 0.05087962 0.062266685 0.05649316 -0.10255656 0.024948183 0.024878317 -0.05694824 0.0067019435 -0.002639127 -0.090011455 0.10217412 -0.04172054 0.048399005 -0.011102349
422 0.07076536 -0.0732037 0.027580852 -0.0040019676 0.0857349 -0.032413498 0.021939179 -0.034685183 -0.03199961 -0.0020677203 0.034686297 0.013233445 -0.074471064 0.08534415 0.036497734 0.045909673
707 -0.10409089 -0.062336843 0.008156592 0.06093298 -0.015584924 0.112217486 0.051317777 -0.059717454 0.0122072175 0.057011615 0.06718885 0.049962748 0.0027608157 -0.026594965 0.06370739 0.0007554421
762 0.021990437 0.007826033 0.021669105 0.12410295 0.07117397 -0.012003585 0.038548794 -0.021097517 -0.09651809 0.079121135 0.10668382 -0.012746986 0.12686561 0.00055434054 0.018712278 -0.054054946
808 -0.012683491 0.0441838 0.009236896 0.13555509 0.05687809 0.034836065 0.12862271 0.03140143 -0.0009831882 0.074412905 0.108883195 -0.07262198 0.097166285 -0.00879367 -0.026402518 0.043261483
364 -0.06438087 0.0042756996 0.016884094 0.05001351 -0.058889773 -0.03183241 -0.013872476 -0.027222447 -0.0004965833 0.057486713 0.037735954 0.0212247 0.05506714 -0.06293194 -0.017290615 0.043392047
735 0.0031585512 0.065990895 0.053106867 0.03369997 0.0687564 0.03600508 -0.015710939 0.04102112 -0.041380644 0.03090054 -0.0021994235 0.010627415 0.071019806 -0.039035313 0.023338163 0.05069467
245 0.022430962 0.07852221 -0.034645826 0.16452016 0.102698214 0.011209157 0.085914716 0.039812073 -0.0911627 0.026167559 0.11165093 -0.10963741 0.16000274 -0.032655578 0.0460379 0.03453729
630 -0.056588575 0.078238145 0.05905039 0.035794694 0.024417292 0.0717568 0.038484793 -0.03983382 -0.010519719 0.03297062 0.06428876 -0.117123336 0.064674065 0.005280346 0.052844923 0.004980991
490 -0.0075120167 0.0047733574 0.011096807 0.104540266 0.044432044 0.08181615 0.022225183 -0.04763966 -0.021431366 0.06494678 0.054565463 -0.036579587 0.11959732 0.0121149765 -0.0069324127 0.06799022
266 0.038889922 -0.014264972 0.054793626 -0.08633995 0.015432612 -0.055382624 -0.016847884 -0.038139228 0.070950806 -0.073200785 -0.027363151 -0.013969292 -0.0613315 -0.06630382 -0.053935803 0.040208865
336 0.058069754 0.036794446 0.0600073 -0.054357402 0.030525811 -0.023455452 -0.024253678 0.07254353 -0.042908438 0.008951928 0.020068707 0.005035451 -0.0557559 -0.028988717 0.0201386 0.0028582532
91 -0.015275058 0.013396792 -0.032473955 -0.014807259 -0.041478284 -0.019992154 0.054745674 -0.0772458 -0.021349635 0.012694213 -0.031773362 0.01392471 0.04459669 -0.05932002 -0.020637624 -0.00918795
503 0.04334358 0.049930967 -0.010406483 0.016393792 0.085762486 0.044925496 0.061121807 -0.012534375 0.0432746 0.047083095 -0.0345786 -0.074838445 -0.02246615 0.01350951 0.047924716 -0.042219013
251 -0.06343343 -0.045439694 -0.0065227435 -0.010729983 0.029366763 0.024836836 0.028124793 0.055977426 -0.05298549 0.032714814 0.0007232572 -0.05542843 -0.06783684 0.049737606 0.03672165 -0.053660315
216 -0.02345234 0.013232378 -0.032582186 0.010759737 0.07342292 -0.064542875 0.034518126 0.04573959 -0.05807226 -0.027996099 0.08062692 0.034869745 0.019655883 -0.03247895 -0.043607946 0.035591703
506 0.074255995 0.04358453 -0.02979801 0.0815184 0.05412551 0.0046925484 0.023172839 0.0048163547 0.00047409546 -0.031867757 0.021600846 -0.017674658 0.004341512 -0.02778615 -0.007109643 0.011623429
693 -0.06617461 0.023459088 0.030855495 0.10567147 0.11197923 0.06395456 0.024414064 0.03119436 -0.03644901 0.089246795 0.054483294 -0.10375155 0.021507647 -0.04114155 0.013967328 0.062054627
90 0.014404553 0.05391059 0.008700132 0.07024346 0.025816387 -0.06732403 0.064622045 0.045760296 -0.000109975226 -0.03902367 0.09056598 -0.09251782 0.07149207 -0.07482359 0.044153016 -0.0027051466
677 0.021631513 0.054565396 -0.030618865 0.15801522 0.1385217 -0.013330802 0.103093415 0.022065472 -0.022869969 -0.06183225 0.018814482 -0.0020003577 0.10362766 -0.05442706 0.042283628 -0.03713464
65 -0.036640838 0.005473543 0.044761676 0.055495977 0.0031401431 0.036520764 0.062774554 -0.03555216 0.05313694 -0.009353475 -0.060967404 0.002917523 -0.036761854 -0.051080074 0.044360176 0.024798661
331 0.01762232 -0.06966902 0.057967883 -0.031790797 -0.026305972 0.04390682 0.019620353 -0.04690266 -0.01341697 -0.092158586 0.009206338 0.056932956 -0.08190629 0.04267631 -0.059082065 -0.015501914
208 -0.054974347 -0.027693491 -0.045641176 0.035426255 0.01217316 -0.0049348227 -0.031371295 -0.0102509605 -0.048296705 0.03842267 -0.029649187 0.033992518 0.0523451 -0.07588802 0.058455348 0.04376055
297 -0.028042058 0.0074577495 0.036300197 -0.015025959 0.048491437 0.010314966 0.08733833 -0.037576076 -0.06668576 0.024598818 -0.014703897 -0.05180679 0.0428011 0.0259027 0.050719324 0.011412175
697 -0.057027776 0.0573877 0.0013802367 0.09941155 -0.013868464 0.036368057 -0.0052331984 0.048631143 -0.070753895 -0.008894987 -0.013458571 -0.0026994506 -0.022336787 0.00399528 -0.011468796 0.04541502
341 -0.045893457 0.033084854 -0.014761572 0.036606222 0.028958555 0.003954055 0.00088624586 -0.0020702742 -0.04754143 0.023661112 -0.004209485 -0.06195856 0.07644855 -0.06759487 0.04048364 0.0015417833
317 0.048469346 0.022223014 -0.03208607 0.11198323 0.084972076 0.03217443 0.058625117 0.034254562 -0.06131815 0.06406341 0.08071626 -0.08408782 0.022937426 -0.09416312 0.016959827 0.044534907
268 0.052854795 0.032807656 0.005112784 0.10701038 0.008106235 0.022546845 0.016575597 -0.06246571 -0.023833843 -0.048091035 0.05853018 -0.08890925 0.028992768 -0.044814445 0.020707607 -0.02092627
207 0.030085448 0.0021588448 0.026987521 0.096395485 0.050258543 -0.05989686 -0.024944058 -0.009492802 0.053743284 -0.0036229226 0.030587977 0.019130431 0.021627862 -0.028520739 -0.0075109187 -0.04473067
300 0.08017152 0.0025713043 -0.010380728 0.02270429 -0.017573584 0.034986183 -0.024835682 0.044274833 -0.029229041 -0.05589187 -0.08556227 0.07017928 0.032968346 0.039906584 0.050322946 -0.008948205
379 -0.025967253 -0.071602985 -0.038346853 -0.12314196 -0.08813793 0.0004189464 -0.07503228 0.07688532 0.069755316 -0.012872273 -0.011425496 0.036385205 -0.07285504 -0.011610343 -0.045555428 0.041156374
100 -0.033917606 0.036052443 0.035826467 0.10526835 -0.018333038 -0.011566615 0.03299491 -0.02999923 -0.06663296 0.0820057 0.020736586 -0.007078436 0.0376468 -0.057099335 0.023702165 0.01251537
538 -0.04066795 -0.05743955 0.024157489 0.023804378 -0.03159173 -0.008763348 0.01741362 0.038741827 -0.06636523 0.045106906 0.05463669 -0.011367872 -0.085495114 -0.042919394 -0.033895385 0.05621316
609 -0.05954856 0.044661194 0.00031173485 0.062214877 0.023232386 -0.05087165 0.025930645 -0.021209778 0.015746128 0.027061237 0.050969724 -0.060722385 0.09343236 -0.061200906 -0.063161336 0.00898988
665 0.010436008 0.06374722 0.030521214 0.06839078 0.053676516 0.024255354 0.04756883 0.058276527 0.014215806 -0.038250122 0.058115706 -0.08961999 0.084313914 -0.022818347 0.038019434 0.018966248
581 -0.042722005 0.04956617 -0.020299684 0.0598667 0.041491415 0.044434898 0.10940766 0.05511031 -0.014569169 0.048185416 0.08906146 -0.031541664 0.012170624 0.016091606 -0.046433967 -0.04414815
446 -0.036901243 0.027284736 0.02619616 0.058736943 0.014788264 -0.047507927 0.019860651 0.006736609 -0.00915319 -0.005526834 -0.03187026 0.016497077 -0.0021930493 0.04360584 -0.05247093 -0.041694853
577 -0.06791247 -0.026166985 0.03333458 -0.029267792 -0.020282526 0.06682875 0.01286921 0.0071528046 -0.018875463 0.060745515 0.0009252833 0.017192768 -0.059230268 0.0029242563 -0.05449111 0.0454106
378 0.023217222 -0.06498541 0.055441238 -0.020836152 -0.08952346 -0.008349963 -0.06340304 -0.038967747 -0.013125817 -0.019477619 -0.0547098 -0.016101934 -0.008624337 0.03751644 -0.015969248 0.012404561
803 0.037020236 0.005888291 0.013869989 0.013055067 0.01490143 0.030365944 -0.030759307 0.043364365 0.028132888 0.023146205 0.04290007 0.061161973 -0.0017265733 0.033587333 -0.070930116 -0.056933895
440 -0.021053797 -0.037278987 0.05429139 0.062723674 0.01748196 -0.01313538 0.0541454 0.016240254 -0.026131153 -0.00032306474 0.0130494 -0.012474375 -0.044945978 0.056632195 0.015957 0.029684901
477 0.014104508 -0.0539799 0.020340187 -0.08620779 -0.050957303 0.023931561 -0.02568664 -0.011171574 -0.059911683 0.043496545 0.015037922 0.025530025 -0.09270861 0.020140247 -0.09209836 -0.01367889
759 -0.056441627 0.027647309 -0.00066125137 0.075113304 0.09854214 -0.012628636 0.034692246 0.04065481 -0.06510744 0.012581289 0.06515399 -0.0631771 0.10179567 -0.031421583 0.03475044 0.01199537
452 -0.058603033 -0.02919631 0.032708723 -0.04473205 0.009339392 0.010045551 0.049775437 0.020450989 -0.05280414 0.07026226 -0.034801733 -0.10299606 -0.010174788 -0.03044292 0.0010586595 -0.042479854
593 0.05372318 0.018271388 -0.027775228 -0.02494951 -0.00035779178 -0.036652584 0.04043532 0.008529257 0.0041818083 -0.048913907 0.024140265 0.001974903 0.005178282 -0.07444143 0.044492237 -0.01435587
788 0.016252343 0.05412893 -0.024920827 0.15258098 0.021071058 -0.028506622 0.06333761 -0.019244874 -0.017553175 0.060872443 0.032813035 -0.0004612439 0.020666884 -0.05113982 -0.010830529 0.051702887
801 0.0411395 -0.0040088715 -0.0125357015 -0.04706141 -0.009813494 0.102463365 0.021386057 -0.08308762 -0.055025473 0.012172743 -0.029494338 -0.023491148 -0.026241992 0.046891727 0.009300237 0.05028219
586 0.0030054236 -0.008903595 0.066163905 -0.057244807 0.031730805 0.08700882 -0.08843384 0.018950175 0.03456296 -0.071143635 -0.10619558 0.06291196 -0.12847543 0.010500414 -0.013622707 -0.009023903
418 0.006231841 -0.07902525 -0.023952669 0.05261355 0.08591345 0.028537009 0.03463524 0.019436412 -0.07838338 0.037451908 0.04732233 -0.011596558 -0.031073682 -0.04048431 0.013979806 -0.016550237
550 0.07470811 0.0067334324 -0.043665264 0.0056693535 0.004918892 -0.069546476 0.09922371 -0.016576748 -0.005097661 -0.039694283 -0.02374607 -0.0002865307 0.047711797 0.027432218 -0.0020393266 -0.034931324
710 -0.05166525 0.04245274 -0.019397857 0.10510608 0.118482314 -0.049784712 0.10808353 -0.0022759093 0.033791907 0.042509805 0.085578896 -0.028134141 0.04512168 -0.041718736 0.03411284 -0.030658698
790 0.03525375 -0.030066831 0.03772808 0.0054990663 0.011954278 0.06491803 0.006819793 -0.057630207 0.0052668545 0.046152264 0.05407303 -0.038470656 -0.015071284 0.024235368 0.020588627 -0.0021676733
702 0.016589507 -0.08053787 0.030432818 -0.03998664 -0.09279301 -0.019470261 -0.0432551 0.008317929 0.09275211 -0.10155168 -0.012942838 0.0018374093 -0.10956264 0.049714185 -0.050023418 0.0095512895
544 -0.0967195 -0.011011067 0.06777325 0.09149246 0.05760816 0.033574153 0.023896381 -0.08290314 -0.006875114 0.08510838 -0.037057206 -0.02110346 -0.047782052 0.0020062302 0.06086284 0.0069255424
719 -0.04611019 -0.015693462 0.029006794 0.030891053 0.0021897035 0.031670727 0.024583116 0.005735422 0.032134864 0.030157095 -0.008359431 0.028898563 0.047309544 0.01274037 0.04226414 -0.018817816
274 0.052054662 0.0062087565 0.028490266 0.013660261 0.018748155 -0.030708864 0.090891145 0.04833858 -0.061925314 0.020173814 0.05189933 -0.040569536 0.052775305 -0.043296114 -0.0053073037 0.032698646
366 0.06472926 -0.0095424475 0.04037623 0.0028869803 -0.05932269 0.014495792 -0.03902959 0.050775103 0.042599935 0.008557646 0.019346213 0.017513694 -0.030037012 0.009222268 -0.026172755 -0.033215623
778 0.020336756 0.012525007 -0.020137304 0.02469457 -0.05056806 0.07322886 0.04223391 0.002463271 -0.021424279 0.024921473 0.052024834 -0.055344205 -0.041140452 0.002798772 -0.043630216 -0.06230362
527 -0.024488643 0.011242592 -0.024062732 0.030269679 -0.00072398275 0.00064086565 0.040216405 -0.035214394 -0.085838355 0.09643662 0.12008981 -0.022220463 0.0524705 -0.044424944 0.004172489 0.003399822
170 -0.011047132 0.027262483 0.03633415 0.024827436 -0.013845596 0.04848838 0.04737274 0.011347841 0.021665346 -0.0059731794 -0.0189621 -0.029997183 -0.01329588 -0.051970147 0.012878028 -0.062064935
95 -0.02728578 -0.016200554 0.0022085134 0.07275702 0.040823728 0.02835526 0.035000995 -0.04867072 -0.073551826 0.08665885 0.053883087 0.014511367 0.07239601 -0.004875415 0.03316115 0.06285815
305 -0.057740424 -0.08368875 0.06032181 -0.080603264 -0.057766054 -0.062230308 -0.00575385 0.03318851 0.056948986 0.04417983 -0.025576366 0.08045475 0.015729064 0.016878052 -0.03127468 -0.0110362
689 0.033060998 -0.041238587 0.00052899 -0.032055743 0.03477756 -0.029210389 0.032919843 -0.03300239 -0.0381313 0.05008347 -0.045163512 -0.049808476 -0.008403696 -0.06897545 -0.06716074 -0.05125213
705 -0.06447171 -0.061444703 0.06424101 -0.06607859 -0.08240932 -0.04456163 0.024593506 0.050018795 -0.028890444 0.035081152 -0.009118764 -0.027461622 -0.028827505 0.006950683 -0.02943325 0.025831867
502 0.079728834 0.05765839 -0.043602202 0.048935425 0.022964666 0.043468572 0.1027077 0.06020155 -0.031553794 0.015391138 0.019366661 0.0073422543 0.05279759 0.0066851596 -0.02784568 0.050090518
213 0.04133426 0.022523869 -0.04265896 0.0064510005 0.06427347 -0.021404695 0.07067629 0.006896217 -0.0678581 -0.02640071 0.09120673 -0.078877345 0.03578521 0.0076180296 0.024776641 0.04134329
279 0.0062505435 0.031415295 0.010836898 0.012552302 0.0088597825 0.045016125 0.018049609 0.03918205 -0.054324254 0.06537621 0.016491653 0.046664353 0.025940483 -0.019105772 0.053487204 0.005469103
749 0.027742552 -0.029620865 0.01660452 -0.005109571 0.03829855 0.038408745 -0.06251156 -0.015771512 -0.016065372 -0.01893103 0.03004923 0.054098766 0.018617326 0.040631916 0.0325042 -0.038048763
316 -0.04927506 -0.03364684 -0.020591177 0.097242065 0.012600991 0.007510067 0.03560545 0.034850407 -0.08827868 0.027788442 0.056029543 -0.074353516 0.054054987 0.02141978 0.05109307 -0.001190856
460 0.05781695 0.026780143 -0.06818162 0.0018334128 -0.015784837 -0.004071758 0.01919495 0.03120833 0.0065287882 0.06933068 -0.022295637 -0.08678832 0.08638146 0.04025895 -0.036415596 -0.0011579805
784 -0.073116876 -0.03194953 -0.028379278 0.12312825 0.014038427 0.032872275 0.033686426 -0.035182808 0.004415492 0.06550145 0.038569458 -0.007749811 0.0856943 -0.044187263 0.043819673 -0.064600594
258 0.004915816 -0.061340827 0.0019609733 -0.03631637 0.01064518 0.06939905 0.04632016 -0.0023857336 -0.057387408 -0.051028363 0.06638481 -0.08450203 0.025384633 0.010937969 -0.016261421 0.033611435
395 0.009026057 0.06606846 0.037313946 -0.004746891 -0.0013162701 -0.00754631 0.0041506845 -0.025492918 0.024868106 0.06588176 0.010865322 0.029792072 -0.021568673 -0.051938098 -0.020969827 0.061722573
799 -0.029858377 -0.00062832923 0.043737493 0.09912277 -0.006778939 -0.012388477 0.021501474 -0.039732136 -0.056795806 0.00026707002 0.043730404 -0.048986472 0.034217734 0.01093777 -0.027538328 -0.024485795
250 0.039910875 -0.00092154805 -0.013940434 0.054728486 0.050393805 0.00045747164 0.016017787 0.008877488 0.04335512 0.0075230342 0.07851779 0.028723115 0.08503132 0.026162477 0.025069635 0.012117013
335 0.057530053 -0.0033260614 -0.05126339 -0.007459961 0.025555642 0.025682501 -0.03165451 0.051246878 0.052363038 -0.04292383 0.024252916 0.0551098 0.050920933 0.037029725 -0.04506977 0.018087024
120 -0.010981981 0.03732672 -0.022224046 0.08007443 -9.9706e-05 -0.049247697 0.079128124 0.045799408 -0.037992567 0.020302877 0.06451503 -0.06605316 0.058787353 -0.04860511 0.04021192 -0.04253224
257 0.043178868 -0.020085048 0.05602875 -0.022916798 0.044999786 0.026208501 -0.014565744 0.0014058861 0.0034244726 0.07621939 0.016419927 -0.0026324324 0.016301898 0.05310984 0.016294006 0.056436926
829 -0.0665415 0.06954215 0.016775383 0.09524828 0.024854057 0.030120514 0.06260445 -0.010809945 -0.03863267 0.08010962 0.049964704 -0.0037137442 0.05454571 -0.03246555 0.052993134 0.021417972
247 -0.024565239 0.002886783 -0.04310326 -0.022141842 0.03778872 0.054038677 0.0116704935 0.016282048 0.025599303 0.013354576 -0.024827784 0.06849427 0.022730906 0.017379265 -0.034834765 0.044221275
485 -0.032559134 -0.07549847 -0.002719246 0.0057244515 0.053406242 0.08311317 0.028357638 -0.05809849 0.048472043 -0.03086902 -0.055530492 0.023915345 -0.05826253 -0.046972126 0.029115751 -0.05310093
526 -0.020120544 -0.068502225 -0.061788138 -0.09258114 -0.07545431 0.09345942 -0.006697072 -0.0147326775 -0.030135494 -0.05747863 -0.0075612473 -0.029273445 -0.107848346 0.042724412 -0.007402431 0.008338517
413 0.016488183 -0.04218748 -0.028740993 0.02093542 0.06470657 0.022331726 0.033552166 -0.04192058 -0.054052077 0.081601486 -0.012549547 -0.04149354 0.04486438 -0.02739459 0.0482907 -0.044470023
227 0.037590012 -0.05125534 0.028753854 0.026631651 -0.0487294 -0.021540128 0.035298165 -0.036115415 -0.07883273 0.026314156 0.0069886544 -0.00073846115 -0.05165749 -0.04216718 0.010251025 -0.029612
402 0.09180011 -0.0390945 0.030090582 0.03578581 0.03159295 0.036027804 0.0047581615 0.07093484 0.025146421 0.024751022 -0.0059654764 -0.044238966 0.05595923 -0.037663173 -0.030304527 -0.05004744
753 0.033870056 0.024014808 -0.019792048 0.018668849 0.003751773 -0.0363721 0.008447757 0.06154566 0.033816267 -0.024355475 -0.062228985 -0.0075911116 -0.05614537 -0.022815976 -0.050308574 0.029002404
456 -0.025264617 -0.023124384 0.03247412 -0.023306232 0.09403256 -0.0010119928 0.053126026 -0.0354624 -0.061555237 0.013911052 0.083738424 -0.041792452 -0.028206032 -0.046377715 0.0079476535 -0.060610797
193 -0.053198062 -0.02258406 0.002694284 0.0072641117 -0.016234856 -0.015520257 0.0053045005 -0.026422018 -0.034953285 0.049454644 0.009458409 -0.06437139 0.04084137 -0.08337112 -0.030727152 -0.03757852
488 0.021304075 -0.04003181 -0.049083263 -0.0021760259 -0.020527227 0.0005160106 0.015627537 -0.036556803 -0.06300494 -0.045698248 -0.049719673 0.0006788467 0.027773444 0.026904104 0.026737373 0.0364002
420 -0.028679932 -0.016415585 -0.005212665 0.053385336 0.0060581747 0.06602864 -0.030869478 0.0028677918 0.00308963 0.012995542 -0.025734968 0.019432932 -0.018635696 0.04296371 0.07727298 0.04358236
748 0.088672176 0.0057693375 -0.04194816 0.00998665 0.00065750047 0.057445195 -0.013136435 -0.0149078835 0.08653276 0.018360589 -0.050850406 0.062074024 0.020137902 -0.0077797896 -0.049262695 0.033509754
272 -0.029125739 -0.047926683 0.051841382 -0.08461827 -0.067866266 -0.03511491 -0.017773338 -0.05430955 -0.016858682 -0.06504947 0.011055016 -0.028651364 -0.042076174 -0.03378082 -0.020569574 -0.007911567
200 0.03458697 -0.032469492 0.012679985 0.06020428 0.06742922 0.0052763238 -0.0016990536 -0.024634887 -0.07326538 0.089583404 0.057673518 -0.07707173 0.039511394 -0.05536881 0.061796747 -0.012290182
704 -0.003833095 0.07378746 -0.045492392 0.11662934 0.08667365 0.022232039 0.031129079 0.009575795 -0.05785327 0.077967845 0.14615692 -0.11699564 0.084669136 0.0017886376 -0.044316363 -0.07904706
731 -0.050320648 -0.021495132 0.05101216 0.027796635 0.039255064 -0.031935222 0.0145806335 -0.060267974 -0.049869493 0.07037015 0.09586573 -0.016585343 -0.0021149002 -0.026761826 0.032666244 -0.044661473
237 0.0028352777 -0.026406033 -0.060697485 0.10076486 0.110652365 -0.043279786 0.1089092 0.059167523 -0.03368916 -0.024459088 0.003494911 0.013131807 0.057055805 0.012825871 0.011303143 0.015574221
796 -0.003338427 0.08166189 -0.022414966 0.04241251 0.08475475 -0.03557385 0.0955468 -0.055960063 -0.06062455 0.057192344 0.014325609 -0.09002422 0.05783451 -0.08099328 -0.037861 0.0072347843
471 0.0018711614 -0.037867524 0.033455208 -0.0064877407 -0.0054544574 -0.03295493 0.092105255 -0.015735188 0.034926236 -0.05174704 0.01373 -0.023607591 -0.030991687 -0.03618022 0.003537656 -0.010204794
548 0.044028714 0.018160883 0.03437216 -0.039683428 -0.03317443 0.05050695 0.029051226 -0.049076013 0.065766454 -0.02526441 0.010480304 0.039800093 0.007509215 0.024273628 0.056168027 0.033977687
508 0.033430684 0.046753388 -0.028258672 -0.020912362 0.046508186 0.0052757096 0.0016335356 0.06088883 0.049265787 -0.03968518 -0.042954724 -0.038050782 0.0009058841 0.03456173 0.0012129741 0.04554081
263 -0.06736835 -0.026683085 -0.04691645 -0.020316737 -0.04873785 0.040085316 -0.020427033 0.03401598 0.030619059 0.08507646 0.027100954 -0.07504246 0.033517502 -0.025278699 -0.026463049 0.006029563
315 -0.021030193 -0.043363437 0.008315167 0.008049763 -0.012512703 -0.012110213 0.03448589 -0.017795833 0.02638372 -0.0022220104 0.043173976 0.017988335 -0.032043573 0.012013673 0.04223357 0.051563144
594 -0.043732535 -0.04247681 0.008898359 0.0020107774 0.049174096 -0.029767565 -0.047630522 0.0073392526 0.0003528169 -0.05470894 0.0063971234 0.026403274 -0.02400882 -0.029495256 0.04997781 -0.007853991
828 0.0046530226 0.026406294 -0.04927378 -0.06683727 0.01785521 -0.031625424 -0.072353825 0.020741498 -0.018949725 0.0031261523 -0.029607654 0.054434195 -0.044593632 -0.023220923 0.008014373 0.05614372
455 -0.040692 0.011744026 -0.04625955 0.10019894 0.070168436 -0.026004735 -0.031720534 0.04722501 -0.018349005 0.03882404 0.014222058 -0.007317095 0.024604565 0.046696175 0.040656857 0.054295
453 -0.04264182 0.053866524 0.013821045 0.076179124 0.045774538 -0.020247761 0.06563308 -0.0018483124 0.0032650288 0.0651048 -0.025216782 -0.08265926 0.0893153 -0.0706678 0.012361434 -0.060313337
472 -0.011070296 -0.0020941151 -0.05438897 -0.0019288557 -0.02341627 0.016191948 0.067035235 -0.030689972 -0.03600123 -0.013998011 0.05474086 -0.051575333 -0.015691252 -0.039141696 -0.0026825303 0.05334068
518 0.051274832 0.009134891 0.051404055 0.0025937965 0.058664124 -0.06938224 0.061608948 -0.0028146217 0.04905463 0.014476935 0.020675661 -0.03595779 0.06662314 0.049640708 -0.011388878 0.029319692
384 -0.024565402 0.021374453 0.047006376 -0.022015693 0.020034019 0.027851986 -0.06382131 -0.03649451 0.061431795 -0.010134842 -0.024896318 -0.05156599 -0.07717998 0.001458863 0.052081693 -0.02608647
474 0.0064145843 0.012525597 -0.03870639 0.09052886 -0.02941776 -0.006954604 -0.006200211 0.0135937175 0.0051555657 0.076477736 -0.007013776 -0.006276324 0.049370177 0.031115592 0.043801084 0.024322161
800 0.011486085 -0.01608331 -0.0064638066 0.07279421 0.0504613 -0.030179 -0.016966384 0.04496695 -0.011763515 -0.017239468 0.077815026 -0.04660727 0.006050805 -0.0042563034 0.019394055 -0.04057568
436 -0.050811216 0.014530286 0.0055896454 -0.05702294 -0.01744721 0.017172758 0.0648066 0.029356055 -0.07034458 -0.027333148 -0.01576472 -0.073116474 -0.008603627 0.016164925 -0.06599712 0.039182518
56 0.04765686 0.06843624 -0.054539792 -0.0039100507 0.057946105 0.044855252 0.09403119 -0.04625569 0.038185857 -0.0011580905 -0.0018803554 -0.07769818 0.072412126 0.016367381 0.036474217 0.03425482
209 0.010320147 -0.015810842 -0.0020107026 0.084263854 0.049913 0.02200848 0.014218919 0.028748047 0.040136795 0.049219154 -0.0077807885 0.036874443 0.06920197 0.012408908 -0.01716389 0.017268877
708 -0.00032850273 -0.053629685 -0.037430603 0.016053036 -0.07986922 0.03588047 0.021376247 0.050509173 -0.05478922 0.0068048346 6.7138084e-05 -0.027577477 -0.07052654 0.02508466 -0.0462563 0.0019092531
757 -0.023032276 -0.036593962 0.060459033 0.015141828 0.0031509064 0.05685941 0.079452716 0.06840238 -0.029582014 0.020137835 0.03728395 -0.03406077 0.07853464 0.017208215 -0.04897388 -0.05957934
676 -0.070844 0.06349216 -0.01601968 0.026917562 -0.017120827 -0.047207672 0.031589348 -0.015040632 -0.038081694 0.054791342 0.08005397 -0.07868761 0.004500441 0.030423697 0.013713392 -0.0142957205
448 0.025333744 -0.025242269 0.037217204 -0.06566682 0.015000473 0.00018938142 -0.07323292 -0.017259723 0.011472551 -0.03547125 -0.01535693 0.020685181 -0.005633587 -0.0076794117 0.006129518 0.04046951
563 0.0014595196 -0.013902119 0.020917939 -0.053384505 0.028438006 0.016946707 -0.024967464 0.025663115 0.03458423 0.06739726 0.038009685 -0.016462378 -0.046302244 -0.012220442 -0.018561654 0.029525567
805 0.042757615 -0.011677497 0.008789908 0.07627942 0.012391962 0.0024096027 0.04580515 -0.042176962 0.039891776 0.059133947 0.04515143 -0.06246702 0.02007293 -0.023040581 -0.016605282 -0.040015694
253 0.038223796 0.03454816 0.016738797 0.04774618 -0.039279927 0.034747753 -0.025374522 -0.0075128544 -0.03517869 0.039980378 -0.04075414 0.04658335 -0.04391784 -0.029181294 0.046391863 -0.018105445
617 -0.03784349 0.042916883 0.060210206 0.040264342 0.03842557 -0.014046477 -0.0041649006 0.007884929 -0.058259096 0.01139848 -0.058265317 -0.06555739 -0.043367475 0.013060712 0.00071852084 0.050489947
239 -0.0615382 0.016261091 -0.0203743 0.02405726 0.0040087053 0.060997956 0.04581531 0.009338653 0.049816202 0.041697223 -0.015837885 0.05554942 0.018493187 0.051452205 -0.044555094 0.0048244065
372 -0.035236552 -0.017433835 -0.039356716 0.009270294 0.03078797 0.046010643 0.0041672834 0.060460936 0.016528795 -0.059610922 0.015573996 0.019235006 0.035874505 0.005997962 0.042345904 -0.03196421
339 0.046550326 -0.038189016 -0.025594141 0.042406302 -0.029867463 -0.04519644 0.008218568 0.057095896 -0.031638276 0.017241906 0.03927911 -0.045841143 -0.01844948 0.026729528 0.05017175 0.00068779977
238 -0.028739542 -0.0122940885 0.0421098 0.021788942 0.03506659 0.060523864 0.02264973 -0.022475393 -0.028207187 0.016921436 -0.055367462 -0.058308024 -0.049792692 0.005534428 0.026575118 -0.00760615
124 0.0015070603 -0.06531514 -0.004988248 -0.03933613 0.01129 0.03657406 -0.035366636 -0.06143083 -0.01597895 -0.04522967 -0.037407912 0.04162941 -0.052237645 -0.03466518 0.031051848 0.03164922
431 -0.002590571 0.010986014 -0.040030774 0.055196468 -0.03989548 0.011622334 -0.032523748 0.0006220584 -0.04032496 0.03167363 -0.046958234 0.0081081875 -0.01647868 -0.031952534 0.020998951 0.0072369683
592 0.022788767 -0.031560466 -0.026804447 0.0006232164 0.058940593 -0.011729329 -0.0038958346 0.062025912 0.040089957 0.005679138 -0.018622033 -0.033684216 0.042402502 -0.035533555 0.060175817 0.03698702
399 0.04046576 0.013259143 0.031993568 -0.051116236 -0.007156394 -0.005564355 -0.023187414 -0.054058053 -0.0019113773 0.041786708 -0.005939733 0.04827071 0.014090037 0.041261733 0.048539843 -0.033470087
156 -0.014338537 -0.03729713 -0.05455044 0.047583863 0.04651842 0.06564293 -0.04011812 -0.06035648 -0.03184652 -0.04974157 0.009194661 0.033155087 -0.011634267 0.0129261445 -0.030738715 0.0629554
701 -0.028183183 0.0015341152 0.036686406 -0.02440543 -0.008046286 0.0061134067 -0.04424936 0.037240453 -0.036213003 0.04200965 0.008853329 0.05938394 0.03327886 0.023981104 -0.024870815 -0.029791564
